Date,open,high,low,close,volume
2021-01-12 00:00:00-05:00,196.08933608133657,198.7882399061736,196.06112564303308,198.66598510742188,24892200
2021-01-13 00:00:00-05:00,198.8258440996186,199.1079628247972,196.71938822981463,197.24600219726562,22782200
2021-01-14 00:00:00-05:00,198.64716342203076,202.18300996549976,198.54372037784975,201.1862030029297,33913700
2021-01-15 00:00:00-05:00,198.24279171982303,201.20501654841942,195.84480429166973,198.18637084960938,41043500
2021-01-19 00:00:00-05:00,200.62199029270042,200.87589858677788,199.0985692265452,200.72543334960938,19744300
2021-01-20 00:00:00-05:00,201.58119507829684,203.10461619610726,200.36810314173584,201.60940551757812,25474200
2021-01-21 00:00:00-05:00,202.15483529574274,202.33351098086234,199.3148647750886,199.86029052734375,21180500
2021-01-22 00:00:00-05:00,197.9419225361599,202.4933889012513,197.05795709559325,202.1830596923828,24800200
2021-01-25 00:00:00-05:00,202.11720342362196,204.9195646912599,198.9857299375561,201.9855499267578,33985000
2021-01-26 00:00:00-05:00,203.40553972846197,203.77228977573878,200.08597756104083,200.58438110351562,23969800
2021-01-27 00:00:00-05:00,197.01089849483876,200.2928513251976,194.93263878897432,196.90745544433594,45830300
2021-01-28 00:00:00-05:00,198.27103431030076,199.70982413070342,195.2524024710856,196.2774200439453,32202500
2021-01-29 00:00:00-05:00,197.2271793200489,198.41207502906693,192.62869171148557,193.30577087402344,40591900
2021-02-01 00:00:00-05:00,195.76020379104438,198.95752564809493,193.4938694864785,198.05474853515625,26375100
2021-02-02 00:00:00-05:00,200.4433010694329,201.2896572094351,198.31803354740342,200.87588500976562,22773100
2021-02-03 00:00:00-05:00,200.96052216213246,201.9385318169066,198.9763067645002,201.4777374267578,23923200
2021-02-04 00:00:00-05:00,202.26768724151492,205.7847371938729,202.25828854414524,205.58724975585938,25400800
2021-02-05 00:00:00-05:00,207.76894876129873,208.6152906808148,205.72831223828936,208.43661499023438,23338800
2021-02-08 00:00:00-05:00,210.4490373568101,213.77801279299575,210.08228728494106,213.7592010498047,20831500
2021-02-09 00:00:00-05:00,213.58994376703646,215.93149645803837,212.81882011757057,214.7654266357422,19510900
2021-02-10 00:00:00-05:00,216.21361110839678,216.58977422872934,211.5398901632889,213.35484313964844,27955400
2021-02-11 00:00:00-05:00,214.5397121201723,215.3484448450851,210.10108800425388,213.11032104492188,25847600
2021-02-12 00:00:00-05:00,212.46147320020845,214.16358448316797,211.24838116783067,213.71218872070312,17440200
2021-02-16 00:00:00-05:00,215.79040605685287,215.94087128121114,211.3893915138717,212.36740112304688,22999500
2021-02-17 00:00:00-05:00,210.2797861779667,211.34242731427227,207.78776816265145,210.7029571533203,25042300
2021-02-18 00:00:00-05:00,209.08546467156566,209.6120786487269,206.31132824599172,207.43978881835938,24501500
2021-02-19 00:00:00-05:00,209.19832881174662,212.80940852174228,208.92560876720927,211.7655792236328,31238200
2021-02-22 00:00:00-05:00,210.18573776643157,212.89405491529337,209.68733417294746,210.3926239013672,23272100
2021-02-23 00:00:00-05:00,207.7877719874491,209.6873420627412,202.70967714226248,208.54006958007812,38646800
2021-02-24 00:00:00-05:00,209.34878545755004,213.89085283364878,208.49304486284163,213.46768188476562,27584900
2021-02-25 00:00:00-05:00,213.27021924506926,214.02253121339254,205.01362803705416,205.57786560058594,49961400
2021-02-26 00:00:00-05:00,206.43360432597294,208.9820431601396,202.00437854508993,205.2957305908203,47734200
2021-03-01 00:00:00-05:00,210.15749803613573,213.19495570793353,209.64969581607335,212.59310913085938,26161000
2021-03-02 00:00:00-05:00,212.32982153774893,212.48969983990253,208.342592712042,208.50245666503906,26895400
2021-03-03 00:00:00-05:00,209.1607180807695,210.89102542034092,206.14208610835445,206.2455291748047,33407600
2021-03-04 00:00:00-05:00,205.48378903211375,207.53383846590094,196.9450803800238,200.48094177246094,59126500
2021-03-05 00:00:00-05:00,203.9603826991045,205.14526426365902,194.85745026223393,204.73150634765625,53204300
2021-03-08 00:00:00-05:00,206.28310806806553,209.01963522998716,204.69385316614222,205.7000732421875,40619700
2021-03-09 00:00:00-05:00,209.15129611890868,211.57749421283089,207.75011552905983,210.02584838867188,32247300
2021-03-10 00:00:00-05:00,212.15115459444743,215.3202518273656,211.77499146570767,213.67457580566406,36812000
2021-03-11 00:00:00-05:00,215.86565072113555,218.4329009775351,215.15094804010764,218.37648010253906,25256700
2021-03-12 00:00:00-05:00,218.16023117071296,220.19145475033525,217.57718188518987,219.6648406982422,23732200
2021-03-15 00:00:00-04:00,219.42975452259267,220.54881661094953,218.08500888643775,220.44537353515625,21497400
2021-03-16 00:00:00-04:00,220.0691968602595,220.13501643698154,215.46129557096,216.759033203125,24675000
2021-03-17 00:00:00-04:00,215.32024911196032,218.94074205370816,213.80622661712198,218.4611358642578,29422600
2021-03-18 00:00:00-04:00,217.0411364967557,219.04414933302795,211.2201436586437,211.81259155273438,35637200
2021-03-19 00:00:00-04:00,211.18255919268472,214.97231485015593,209.65912362266442,213.41127014160156,40855600
2021-03-22 00:00:00-04:00,214.1071047434275,214.50207954076785,210.74053506376467,211.80316162109375,26128400
2021-03-23 00:00:00-04:00,209.85661686990122,210.51488443114297,203.15165774452655,204.12025451660156,43660700
2021-03-24 00:00:00-04:00,206.75331757963673,208.13568648886422,199.3994903564453,199.3994903564453,47270200
2021-03-25 00:00:00-04:00,197.23064891682498,204.93748134876986,195.9964286384226,204.12722778320312,59244600
2021-03-26 00:00:00-04:00,206.29417504450603,207.91466771084427,203.4677112787177,207.84872436523438,34452600
2021-03-29 00:00:00-04:00,206.34130450912392,208.1502398854633,201.69648853973501,201.9979705810547,38078800
2021-03-30 00:00:00-04:00,201.9885590221072,206.03039662902648,200.8108655686045,205.39915466308594,36205400
2021-03-31 00:00:00-04:00,206.4920046647145,209.53515974255447,206.44489406343197,208.1596221923828,34800100
2021-04-01 00:00:00-04:00,209.53518557602723,210.94841753191628,209.1771765896431,210.7976837158203,29799200
2021-04-05 00:00:00-04:00,213.3037865710309,213.43568763434675,210.6375018180135,211.95651245117188,27826600
2021-04-06 00:00:00-04:00,211.98482114067798,213.57706498631717,210.89191816807894,211.33473205566406,24907800
2021-04-07 00:00:00-04:00,211.25933927426874,211.39124035405052,207.21750203398838,207.9241180419922,26233700
2021-04-08 00:00:00-04:00,209.0076062922054,209.93092829803757,206.69933002990612,209.6859588623047,23989400
2021-04-09 00:00:00-04:00,209.61999604029057,210.1852802121212,208.44230271213604,209.71420288085938,23267400
2021-04-12 00:00:00-04:00,209.83670123257897,210.03454567393635,207.6508953728391,208.89454650878906,20533900
2021-04-13 00:00:00-04:00,208.66841263415432,209.6953721520323,206.1717085049478,208.34808349609375,24608400
2021-04-14 00:00:00-04:00,209.03585699302124,212.92696047282294,208.96991364014886,210.40199279785156,27362000
2021-04-15 00:00:00-04:00,212.0695835174455,212.0978470064278,209.40328417305147,211.31585693359375,20587300
2021-04-16 00:00:00-04:00,212.3616605704853,212.62546273259406,210.10991144496722,211.65504455566406,23943000
2021-04-19 00:00:00-04:00,210.76945326544146,211.66449743591053,207.21752570088108,208.9039764404297,25285900
2021-04-20 00:00:00-04:00,207.99951806320863,208.80034101306495,202.7894031983091,204.62660217285156,35570800
2021-04-21 00:00:00-04:00,204.46639144631584,209.7424484807454,203.03431245610955,209.62939453125,31147800
2021-04-22 00:00:00-04:00,210.34544722826226,212.2957143029362,208.00890766332282,208.76263427734375,31943700
2021-04-23 00:00:00-04:00,209.93092854805607,213.53936859389265,209.17720187192137,212.7008514404297,27999500
2021-04-26 00:00:00-04:00,213.86909429310856,215.46133786798387,213.63355564300602,214.91488647460938,19069200
2021-04-27 00:00:00-04:00,215.48016835253551,216.12082653081603,214.3495714184027,215.23519897460938,19648100
2021-04-28 00:00:00-04:00,214.88664400067807,216.2150855674393,213.96333642730363,215.60267639160156,16222700
2021-04-29 00:00:00-04:00,217.49641230872987,217.59061915047454,212.7290975808998,214.80184936523438,25500300
2021-04-30 00:00:00-04:00,212.6631852873557,214.62286902120042,211.17457895945034,211.88119506835938,27006000
2021-05-03 00:00:00-04:00,214.06695602348847,214.25538407092967,211.90941390829215,212.9175262451172,18693400
2021-05-04 00:00:00-04:00,211.60793765589491,213.05884947435808,208.17849534520673,210.3737030029297,26892700
2021-05-05 00:00:00-04:00,211.3064728716138,211.5514279389605,208.55538263962848,209.53521728515625,25139500
2021-05-06 00:00:00-04:00,209.7707298604285,209.92147805670572,205.99269483911894,209.71420288085938,27647300
2021-05-07 00:00:00-04:00,209.78015574299457,212.86099106718217,209.30907842265702,212.35223388671875,26172700
2021-05-10 00:00:00-04:00,212.20149903692788,212.61604940507362,206.88774710444306,206.95370483398438,28109100
2021-05-11 00:00:00-04:00,202.48789157595812,207.64147906681328,202.01681421391388,206.29420471191406,39519500
2021-05-12 00:00:00-04:00,204.54178630163335,206.11518288842876,199.30339421708774,199.59547424316406,42113400
2021-05-13 00:00:00-04:00,200.9710072835396,204.8621106114873,199.54835892901005,203.26986694335938,37739900
2021-05-14 00:00:00-04:00,205.33320803832103,208.60248616331978,203.20392910753606,208.23504638671875,25070400
2021-05-17 00:00:00-04:00,207.06680410689629,208.58367408072147,205.29554828311106,208.51773071289062,20048500
2021-05-18 00:00:00-04:00,208.58364635474828,210.3266384497556,206.77471090067564,206.93487548828125,24564500
2021-05-19 00:00:00-04:00,203.53367036594642,205.54046439522898,201.66820816156695,205.3426055908203,31202800
2021-05-20 00:00:00-04:00,205.64408481400193,207.1515235208059,203.8163026231796,206.70870971679688,24932800
2021-05-21 00:00:00-04:00,208.52707359356788,209.50690802505076,206.66161156232167,207.24574279785156,24213700
2021-05-24 00:00:00-04:00,208.3857271774864,209.58226742795662,207.2739917585996,208.59300231933594,18324200
2021-05-25 00:00:00-04:00,209.3750285260924,210.76942779009318,206.5108846515474,206.5768280029297,20514900
2021-05-26 00:00:00-04:00,207.39649783765003,210.7505659318927,207.3870670908697,210.43023681640625,20388200
2021-05-27 00:00:00-04:00,212.0224379019846,213.26608871641332,211.2121844739546,212.59715270996094,21225700
2021-05-28 00:00:00-04:00,213.9444622745017,214.0386691061685,212.03188964039677,212.4558563232422,20668400
2021-06-01 00:00:00-04:00,214.3025136591676,215.33887519996148,212.88928161397064,214.8677978515625,23081500
2021-06-02 00:00:00-04:00,215.6686591518371,215.67807552444512,213.70897543876052,215.12220764160156,18927500
2021-06-03 00:00:00-04:00,213.69956342522366,214.4532757812001,211.0803597964813,213.32269287109375,24811500
2021-06-04 00:00:00-04:00,214.3967046114858,214.86778192496723,213.12480449076918,214.24595642089844,19395800
2021-06-07 00:00:00-04:00,214.7076237370757,217.4304501147794,214.1046453329657,217.11953735351562,24049900
2021-06-08 00:00:00-04:00,217.8355982324008,219.9742790871016,216.67673758079067,219.4184112548828,27770300
2021-06-09 00:00:00-04:00,220.03076013877558,220.12498134117195,217.61884686925404,217.95802307128906,18700600
2021-06-10 00:00:00-04:00,218.60629815812192,219.0780831742412,215.8039084082905,216.34173583984375,29069000
2021-06-11 00:00:00-04:00,217.30416042875225,218.71951534114393,217.08714337355124,218.62515258789062,16707200
2021-06-14 00:00:00-04:00,219.20075002162346,220.18207090953862,217.1532047968064,217.98355102539062,19182800
2021-06-15 00:00:00-04:00,218.0779021115529,218.4081573832451,215.5868777924394,217.3607940673828,17039900
2021-06-16 00:00:00-04:00,216.73798658062404,217.66268098056472,214.79423503886318,216.8983917236328,24527000
2021-06-17 00:00:00-04:00,216.3039620211311,217.20978103292666,211.85031108622434,214.4639892578125,48292500
2021-06-18 00:00:00-04:00,211.07661230029944,213.00150321938784,208.6516448161244,209.59521484375,54023700
2021-06-21 00:00:00-04:00,211.40687396833934,214.66218778263868,210.68032099370882,214.07717895507812,26736400
2021-06-22 00:00:00-04:00,213.5016026758775,215.52084203941763,212.039066195327,215.04905700683594,21188500
2021-06-23 00:00:00-04:00,215.12455414003438,216.98338840490652,215.12455414003438,215.75674438476562,22387500
2021-06-24 00:00:00-04:00,217.13432045369174,218.8233187904507,215.81332823309984,218.804443359375,21732500
2021-06-25 00:00:00-04:00,219.1818548326134,220.23866295493283,218.6723334004699,219.17242431640625,27619000
2021-06-28 00:00:00-04:00,219.13470822479846,219.46494909556336,215.8605190797209,217.436279296875,25006000
2021-06-29 00:00:00-04:00,218.18167733299114,218.65346231193928,215.86050329929785,216.39833068847656,18844300
2021-06-30 00:00:00-04:00,215.74724901259606,217.32302339468902,214.9074723886506,216.42662048339844,26039000
2021-07-01 00:00:00-04:00,217.78539976535615,218.76672067480982,216.7474813545811,218.33267211914062,18089100
2021-07-02 00:00:00-04:00,218.90823475272893,218.98372207864776,215.66235172689565,216.25680541992188,21029700
2021-07-06 00:00:00-04:00,216.41717950510662,216.51154224838595,211.23697589010678,213.11468505859375,27771300
2021-07-07 00:00:00-04:00,212.81277798695825,213.8790167269101,209.28383529335937,211.1332244873047,28521500
2021-07-08 00:00:00-04:00,206.93435172959323,211.43518503795792,205.5567474769343,209.18948364257812,42297900
2021-07-09 00:00:00-04:00,211.5106657939244,213.67143487271008,210.7369314422653,213.6053924560547,23976400
2021-07-12 00:00:00-04:00,212.83162264521258,214.0865723299453,211.87862223698724,213.78463745117188,16831000
2021-07-13 00:00:00-04:00,212.52026844131902,213.00149835897813,209.68012790615916,209.755615234375,25357500
2021-07-14 00:00:00-04:00,211.0860392679703,211.69935397468672,206.21721488392737,206.51914978027344,30594100
2021-07-15 00:00:00-04:00,205.53786273904464,206.69844985235062,202.81094590999288,205.34915161132812,45477000
2021-07-16 00:00:00-04:00,207.42499985401003,207.47218123470046,202.3674639555474,202.82037353515625,36620200
2021-07-19 00:00:00-04:00,198.7441556033487,202.34858555091344,197.25331326139738,199.78207397460938,58571000
2021-07-20 00:00:00-04:00,200.22552594792612,206.8965719201495,199.33856795579754,205.98130798339844,40794600
2021-07-21 00:00:00-04:00,207.06645625952316,209.68014947665046,206.98153840569546,209.5291748046875,28278700
2021-07-22 00:00:00-04:00,208.97243161236426,209.4064657134107,205.30194519458814,206.19833374023438,32879000
2021-07-23 00:00:00-04:00,207.46270147133885,207.53818878821633,204.66974273554007,207.1607666015625,23660300
2021-07-26 00:00:00-04:00,207.95335952873663,209.51968894169391,206.7833277266962,207.7646484375,22194200
2021-07-27 00:00:00-04:00,206.6512374812099,206.7172942847596,203.22608855347465,205.3396759033203,35063600
2021-07-28 00:00:00-04:00,206.64184170993514,210.02925474643578,205.13212386528852,208.35914611816406,33043700
2021-07-29 00:00:00-04:00,210.21794932879322,211.7748484330983,209.60463460141366,209.96319580078125,22634800
2021-07-30 00:00:00-04:00,209.14228999178334,211.4068666872808,207.8496036666036,208.57615661621094,28473000
2021-08-02 00:00:00-04:00,209.91600831758765,211.87863554495533,207.24570362640765,207.5382080078125,24192600
2021-08-03 00:00:00-04:00,208.17038862469283,208.64217357898522,204.84903291284314,208.3968505859375,27798600
2021-08-04 00:00:00-04:00,206.7362331716487,208.71772192034643,205.59450691346174,205.80209350585938,25588500
2021-08-05 00:00:00-04:00,206.72672616193395,209.8876910894892,206.33985904705412,209.50082397460938,23915200
2021-08-06 00:00:00-04:00,211.12380445553364,212.50142310117502,209.6046560576201,210.78411865234375,24429200
2021-08-09 00:00:00-04:00,210.34064324319704,210.59541119947883,208.72714644813195,209.62353515625,17225600
2021-08-10 00:00:00-04:00,210.07643275559138,210.62370510554516,208.70825907957501,210.0386962890625,22681600
2021-08-11 00:00:00-04:00,210.43497903639323,211.1049056533027,208.028872729966,211.06716918945312,25691300
2021-08-12 00:00:00-04:00,211.13322627902076,211.20871360970307,209.19891922151464,210.5670928955078,23269500
2021-08-13 00:00:00-04:00,210.3972377333181,210.69918704877293,208.24589925277763,208.65164184570312,20813700
2021-08-16 00:00:00-04:00,207.36836655167983,207.83070660060955,205.36798851922617,206.70787048339844,24074400
2021-08-17 00:00:00-04:00,204.43385972950517,205.16984310595083,201.68806784167808,204.1885223388672,35161500
2021-08-18 00:00:00-04:00,203.90545365410816,205.73596709872706,202.2730674207415,202.40516662597656,29102300
2021-08-19 00:00:00-04:00,200.44257998081204,201.99004869367337,198.7913323836717,199.98023986816406,38119900
2021-08-20 00:00:00-04:00,200.13119256533926,203.82998504921164,199.48955751119865,203.3582000732422,31759500
2021-08-23 00:00:00-04:00,205.20756772982773,207.5287559046894,205.16983127068636,207.226806640625,25778800
2021-08-24 00:00:00-04:00,207.8873494749263,209.39705283747605,207.29289576718193,209.26495361328125,18677900
2021-08-25 00:00:00-04:00,209.25553204745205,211.3313832583381,208.38744933736285,210.00094604492188,21548000
2021-08-26 00:00:00-04:00,209.60460618423323,210.5670514638895,207.34004430028912,207.77407836914062,22380300
2021-08-27 00:00:00-04:00,208.19872483179483,214.21870633084419,208.1232518981442,213.63369750976562,33998500
2021-08-30 00:00:00-04:00,214.42628752125677,214.52065028256072,212.28437953973338,212.75616455078125,20733300
2021-08-31 00:00:00-04:00,212.52972022840385,213.822406571279,211.67106803963537,213.1713409423828,20839800
2021-09-01 00:00:00-04:00,214.0299668164725,215.3604038599688,212.1805634371016,214.6055450439453,20451500
2021-09-02 00:00:00-04:00,215.4453242140539,216.87010962761258,214.75652219533848,216.0963897705078,22810100
2021-09-03 00:00:00-04:00,215.36985088677486,216.04922243350487,214.3696689979044,215.09622192382812,18213100
2021-09-07 00:00:00-04:00,214.86972623277504,216.0774944824302,213.48267740895125,213.61477661132812,19153400
2021-09-08 00:00:00-04:00,212.87883056708955,213.21851634665498,210.0669959681922,211.28419494628906,25241500
2021-09-09 00:00:00-04:00,210.92562148498533,213.52043886221074,210.37836358088634,211.18038940429688,27180500
2021-09-10 00:00:00-04:00,212.45421358417494,212.57686788732306,209.0196195390658,209.1139678955078,24366100
2021-09-13 00:00:00-04:00,210.6142820731193,210.77468725760576,207.82130832543285,210.3029022216797,34693100
2021-09-14 00:00:00-04:00,211.12377397976954,211.14264940992675,206.70787357347405,207.6231231689453,30312600
2021-09-15 00:00:00-04:00,207.60425365671668,210.17076493934604,207.07585681577547,209.50082397460938,27572000
2021-09-16 00:00:00-04:00,209.71785210212315,210.73690937681494,207.8307122003387,209.6518096923828,22369000
2021-09-17 00:00:00-04:00,209.1140051958515,210.44444251929156,208.18931051046377,209.92547607421875,39957600
2021-09-20 00:00:00-04:00,205.1793135191227,206.63241952277954,202.1315861549144,204.93399047851562,44958500
2021-09-21 00:00:00-04:00,206.42479319779392,206.91543918452007,203.64126484343774,205.24533081054688,26711200
2021-09-22 00:00:00-04:00,206.52859985507067,209.99149992083392,206.51915494081038,208.43460083007812,32100300
2021-09-23 00:00:00-04:00,209.64236877688992,212.91655772075424,209.05736000345385,212.12396240234375,31057800
2021-09-24 00:00:00-04:00,211.0725299255434,212.3407409008423,209.9557365648111,211.10092163085938,28866000
2021-09-27 00:00:00-04:00,211.64034498724325,215.482842539834,211.55516988477186,214.3092803955078,29743200
2021-09-28 00:00:00-04:00,213.33442972709474,213.5142534342312,209.01871852122574,209.4351348876953,39938200
2021-09-29 00:00:00-04:00,210.36269029450003,210.7317968731776,208.37518444540262,208.99037170410156,23628900
2021-09-30 00:00:00-04:00,210.220709664481,210.68446486336845,206.88929149082728,207.03125,33153600
2021-10-01 00:00:00-04:00,208.16696625064276,211.52679064581582,206.07536714618033,210.3721466064453,32647000
2021-10-04 00:00:00-04:00,210.23961727231693,210.40998190441394,207.20157556519857,208.4603271484375,32580200
2021-10-05 00:00:00-04:00,209.12285832136908,211.11034960736734,208.1007137565613,209.1796417236328,20407600
2021-10-06 00:00:00-04:00,207.04072643740514,208.40358600509026,205.14786913592138,208.0912628173828,32893300
2021-10-07 00:00:00-04:00,209.66233460271397,212.89911880525642,209.51090255501077,211.29965209960938,24289300
2021-10-08 00:00:00-04:00,211.42265848978033,212.10408815365452,209.63390923244876,209.70962524414062,17989600
2021-10-11 00:00:00-04:00,209.94625063552922,211.57410892518553,208.45089176752617,208.50767517089844,15929800
2021-10-12 00:00:00-04:00,209.01874192217474,210.5519514850302,208.55498675402634,209.65284729003906,18800600
2021-10-13 00:00:00-04:00,210.00305795488595,210.76966287042328,208.05341719651804,210.64663696289062,19676200
2021-10-14 00:00:00-04:00,212.70981058348065,213.89284623744885,212.30285325036513,213.76980590820312,18160000
2021-10-15 00:00:00-04:00,215.76677560110457,216.17374738487462,213.0032059832359,213.0978546142578,27555300
2021-10-18 00:00:00-04:00,211.88642072271034,213.58998049794062,211.74444778053908,212.9748077392578,19082600
2021-10-19 00:00:00-04:00,213.87391362340645,214.72570795907546,212.57731116789034,213.76980590820312,15498400
2021-10-20 00:00:00-04:00,213.86447410664292,215.76679041340728,213.06000401179054,215.18946838378906,18130500
2021-10-21 00:00:00-04:00,215.01909234456866,216.74158469800722,214.4796211699298,215.73837280273438,17851600
2021-10-22 00:00:00-04:00,215.59644729054799,216.1548367227674,213.59948228054608,215.2273406982422,16887000
2021-10-25 00:00:00-04:00,215.58696550175713,217.6596464565836,215.10429211226713,217.27162170410156,16387100
2021-10-26 00:00:00-04:00,217.70694277319515,218.35998073703362,215.59641129983888,215.63426208496094,25290200
2021-10-27 00:00:00-04:00,215.00960769382866,215.27462094507717,211.52675794013095,211.66871643066406,27088500
2021-10-28 00:00:00-04:00,212.75712506902175,216.03175952076737,212.7287333699464,215.88980102539062,22890600
2021-10-29 00:00:00-04:00,215.59640070339648,216.57122083759484,214.80140428273313,215.8330078125,20777700
2021-11-01 00:00:00-04:00,216.9687374513323,221.63462310676772,216.62802260766955,221.42642211914062,35500800
2021-11-02 00:00:00-04:00,221.82390949412013,222.26873203047728,220.18657784269809,221.89015197753906,24949700
2021-11-03 00:00:00-04:00,221.60621347801265,226.96300191502732,221.38853898036314,225.85568237304688,47648500
2021-11-04 00:00:00-04:00,226.65069465031874,228.03248662374358,224.83355365114363,225.77052307128906,26514000
2021-11-05 00:00:00-04:00,228.25018227361022,230.36071399457327,227.3321453821557,228.85589599609375,42041700
2021-11-08 00:00:00-05:00,230.6824821993572,231.36391185815413,228.96943452512866,229.56568908691406,31324500
2021-11-09 00:00:00-05:00,229.03570170752909,229.5373076675307,226.7074811954803,228.23123168945312,29895900
2021-11-10 00:00:00-05:00,227.21857261030908,228.6192828490462,223.6505328611002,224.63482666015625,32471600
2021-11-11 00:00:00-05:00,225.54337019178996,227.50248408969176,224.9281974524208,226.44247436523438,17987500
2021-11-12 00:00:00-05:00,227.06711492038454,227.34158726158262,225.95033626682618,226.66961669921875,20526700
2021-11-15 00:00:00-05:00,227.68231269763754,227.86212198310216,224.82409456496745,225.77052307128906,27390000
2021-11-16 00:00:00-05:00,225.022833239725,226.54658369072268,224.25622847120587,226.18695068359375,21925200
2021-11-17 00:00:00-05:00,225.3067952295262,225.37305216485376,222.5337663015402,223.2246551513672,26527800
2021-11-18 00:00:00-05:00,224.22785403555304,224.3698269852095,220.56518010780704,222.27821350097656,30637300
2021-11-19 00:00:00-05:00,220.7733766896686,221.86176367063175,219.94051500182385,220.25283813476562,33994000
2021-11-22 00:00:00-05:00,221.6725152010263,223.11109076432854,219.21179498285312,219.31590270996094,31042100
2021-11-23 00:00:00-05:00,218.99408503382836,220.51783546166823,216.37247410514743,218.9373016357422,33843800
2021-11-24 00:00:00-05:00,217.10126912516313,219.5619894107393,216.29679898989835,219.1739501953125,24099300
2021-11-26 00:00:00-05:00,212.9085706312521,214.05374107705666,207.8735638685261,210.91160583496094,62595400
2021-11-29 00:00:00-05:00,214.1010573613791,214.60266331326395,209.3878474543513,210.7790985107422,45982400
2021-11-30 00:00:00-05:00,208.83892735235392,209.9746387243194,204.31500003772143,206.48231506347656,64908400
2021-12-01 00:00:00-05:00,211.2144366049931,212.19873028551623,201.73121944071588,201.8353271484375,69120100
2021-12-02 00:00:00-05:00,202.88587358048673,208.15748727439973,202.3653494568841,207.4665985107422,64315700
2021-12-03 00:00:00-05:00,208.48874616184136,208.57393570972698,201.3148302122296,203.2076873779297,64425200
2021-12-06 00:00:00-05:00,204.939635694768,208.8673229155201,202.2612555565788,207.2867889404297,43878300
2021-12-07 00:00:00-05:00,210.2396287747264,213.93069418966033,210.08819674710014,212.09463500976562,44679200
2021-12-08 00:00:00-05:00,212.56785857964647,214.4039178399959,211.11035052224452,213.5426788330078,36546400
2021-12-09 00:00:00-05:00,211.95266378434678,213.71302140603336,208.66855567054787,208.7064208984375,34830300
2021-12-10 00:00:00-05:00,210.29641962621062,210.91160684473294,206.624286694953,208.1291046142578,32924600
2021-12-13 00:00:00-05:00,207.3184088867192,207.94495272787645,203.86294442442883,205.08753967285156,33478400
2021-12-14 00:00:00-05:00,203.7015532232835,206.492507919361,202.49593368421677,203.3218231201172,36543500
2021-12-15 00:00:00-05:00,203.3503206527944,207.10006679362496,200.37899589383986,206.54946899414062,51261000
2021-12-16 00:00:00-05:00,208.32461839251062,208.75180200528806,201.48963713241264,202.3724822998047,52743800
2021-12-17 00:00:00-05:00,201.4422297913327,206.33115223527173,199.63855866691185,204.23318481445312,62620900
2021-12-20 00:00:00-05:00,201.3377787672707,202.14469254809705,198.1765963280605,201.3662567138672,49993000
2021-12-21 00:00:00-05:00,203.34079490168412,207.31837865151684,201.30928610999456,207.1190185546875,38545300
2021-12-22 00:00:00-05:00,206.82475437380808,209.17903754536536,206.12227903579145,209.11257934570312,32442000
2021-12-23 00:00:00-05:00,209.84353926995365,211.50482037672856,209.1695274188503,210.78334045410156,22125400
2021-12-27 00:00:00-05:00,211.06812977828505,212.8718150601528,209.41635101310106,212.7578887939453,24196700
2021-12-28 00:00:00-05:00,212.44462093734418,214.2862720193705,211.0776360839392,211.4573516845703,23120300
2021-12-29 00:00:00-05:00,211.42887991806248,212.15984768012356,210.0428904133305,211.68519592285156,19444400
2021-12-30 00:00:00-05:00,211.63769139096468,214.00144746442965,211.40985337204413,211.62818908691406,23607700
2021-12-31 00:00:00-05:00,211.21054189740607,212.75789675954488,211.11560575288235,211.1725616455078,23997400
2022-01-03 00:00:00-05:00,212.3687153467116,215.19763602707084,211.43838738664692,213.8970947265625,30618800
2022-01-04 00:00:00-05:00,214.5425886592429,215.61530623781007,212.05541815165006,213.5742950439453,22013100
2022-01-05 00:00:00-05:00,213.46987066821475,214.45715440725968,206.30264092343833,206.34060668945312,40582100
2022-01-06 00:00:00-05:00,206.77729041806137,209.24547076838195,204.87868346309713,207.5177459716797,39105900
2022-01-07 00:00:00-05:00,207.51773381294427,209.20749274503953,204.98308092958072,205.11599731445312,31583900
2022-01-10 00:00:00-05:00,203.88190243142304,204.4704659248149,200.40744838899457,204.40402221679688,45778100
2022-01-11 00:00:00-05:00,204.55592073887402,206.78678983010252,202.16368627087596,206.57794189453125,35209900
2022-01-12 00:00:00-05:00,207.4418217301868,208.25822338592704,203.75851921565322,205.0400848388672,35284500
2022-01-13 00:00:00-05:00,205.8184989863239,207.12854251186522,202.5623947844289,203.1604461669922,34489600
2022-01-14 00:00:00-05:00,201.24285955949404,203.53067004688535,199.9043381122582,203.4452362060547,42020900
2022-01-18 00:00:00-05:00,201.44222974210896,201.67006783065105,197.00898347644872,197.2937774658203,49434400
2022-01-19 00:00:00-05:00,198.2240465343731,198.84110245386532,194.01863930015008,194.0850830078125,46209100
2022-01-20 00:00:00-05:00,194.9679574522829,198.39494366646346,190.17397188055787,190.5726776123047,50466000
2022-01-21 00:00:00-05:00,189.63284060943278,192.72757894178093,187.00328063964844,187.00328063964844,85821000
2022-01-24 00:00:00-05:00,184.23134458683666,192.12954249129277,181.53531152993878,191.31314086914062,85782000
2022-01-25 00:00:00-05:00,188.41774115182392,191.47449936207622,184.69647343613,188.75949096679688,61088500
2022-01-26 00:00:00-05:00,191.55047026044343,193.2307416094572,183.89908592112968,186.03501892089844,71471700
2022-01-27 00:00:00-05:00,187.61086854148778,189.49048554788467,180.93726562571823,181.8106231689453,59829000
2022-01-28 00:00:00-05:00,181.98145628708238,185.408442091607,178.5544704825578,185.3514862060547,65870000
2022-01-31 00:00:00-05:00,184.5351217589375,191.03785705566406,184.02250420084087,191.03785705566406,53393800
2022-02-01 00:00:00-05:00,191.43654100391254,193.2497141058613,187.93360888623582,193.05035400390625,43429400
2022-02-02 00:00:00-05:00,193.29716215298225,193.56296595782587,189.1866765124223,191.13275146484375,42777800
2022-02-03 00:00:00-05:00,188.75950015597758,191.0378371951181,187.0602533032527,187.5159149169922,39629400
2022-02-04 00:00:00-05:00,187.05076767582358,189.95564874612555,185.03824875758005,188.32284545898438,34291100
2022-02-07 00:00:00-05:00,188.37026834975376,190.96187708368467,187.95258701770092,189.2531280517578,33242600
2022-02-08 00:00:00-05:00,189.35758677145606,192.82253905369973,189.25316279796587,192.4807891845703,28341900
2022-02-09 00:00:00-05:00,194.19900179522674,196.17354010299186,193.9426858236031,196.1355743408203,27329300
2022-02-10 00:00:00-05:00,192.61368023847896,198.45190563291592,191.87322464468264,193.12631225585938,44788100
2022-02-11 00:00:00-05:00,193.3256543921263,195.61347933211397,189.56642059696426,191.17074584960938,41516600
2022-02-14 00:00:00-05:00,191.4080908592944,193.21176191798307,189.13925581862986,190.50624084472656,32262700
2022-02-15 00:00:00-05:00,192.49978026565373,195.85082076986174,192.35739052165408,195.61349487304688,25847500
2022-02-16 00:00:00-05:00,194.89202444009834,196.7621536185938,193.73387293406898,196.02169799804688,30104800
2022-02-17 00:00:00-05:00,194.18001969991374,194.63568129091271,190.60114170933267,190.99984741210938,27140200
2022-02-18 00:00:00-05:00,190.83843950341105,192.4427643834455,188.68351697616117,189.35752868652344,36255400
2022-02-22 00:00:00-05:00,188.41775782602923,190.28788691162717,185.44644767048692,186.69003295898438,31847100
2022-02-23 00:00:00-05:00,188.1899401604311,188.8164694919777,182.78840066643693,183.19659423828125,31491500
2022-02-24 00:00:00-05:00,178.77284423021274,188.4177568978322,178.3931141344973,188.00006103515625,52221100
2022-02-25 00:00:00-05:00,188.617133886827,192.34789006778118,187.01280849127122,192.23397827148438,33656200
2022-02-28 00:00:00-05:00,190.30686942981356,194.22749742997303,190.2973816097115,193.01239013671875,34975900
2022-03-01 00:00:00-05:00,192.38586219042722,193.45856535906253,187.77224632753902,189.37657165527344,40638900
2022-03-02 00:00:00-05:00,190.65811676540116,194.8920168666358,190.51572703053031,193.88575744628906,29978600
2022-03-03 00:00:00-05:00,194.69266747308737,194.71165760052324,190.13600739842417,191.5884552001953,30142700
2022-03-04 00:00:00-05:00,189.5759382574585,190.67713398097905,186.99383114000133,188.5886688232422,31610400
2022-03-07 00:00:00-05:00,189.12023201770978,189.47146965438864,183.86108286111977,183.89906311035156,39279800
2022-03-08 00:00:00-05:00,184.48762653091748,189.4524939374225,183.65224935603243,184.91481018066406,45715800
2022-03-09 00:00:00-05:00,188.1709627596651,190.8100256370209,187.601374799495,190.12652587890625,29048000
2022-03-10 00:00:00-05:00,187.40202794882825,189.89868657748605,186.59511409130988,189.78477478027344,25661000
2022-03-11 00:00:00-05:00,190.60115172094234,191.53146507628742,186.48117809062114,186.7564697265625,24990000
2022-03-14 00:00:00-04:00,187.2406206369117,187.43047843285285,182.15235348549328,182.94027709960938,34969500
2022-03-15 00:00:00-04:00,183.65225303028868,185.86411733648498,183.10165528740515,185.85462951660156,25464300
2022-03-16 00:00:00-04:00,187.52537295180423,191.7023162841797,186.20584190591094,191.7023162841797,31869700
2022-03-17 00:00:00-04:00,190.59165079841793,194.80656028115234,190.14547703428573,194.7116241455078,25783100
2022-03-18 00:00:00-04:00,193.8572795226013,196.9330136779593,193.6579194085359,196.76214599609375,37092200
2022-03-21 00:00:00-04:00,196.69573275275616,197.62604636550694,193.60100776368085,195.02496337890625,26747500
2022-03-22 00:00:00-04:00,195.85079531037664,198.2050638448761,195.36665575849003,196.98046875,24699900
2022-03-23 00:00:00-04:00,195.69892127129177,196.69569289702244,193.4205985426696,193.56298828125,19775000
2022-03-24 00:00:00-04:00,194.40004261196296,195.8458099178056,192.830604103146,195.7887420654297,19781200
2022-03-25 00:00:00-04:00,196.02650453031703,196.53062316759704,194.45708077481413,196.05503845214844,19430400
2022-03-28 00:00:00-04:00,195.5604413251614,196.14065526012067,193.11592891459236,196.1216278076172,18999100
2022-03-29 00:00:00-04:00,197.84324061468462,201.8857106753212,197.72910492794273,201.37208557128906,29550600
2022-03-30 00:00:00-04:00,201.04866633175638,201.40060887013678,196.52110532757848,197.32960510253906,26251500
2022-03-31 00:00:00-04:00,197.01574261796728,198.7088231620471,195.13241656347378,195.24656677246094,26771600
2022-04-01 00:00:00-04:00,196.11212556471946,197.5769347598938,194.99925896286877,197.43426513671875,25948500
2022-04-04 00:00:00-04:00,197.71960500334654,198.25225761646453,195.82678693270904,197.75765991210938,20333900
2022-04-05 00:00:00-04:00,197.80519391713133,199.21292055894276,192.62130909957682,193.077880859375,26509800
2022-04-06 00:00:00-04:00,191.44190695781967,191.94602567814601,188.97836669555582,190.3385467529297,34903900
2022-04-07 00:00:00-04:00,190.33853025176165,191.40383545312295,187.07601130205046,189.72027587890625,29291200
2022-04-08 00:00:00-04:00,189.49200097170066,190.5287723091825,187.85598816682304,188.20791625976562,25249600
2022-04-11 00:00:00-04:00,187.49455121607065,189.520547155009,186.3151101737338,186.94287109375,33702300
2022-04-12 00:00:00-04:00,188.99734136683415,191.831821882383,186.82867647390523,187.5325469970703,33699800
2022-04-13 00:00:00-04:00,188.02718404162437,191.61309720147736,187.96060972224151,191.09947204589844,22303600
2022-04-14 00:00:00-04:00,191.28968313547142,192.48815138286636,189.15905840418688,189.2446746826172,27107000
2022-04-18 00:00:00-04:00,188.76908610235145,189.45391471990257,186.93332160747065,187.9700927734375,22246400
2022-04-19 00:00:00-04:00,188.19840331174694,192.36453048702322,188.03670623369814,191.7177276611328,22786700
2022-04-20 00:00:00-04:00,193.134992818575,193.91494435409743,192.00309865693592,192.4501495361328,20516200
2022-04-21 00:00:00-04:00,194.25737123163034,194.7995448922185,187.39944626484674,188.141357421875,31547700
2022-04-22 00:00:00-04:00,187.25673430329022,187.73231905197633,182.90037626368198,183.27133178710938,35686900
2022-04-25 00:00:00-04:00,181.6638258138481,184.63146931982774,179.97074565839137,184.38417053222656,35556500
2022-04-26 00:00:00-04:00,182.92891331033272,183.29986881066094,178.32524219931082,178.5725555419922,40513600
2022-04-27 00:00:00-04:00,178.50598018335202,180.512948429812,177.16482769109075,177.83065795898438,37808000
2022-04-28 00:00:00-04:00,179.9327421732483,182.0538462075803,175.69053410458426,181.15023803710938,37405200
2022-04-29 00:00:00-04:00,180.33220289722237,182.36770483080667,175.5002606080135,175.9187774658203,41193400
2022-05-02 00:00:00-04:00,175.87123605943364,178.64866379225063,173.47429935137302,177.76406860351562,38002100
2022-05-03 00:00:00-04:00,177.7925914485607,180.25611683517906,176.6131361083096,179.2859344482422,30246300
2022-05-04 00:00:00-04:00,179.81861379156288,184.46031151885072,176.62268339040435,184.07034301757812,38834700
2022-05-05 00:00:00-04:00,182.17750723485443,182.20604116096118,174.4254810170101,176.60365295410156,41468700
2022-05-06 00:00:00-04:00,175.92832366119302,176.3658535198265,171.73366252661134,173.66453552246094,45457900
2022-05-09 00:00:00-04:00,171.0773500406798,173.73110660913952,165.5986188434463,166.3595428466797,53682200
2022-05-10 00:00:00-04:00,168.89917850196716,170.17374217449174,162.84021879495415,166.4071044921875,53650800
2022-05-11 00:00:00-04:00,166.57831249213984,169.48888872310437,161.98416224992744,162.26951599121094,64377800
2022-05-12 00:00:00-04:00,161.53710117678511,165.82686995204685,160.65250608638792,164.17184448242188,52967400
2022-05-13 00:00:00-04:00,166.4926839902185,170.6493041025839,166.46415006955385,169.37474060058594,36517000
2022-05-16 00:00:00-04:00,168.8325952339747,170.67786648435703,167.53900406459192,168.56626892089844,28225500
2022-05-17 00:00:00-04:00,171.6004993930976,173.911834397927,170.24984039425033,173.7216033935547,31833700
2022-05-18 00:00:00-04:00,171.6575522164359,172.5516538237825,166.5497769020039,167.6341094970703,36093800
2022-05-19 00:00:00-04:00,166.3500101852269,170.0785923660598,166.3500101852269,167.90992736816406,33627700
2022-05-20 00:00:00-04:00,169.7837466600818,170.23079746224306,163.40139327075588,167.48191833496094,42243700
2022-05-23 00:00:00-04:00,169.19404687220856,170.22131174408622,166.93025866305064,169.5079345703125,24644100
2022-05-24 00:00:00-04:00,167.94801096113108,168.29041805895176,163.9150469270207,166.99684143066406,26861800
2022-05-25 00:00:00-04:00,166.34050896730707,171.001233212049,166.27392014287406,170.00250244140625,27950100
2022-05-26 00:00:00-04:00,171.06783202848143,174.82494846730984,170.92514790223078,173.7976837158203,25702700
2022-05-27 00:00:00-04:00,174.78692008433754,178.48696923960298,174.44449844854734,178.4774627685547,24952100
2022-05-31 00:00:00-04:00,177.7830768032057,178.5154667945018,175.1007721170771,176.26119995117188,29794500
2022-06-01 00:00:00-04:00,177.17431076649675,177.81159246014005,172.89404888770798,175.262451171875,28352100
2022-06-02 00:00:00-04:00,175.5763799313887,179.54275512695312,175.1768904707234,179.54275512695312,24876000
2022-06-03 00:00:00-04:00,178.1445461919472,178.78184258953905,176.7177918064116,177.92578125,18972100
2022-06-06 00:00:00-04:00,180.04687174297223,180.0658991971739,177.7070028554936,178.6962127685547,24678700
2022-06-07 00:00:00-04:00,177.30749051411453,181.61628671501498,176.82238483360302,181.57823181152344,21661600
2022-06-08 00:00:00-04:00,180.68416837323574,181.38802452914626,177.92576805750707,178.77230834960938,21521700
2022-06-09 00:00:00-04:00,177.90829618701264,178.40421188044647,175.02819001814834,175.06634521484375,21697200
2022-06-10 00:00:00-04:00,172.14807302533066,173.1399043498361,169.42055871085515,170.3170166015625,37153600
2022-06-13 00:00:00-04:00,165.58680607549232,166.8551971892721,161.44784023770512,162.31568908691406,39712700
2022-06-14 00:00:00-04:00,162.7638812677391,163.30748357298458,159.96961757105746,161.5336456298828,30282400
2022-06-15 00:00:00-04:00,163.27887435537508,165.99684222408604,160.8469976450983,163.8987579345703,32150500
2022-06-16 00:00:00-04:00,160.0649966201825,160.61813051647127,155.2393977773184,156.30751037597656,43810600
2022-06-17 00:00:00-04:00,156.86061274341813,159.75979571696092,156.11674668287725,157.52818298339844,40327300
2022-06-21 00:00:00-04:00,160.1985130622813,162.20123876630254,159.08271373070707,160.35110473632812,34665400
2022-06-22 00:00:00-04:00,158.27212101888756,161.41924108517014,157.70944095709874,160.04595947265625,29303500
2022-06-23 00:00:00-04:00,160.39875588121464,162.34424836205176,158.83472794895272,161.96278381347656,27089800
2022-06-24 00:00:00-04:00,163.28840454348602,166.98867204972632,162.98322124106008,166.9791259765625,37138500
2022-06-27 00:00:00-04:00,167.53226523446574,168.79112456990998,166.11128272132478,167.59902954101562,24745400
2022-06-28 00:00:00-04:00,168.7339005498514,169.8973865226454,164.36607694280218,164.451904296875,25909200
2022-06-29 00:00:00-04:00,164.55679692880707,164.69984250822057,161.1426350980425,162.782958984375,21292500
2022-06-30 00:00:00-04:00,160.40833477086449,163.37426835049695,159.03503870735128,161.5146026611328,31466300
2022-07-01 00:00:00-04:00,161.2189586772601,163.87970877597004,159.8933493893825,163.46963500976562,24598600
2022-07-05 00:00:00-04:00,160.86611752724244,164.8906328332133,159.00645158063173,164.82388305664062,25151100
2022-07-06 00:00:00-04:00,164.46145214387272,165.66309342793923,161.88652940249855,163.6031494140625,25697600
2022-07-07 00:00:00-04:00,164.85245775976045,167.82792265303092,164.84292623708208,167.47506713867188,24822500
2022-07-08 00:00:00-04:00,166.9600773123179,168.7911336287374,165.60584448110546,167.4559783935547,20547000
2022-07-11 00:00:00-04:00,166.1875771202749,166.8646934937182,163.650809980078,164.08949279785156,22031500
2022-07-12 00:00:00-04:00,163.59362049924252,165.32931829076244,162.65902183177909,163.52687072753906,23864200
2022-07-13 00:00:00-04:00,161.3142992131984,164.2993099280896,160.97097525061685,163.3837890625,25535600
2022-07-14 00:00:00-04:00,160.8660826146493,162.12494209111287,159.28299129841267,161.705322265625,25102200
2022-07-15 00:00:00-04:00,163.59360685978226,165.31977298341138,161.466913035436,165.07180786132812,34935900
2022-07-18 00:00:00-04:00,167.01729143184878,168.123544591292,164.0894989709849,164.6044921875,23031500
2022-07-19 00:00:00-04:00,166.6548829618702,170.6031010662712,166.56905561332565,170.41236877441406,24234600
2022-07-20 00:00:00-04:00,170.37422106880894,173.3878408891288,170.13580205552935,173.08267211914062,26049300
2022-07-21 00:00:00-04:00,172.0908763746211,174.04591559719773,170.56500310603167,173.96961975097656,21709900
2022-07-22 00:00:00-04:00,174.4082954282374,174.76115093995284,169.8020379710085,171.19439697265625,25116100
2022-07-25 00:00:00-04:00,171.70939622385276,172.53908982983967,170.16443094298384,172.08132934570312,19267200
2022-07-26 00:00:00-04:00,171.45187163031667,171.86195988094835,170.2693081411721,171.02272033691406,19391200
2022-07-27 00:00:00-04:00,172.1194334143398,175.71479586284744,171.66167302747647,174.91371154785156,21670700
2022-07-28 00:00:00-04:00,175.7815664425909,177.5172491870668,173.34014367093755,177.3169708251953,22838500
2022-07-29 00:00:00-04:00,177.42189694548992,179.0336118982831,176.46822083632875,178.5758514404297,21760600
2022-08-01 00:00:00-04:00,177.1835001213001,179.59631436761802,175.68623600930303,178.5091094970703,23905600
2022-08-02 00:00:00-04:00,177.83195525527321,180.26383183398508,176.8878108276961,178.33740234375,17492600
2022-08-03 00:00:00-04:00,179.577209817799,181.3415018448849,178.94778010887566,180.9600372314453,19157700
2022-08-04 00:00:00-04:00,181.04587475859847,181.23660707603443,179.71073398460382,180.57858276367188,14838900
2022-08-05 00:00:00-04:00,178.78566722828123,182.1712204375318,178.49956147573528,181.96141052246094,18540300
2022-08-08 00:00:00-04:00,183.24885684870225,185.61398405480395,183.0009063013278,183.88783264160156,22188700
2022-08-09 00:00:00-04:00,183.1439459275306,183.26792847314886,180.3973687435369,181.37965393066406,18247300
2022-08-10 00:00:00-04:00,184.66031453360293,186.87283559807838,184.16439886924312,186.55812072753906,20796400
2022-08-11 00:00:00-04:00,188.27474415277794,190.28700141526755,186.95866640659764,187.2543182373047,23727600
2022-08-12 00:00:00-04:00,188.2079922995832,191.14530200897195,187.47365759626447,191.07855224609375,21726600
2022-08-15 00:00:00-04:00,189.59082726896108,191.84150363316272,189.03769333898552,191.75567626953125,17414800
2022-08-16 00:00:00-04:00,191.21209097484294,192.6330738472215,189.81018570229324,191.6793975830078,18833100
2022-08-17 00:00:00-04:00,189.51449831404884,190.0962412635854,187.28289993790185,188.45591735839844,22428000
2022-08-18 00:00:00-04:00,188.71342924148266,190.01996082743875,187.77881619640095,189.7052459716797,18368100
2022-08-19 00:00:00-04:00,187.71207821311123,187.97910637076,185.07993727974053,185.633056640625,27416400
2022-08-22 00:00:00-04:00,183.0962759022764,183.4395998732748,181.20798678581414,181.80880737304688,22937000
2022-08-23 00:00:00-04:00,182.09488437295457,183.99269016010504,181.57035970115174,182.1044158935547,20069800
2022-08-24 00:00:00-04:00,181.9518760888483,184.34561266795637,181.35106997720038,183.49684143066406,16038300
2022-08-25 00:00:00-04:00,184.42189704795211,186.3959990954316,184.04041785988,186.3483123779297,14795000
2022-08-26 00:00:00-04:00,186.29108867690357,186.38646210911168,179.9205392182434,180.2257080078125,24177200
2022-08-29 00:00:00-04:00,178.28974048460728,180.23524783950282,177.8796667545898,178.56631469726562,19753300
2022-08-30 00:00:00-04:00,179.11946334158813,179.300649588341,175.03771598933167,176.06768798828125,22548900
2022-08-31 00:00:00-04:00,176.3728994892286,177.13584344930266,174.70396594304276,174.99960327148438,22412500
2022-09-01 00:00:00-04:00,173.35925228340608,173.46415724373904,170.61266026882964,173.09222412109375,30706600
2022-09-02 00:00:00-04:00,175.09494055342162,175.42871846254158,170.84153867721395,171.74752807617188,27468200
2022-09-06 00:00:00-04:00,172.33883469197127,172.69169023382722,169.2775276482655,170.0500030517578,23837100
2022-09-07 00:00:00-04:00,169.7257598037674,174.01730283842636,169.68760460548157,173.75027465820312,24781200
2022-09-08 00:00:00-04:00,172.31973843706973,175.27612564335038,171.29929801566394,175.19984436035156,25273200
2022-09-09 00:00:00-04:00,176.7543622524136,178.9382891322454,176.52548925326653,178.71893310546875,23208800
2022-09-12 00:00:00-04:00,179.86333260367326,181.06495934666205,179.26251195620708,180.88375854492188,23134600
2022-09-13 00:00:00-04:00,176.29655973644688,177.29792252518695,173.13034818377423,173.80746459960938,34144700
2022-09-14 00:00:00-04:00,174.11265551980605,174.82791260695706,172.20530328740344,174.48458862304688,25278300
2022-09-15 00:00:00-04:00,173.49274617652858,176.13443292337908,172.4818518865558,173.2161865234375,25378700
2022-09-16 00:00:00-04:00,170.7938604720105,171.3565259154927,168.71485342242124,170.69850158691406,41155900
2022-09-19 00:00:00-04:00,168.8102106792465,172.3769647317595,168.76253851312978,172.15762329101562,25412200
2022-09-20 00:00:00-04:00,170.48868566836165,170.65080886407037,168.5241151707886,169.8115692138672,22247500
2022-09-21 00:00:00-04:00,171.06088884931603,172.71075909013877,167.20804355030353,167.2175750732422,29357100
2022-09-22 00:00:00-04:00,166.89328640878045,167.44642018996805,162.83063221832788,163.4505157470703,33468600
2022-09-23 00:00:00-04:00,161.1712546699319,161.35245545023838,157.35655041738912,159.55953979492188,40336900
2022-09-26 00:00:00-04:00,158.6210574934847,161.9761895242551,156.80928678195727,157.37486267089844,30597800
2022-09-27 00:00:00-04:00,159.4263171605226,160.69168851170048,156.52173202748517,157.91171264648438,42406600
2022-09-28 00:00:00-04:00,158.89905752814997,163.9125942325997,158.23762945951032,162.9060516357422,35186500
2022-09-29 00:00:00-04:00,160.8354376065627,160.97922312423404,157.0201773898009,159.2537384033203,31464000
2022-09-30 00:00:00-04:00,158.91820010798253,162.50340306216316,158.0458624005452,158.0937957763672,40643800
2022-10-03 00:00:00-04:00,160.4136738091055,163.2511637210348,158.4101839193863,162.282958984375,33611600
2022-10-04 00:00:00-04:00,165.46557043063513,168.79194624517882,165.38887992276102,168.7152557373047,37537300
2022-10-05 00:00:00-04:00,166.23241007752307,168.07293782233592,164.32477267362367,167.46900939941406,25281400
2022-10-06 00:00:00-04:00,166.65427174608953,168.87823823758723,165.75317645237507,166.52964782714844,22635900
2022-10-07 00:00:00-04:00,164.8136630068328,165.3313201355189,160.969645607523,161.63108825683594,26536100
2022-10-10 00:00:00-04:00,162.282968694846,162.5513927670238,159.69472640289206,160.7300262451172,23386400
2022-10-11 00:00:00-04:00,160.04941629421586,163.06902975965298,157.97881668106155,160.7779541015625,28009100
2022-10-12 00:00:00-04:00,160.9504844218861,161.48731787940127,158.63065183254147,160.33697509765625,26796700
2022-10-13 00:00:00-04:00,157.21191574370573,165.07250860544778,155.77400188019624,164.3056182861328,45376500
2022-10-14 00:00:00-04:00,165.59016967762884,166.72132158909912,159.80975698070336,159.90560913085938,29608600
2022-10-17 00:00:00-04:00,163.17445458056477,165.47511074462955,163.0690069864576,165.00540161132812,28199200
2022-10-18 00:00:00-04:00,168.5810507721112,169.95185520201542,165.5422607094947,166.96099853515625,34523100
2022-10-19 00:00:00-04:00,165.35050799925173,166.22283126419825,162.32129938327782,164.1234893798828,27146900
2022-10-20 00:00:00-04:00,164.32478199384838,166.36662420451646,161.4968878707563,162.03370666503906,26710700
2022-10-21 00:00:00-04:00,162.38837538064448,166.03109287916763,161.2284665630877,165.55178833007812,45402700
2022-10-24 00:00:00-04:00,166.14615626722102,166.798003512759,163.97010925221,166.2611846923828,27284500
2022-10-25 00:00:00-04:00,166.3858014702623,171.49517549935706,166.37620601709776,170.79539489746094,33105700
2022-10-26 00:00:00-04:00,171.73482919270134,174.82155193050542,170.9487772692092,171.63897705078125,37084700
2022-10-27 00:00:00-04:00,173.11523622346135,174.46687873961326,171.46642718827235,171.6773223876953,28651800
2022-10-28 00:00:00-04:00,172.38668716079584,175.81850971210122,171.3418066859411,175.578857421875,33221600
2022-10-31 00:00:00-04:00,174.72572824804573,176.61418981532785,174.03552835405338,175.74185180664062,25699400
2022-11-01 00:00:00-04:00,177.572785983503,177.91788590490333,175.31046752703782,175.9814910888672,27446700
2022-11-02 00:00:00-04:00,175.27210520693993,177.3427046200627,170.086025847789,170.1435546875,38139600
2022-11-03 00:00:00-04:00,168.03461811949217,170.5749415462417,166.90346616414328,169.00282287597656,29093200
2022-11-04 00:00:00-04:00,171.51435797505627,172.49214346417617,168.2071591283688,171.28428649902344,25842400
2022-11-07 00:00:00-05:00,172.30041278401302,173.11522177996906,170.32566566079166,172.06076049804688,20689900
2022-11-08 00:00:00-05:00,172.77013507242376,174.41894409572777,170.01893130053176,172.12786865234375,20265200
2022-11-09 00:00:00-05:00,170.6324401339607,171.27470655223274,167.06641268682648,167.4019317626953,27277000
2022-11-10 00:00:00-05:00,174.32309602886232,177.77408051423575,173.652057859536,177.7069854736328,38572800
2022-11-11 00:00:00-05:00,178.07124854298053,181.02376678043336,178.00415350181055,179.1640625,28765400
2022-11-14 00:00:00-05:00,178.1000011806221,180.01721962743406,176.98802559815528,177.1605682373047,26499600
2022-11-15 00:00:00-05:00,180.0651606607742,181.71396976522882,178.40677072947642,179.78717041015625,26128800
2022-11-16 00:00:00-05:00,178.8764862971105,178.91482422993425,176.10610623648859,176.62374877929688,24802000
2022-11-17 00:00:00-05:00,174.10263918922124,175.37759148048028,173.03858214176256,174.98455810546875,20835700
2022-11-18 00:00:00-05:00,176.94970816546422,177.63990811351007,175.01332768137559,176.11572265625,27269100
2022-11-21 00:00:00-05:00,175.21459559193028,175.60762889058157,173.92046726796772,175.19541931152344,19038900
2022-11-22 00:00:00-05:00,176.1348452476066,177.28517326794673,174.7832028757801,177.064697265625,16869700
2022-11-23 00:00:00-05:00,176.66208424633413,178.09041722994957,175.95272279487622,177.52484130859375,19758800
2022-11-25 00:00:00-05:00,177.42897312612303,178.65599173062253,177.01677819163103,177.89869689941406,13393400
2022-11-28 00:00:00-05:00,176.50874596233058,177.26604092000306,173.78628426594685,174.3135223388672,17465600
2022-11-29 00:00:00-05:00,174.42856027054458,176.0102598154975,174.42856027054458,174.8215789794922,14020600
2022-11-30 00:00:00-05:00,175.10916313445236,179.67213824241585,173.3165683826127,179.6146240234375,28030100
2022-12-01 00:00:00-05:00,180.36232083197325,181.40721600969553,178.42594071834225,179.22158813476562,21996400
2022-12-02 00:00:00-05:00,176.7387897070099,181.04295067493337,176.70045177147418,180.2664794921875,22574800
2022-12-05 00:00:00-05:00,179.12572906190985,179.31744799077114,174.6394300650287,175.30087280273438,25449300
2022-12-06 00:00:00-05:00,175.31046517801337,175.40631732715232,171.66774708475648,172.6167755126953,18502100
2022-12-07 00:00:00-05:00,172.30998744468647,173.98755338642889,171.6964781996521,172.10867309570312,17177800
2022-12-08 00:00:00-05:00,173.28776337058255,175.07077680211373,172.0799065970597,173.3548583984375,20971400
2022-12-09 00:00:00-05:00,172.32920087181503,173.32614812470428,171.16927716321774,171.22679138183594,22046500
2022-12-12 00:00:00-05:00,171.4472886136736,173.59456420270783,170.6324648128375,173.23988342285156,22765400
2022-12-13 00:00:00-05:00,178.86393953531,179.74030223245464,173.48059387234116,174.6747589111328,38445300
2022-12-14 00:00:00-05:00,174.60736946028612,176.14822689019692,172.21905366915936,173.52877807617188,32406900
2022-12-15 00:00:00-05:00,171.44863279708343,171.9975682410632,168.56916103741526,169.1855010986328,33546700
2022-12-16 00:00:00-05:00,167.37501417498288,168.63658411795652,166.28678298995686,167.92393493652344,38502400
2022-12-19 00:00:00-05:00,168.15505850261667,168.57879503556057,165.13113788398738,165.6511688232422,25614000
2022-12-20 00:00:00-05:00,165.32373660116883,167.58686815713477,164.8518455313894,166.52752685546875,18050800
2022-12-21 00:00:00-05:00,168.00097554070038,170.2641072393175,167.76021747466478,169.39736938476562,22997200
2022-12-22 00:00:00-05:00,167.88538234268856,168.03947100044866,164.3606814436181,167.182373046875,21297600
2022-12-23 00:00:00-05:00,167.06679830599484,168.0009405834151,165.96894234110033,167.9431610107422,11647700
2022-12-27 00:00:00-05:00,167.9142621556009,168.11650534373632,166.20006635027147,166.81640625,13553800
2022-12-28 00:00:00-05:00,166.77790524389272,167.66390777745937,164.04289738983613,164.2258758544922,19648000
2022-12-29 00:00:00-05:00,165.37188922834204,168.77139169139983,165.06371187336435,168.3861846923828,22311300
2022-12-30 00:00:00-05:00,166.93200961389175,168.2609988444893,166.22900017358862,167.914306640625,21275600
2023-01-03 00:00:00-05:00,169.42627785014147,170.76490695175207,165.5452585734842,166.98980712890625,22503800
2023-01-04 00:00:00-05:00,168.16467840924966,170.13889736227094,167.8372509873022,169.06993103027344,22973500
2023-01-05 00:00:00-05:00,168.13577744515254,168.29949114524655,166.0171096805128,167.25941467285156,17032600
2023-01-06 00:00:00-05:00,168.81954656212403,171.45824536930695,167.44240288333515,171.0152587890625,21986900
2023-01-09 00:00:00-05:00,172.39236971531093,173.46133592656145,171.0826454807581,171.3041534423828,18366500
2023-01-10 00:00:00-05:00,171.0922964914305,173.94286344631757,170.7456043272194,173.83692932128906,18751100
2023-01-11 00:00:00-05:00,174.55922054424877,176.03265871285495,174.0006600752462,176.00376892089844,18222700
2023-01-12 00:00:00-05:00,176.78380367218608,179.07581000027915,175.19479194409925,178.9602508544922,29650800
2023-01-13 00:00:00-05:00,177.6794575914575,180.41446576965873,177.51574386544263,180.13519287109375,22120000
2023-01-17 00:00:00-05:00,180.0870197712472,180.89596328520167,179.35512059596059,179.91368103027344,22422600
2023-01-18 00:00:00-05:00,180.52038704930098,181.97457510892585,176.90901621731427,177.0053253173828,23507800
2023-01-19 00:00:00-05:00,175.97485829527352,176.33119017839437,174.09694856689597,175.31036376953125,24624500
2023-01-20 00:00:00-05:00,175.9556410417387,178.30542755082348,174.56887215460213,178.19949340820312,36070300
2023-01-23 00:00:00-05:00,178.57504575931748,181.16560461193365,177.756477242964,180.40481567382812,20329900
2023-01-24 00:00:00-05:00,179.6921801127593,180.88634536701522,179.00843545908887,180.0196075439453,19263500
2023-01-25 00:00:00-05:00,178.5557913967526,180.57815006025504,177.07271368214663,180.52037048339844,18174600
2023-01-26 00:00:00-05:00,181.99381195039186,182.83165991493857,179.40325311064456,181.58934020996094,18369100
2023-01-27 00:00:00-05:00,181.03076753929253,183.26500903384414,180.84778909167107,182.57162475585938,20019900
2023-01-30 00:00:00-05:00,180.89598957767552,182.60056091852869,179.92333221319467,180.02926635742188,18395100
2023-01-31 00:00:00-05:00,180.491474470322,184.4976915341981,180.4529596519806,184.40138244628906,21567900
2023-02-01 00:00:00-05:00,184.12213113928306,188.9372922038819,183.10131934474097,187.30014038085938,27007300
2023-02-02 00:00:00-05:00,188.76390898616853,191.89376318441273,187.1652869328858,190.988525390625,31020400
2023-02-03 00:00:00-05:00,188.8602448593133,191.76860621058566,188.46539813156767,189.7077178955078,24981500
2023-02-06 00:00:00-05:00,188.41721633084856,189.12024031360247,186.22150441347358,186.96304321289062,18160100
2023-02-07 00:00:00-05:00,186.26007524881078,188.85063441156814,184.56512904552824,188.349853515625,27074100
2023-02-08 00:00:00-05:00,187.17495339654715,188.14761070337016,185.09480015759846,185.5955810546875,17933500
2023-02-09 00:00:00-05:00,187.04971703598275,187.9068150005498,182.42716010681195,182.90867614746094,20516600
2023-02-10 00:00:00-05:00,182.2827210225745,183.582820280462,181.56044692257123,183.27464294433594,15248700
2023-02-13 00:00:00-05:00,183.46726248358223,185.7303940728084,182.3116267614115,185.48001098632812,15754400
2023-02-14 00:00:00-05:00,184.2088002996539,186.78009454182492,183.05316458442164,185.39332580566406,21889600
2023-02-15 00:00:00-05:00,183.91989272427037,187.35792486786673,183.48653115605134,187.27125549316406,18721200
2023-02-16 00:00:00-05:00,184.7095822733125,187.6660835400767,184.17991161469516,185.48001098632812,21366300
2023-02-17 00:00:00-05:00,184.7865817245425,186.2214899755677,183.91021909269503,185.99037170410156,23892200
2023-02-21 00:00:00-05:00,183.6983567147304,184.26654207639865,180.3181196348694,180.50108337402344,26004000
2023-02-22 00:00:00-05:00,180.8863296701419,182.15752446107868,179.84625318953667,180.9922637939453,24651700
2023-02-23 00:00:00-05:00,182.35016467312172,183.26504238300797,179.79812036220042,182.28274536132812,21311700
2023-02-24 00:00:00-05:00,179.74997764757214,180.8382088775171,178.91214422682916,180.57818603515625,24280700
2023-02-27 00:00:00-05:00,182.13826238163114,183.1686990681857,180.66482447166112,181.2137451171875,17562900
2023-02-28 00:00:00-05:00,181.16560909219817,182.99537905195942,181.1174692389374,181.223388671875,19542600
2023-03-01 00:00:00-05:00,181.23303551290243,182.48498033563266,180.27000329460313,181.45452880859375,22532800
2023-03-02 00:00:00-05:00,179.95220417285645,182.30200517940682,179.2395550282566,181.8878936767578,18104400
2023-03-03 00:00:00-05:00,182.6583339481617,184.83478164856683,181.45454357731018,184.42068481445312,22774300
2023-03-06 00:00:00-05:00,184.47845494400792,184.65180838977122,180.95375339211515,181.72418212890625,23266700
2023-03-07 00:00:00-05:00,181.6760467196578,182.0805332374884,179.33588516557947,179.6151580810547,25865700
2023-03-08 00:00:00-05:00,179.8847765169045,180.6744699670957,178.2765145210695,179.70181274414062,22505900
2023-03-09 00:00:00-05:00,179.82701366746784,180.34705932810132,174.57849067639347,174.7036895751953,33546900
2023-03-10 00:00:00-05:00,173.72137950989298,173.72137950989298,167.81798736926592,169.66700744628906,69274200
2023-03-13 00:00:00-04:00,166.14233291338493,169.87888816408454,164.7459390475595,166.9031219482422,74171500
2023-03-14 00:00:00-04:00,171.9975545135421,172.63314458912473,168.15505079648142,169.99444580078125,48946200
2023-03-15 00:00:00-04:00,165.57411490523194,167.48092919319703,164.08142678874563,167.1920166015625,54405800
2023-03-16 00:00:00-04:00,165.13112599148545,170.82264959555766,164.1969836187817,169.47439575195312,52392300
2023-03-17 00:00:00-04:00,167.6061274447098,168.29951184492128,164.5436919226975,164.90000915527344,70239900
2023-03-20 00:00:00-04:00,166.65272634472748,168.88695342351207,166.15194548261675,167.03793334960938,46103200
2023-03-21 00:00:00-04:00,170.023334504967,171.5930669676944,169.45514904487118,170.11962890625,34465900
2023-03-22 00:00:00-04:00,169.99441601594546,170.79373435464504,165.18888095365608,165.29481506347656,56098200
2023-03-23 00:00:00-04:00,166.52337064589926,168.56286690890292,163.0726676268213,164.5612030029297,47720900
2023-03-24 00:00:00-04:00,163.11131475359485,166.3590428550901,161.86442585922782,166.0497283935547,47519700
2023-03-27 00:00:00-04:00,168.03125646818282,168.89151716105508,166.6007137455371,167.89593505859375,33880600
2023-03-28 00:00:00-04:00,167.3159854808562,168.67886006722125,166.91968181616673,167.65428161621094,28555100
2023-03-29 00:00:00-04:00,169.4811125456156,169.68410200752746,167.77026668331416,169.55844116210938,25564800
2023-03-30 00:00:00-04:00,170.96965373787762,171.38527843744075,168.62084322405482,169.32644653320312,26728600
2023-03-31 00:00:00-04:00,170.50571708736774,172.67087443491113,170.47672069534542,172.4388885498047,39602900
2023-04-03 00:00:00-04:00,172.97048597609378,173.77275377451178,170.592693717148,172.5161895751953,27609000
2023-04-04 00:00:00-04:00,172.94151760691918,173.11551070833025,168.49523208374492,169.49081420898438,33487200
2023-04-05 00:00:00-04:00,168.42754068102198,168.98816209849704,166.76501227028234,167.82826232910156,28247300
2023-04-06 00:00:00-04:00,167.91527204162907,168.63055078226802,166.91001463592417,168.07958984375,26366300
2023-04-10 00:00:00-04:00,167.2869686868948,170.0030717301801,167.24829700538837,169.87741088867188,22237800
2023-04-11 00:00:00-04:00,170.6700316439471,172.0232456253884,170.23505631162377,171.22097778320312,21876200
2023-04-12 00:00:00-04:00,172.84485234907777,172.99949484330006,169.71310954548437,169.96441650390625,27018100
2023-04-13 00:00:00-04:00,170.64098326523788,172.7191507640351,170.05136557009004,172.21652221679688,23259900
2023-04-14 00:00:00-04:00,172.3712384311815,173.23149915804467,169.48114173135085,170.61204528808594,29600400
2023-04-17 00:00:00-04:00,171.05666517912346,172.88351148388585,170.84401515432134,172.80618286132812,22177300
2023-04-18 00:00:00-04:00,173.58911075794498,173.62778244276777,171.0276647231713,172.0715789794922,22873100
2023-04-19 00:00:00-04:00,171.16299604677673,172.8158493200944,170.67970320095307,172.2938995361328,19306800
2023-04-20 00:00:00-04:00,171.23063948447157,172.46786791839642,170.6217005631801,171.40463256835938,20336300
2023-04-21 00:00:00-04:00,171.8685842677457,172.01358095802206,169.98374528555982,171.62693786621094,25972800
2023-04-24 00:00:00-04:00,171.45293252556485,172.48717129175614,170.6023326065114,171.51092529296875,17781000
2023-04-25 00:00:00-04:00,169.7614299916181,170.06106916133683,167.22896574488854,167.2772979736328,28857900
2023-04-26 00:00:00-04:00,166.47502953997335,167.60593289344618,165.28613341179812,165.66310119628906,30309800
2023-04-27 00:00:00-04:00,166.28172650726876,168.05057999874396,165.2281516991704,167.8765869140625,33424100
2023-04-28 00:00:00-04:00,167.4995975440192,169.9547330135572,167.39327254732387,169.3457794189453,31911900
2023-05-01 00:00:00-04:00,169.1525109411957,171.41431811918085,168.9205250451478,169.44248962402344,27420100
2023-05-02 00:00:00-04:00,168.57254710206018,168.6208793388302,164.24224711795665,165.9627685546875,40851100
2023-05-03 00:00:00-04:00,166.46537604204,169.82908985752823,166.43637965346107,166.5717010498047,43261400
2023-05-04 00:00:00-04:00,165.59544846952414,165.8274195691659,163.14031283952875,164.7061767578125,42382100
2023-05-05 00:00:00-04:00,167.49962196660556,169.24915439439977,167.3159830809237,168.62086486816406,35456800
2023-05-08 00:00:00-04:00,169.40379806425756,169.6841161660531,167.34498063040812,168.23423767089844,22109900
2023-05-09 00:00:00-04:00,167.19998808130978,168.44689187748895,166.40739548706227,167.7316131591797,21465500
2023-05-10 00:00:00-04:00,170.0804097358935,170.13840251243036,166.94866706257125,168.5821990966797,27281900
2023-05-11 00:00:00-04:00,167.4319692541593,167.97325486408957,166.35905858128794,167.2869873046875,25884600
2023-05-12 00:00:00-04:00,167.84760232148147,168.3889027071471,165.9144309051722,166.9486846923828,20406400
2023-05-15 00:00:00-04:00,167.51896009052916,169.8387745476451,167.04534255159138,168.98817443847656,24310000
2023-05-16 00:00:00-04:00,167.80893716359543,168.96883700678495,166.47504423201778,166.52337646484375,24212900
2023-05-17 00:00:00-04:00,167.63494386141033,170.60236891580462,166.40739069297143,170.2350616455078,38231600
2023-05-18 00:00:00-04:00,169.693793379939,171.63664019358052,169.17184355994658,171.2693328857422,30446600
2023-05-19 00:00:00-04:00,172.54517160560965,172.91247881379704,169.39410819781926,170.22537231445312,34316300
2023-05-22 00:00:00-04:00,170.71834330280856,173.0381575833378,170.1577218870705,172.3035430908203,28207200
2023-05-23 00:00:00-04:00,171.9652551992496,174.4977048629775,171.45296598863177,171.4916229248047,32708900
2023-05-24 00:00:00-04:00,170.65069942217463,170.83435305546507,168.833513680892,169.6744384765625,28744200
2023-05-25 00:00:00-04:00,169.3941646980285,169.6648075473036,166.9293679109818,168.35025024414062,36202600
2023-05-26 00:00:00-04:00,168.4758787731232,170.4863786595322,168.20523597581106,170.26405334472656,29841300
2023-05-30 00:00:00-04:00,170.805347769951,171.6172761337545,168.9204940518651,169.63577270507812,25572600
2023-05-31 00:00:00-04:00,168.85286489699527,170.12875040145545,166.6007183580381,167.96360778808594,34598800
2023-06-01 00:00:00-04:00,168.0505648098719,170.35104314533027,167.15163257627282,169.78074645996094,27800900
2023-06-02 00:00:00-04:00,172.0619092819111,176.0055805733453,171.52062366819155,175.93792724609375,50212400
2023-06-05 00:00:00-04:00,175.20329392298657,175.20329392298657,172.47753030347297,173.57943725585938,34465800
2023-06-06 00:00:00-04:00,172.95116222013928,178.77968722310194,172.95116222013928,178.15139770507812,58584500
2023-06-07 00:00:00-04:00,179.27477836603555,181.99840331867364,179.27477836603555,181.4846954345703,60685600
2023-06-08 00:00:00-04:00,181.0097650036789,181.62040508822543,179.22632562092542,180.80621337890625,34185000
2023-06-09 00:00:00-04:00,180.5929776290019,180.87405721775485,178.78044688233288,179.34262084960938,30242200
2023-06-12 00:00:00-04:00,179.53647206743133,180.9418996040106,178.5575223576255,180.08895874023438,26580500
2023-06-13 00:00:00-04:00,180.70928141230118,183.17120136251887,180.54450858163588,182.15347290039062,35758200
2023-06-14 00:00:00-04:00,182.53151323207112,183.4232329188658,178.87738962342593,180.19558715820312,37114100
2023-06-15 00:00:00-04:00,179.39106821302386,181.8045366637252,179.22629539683814,181.67852783203125,36488400
2023-06-16 00:00:00-04:00,182.17286727406415,182.7544306368424,179.40077618572647,180.2246551513672,50684500
2023-06-20 00:00:00-04:00,179.46863662649096,179.86603777574194,178.11166033899835,179.43955993652344,33269300
2023-06-21 00:00:00-04:00,178.77076320826185,180.1955801496174,177.94688423490607,179.02276611328125,30730200
2023-06-22 00:00:00-04:00,178.5381388456591,178.58660492570985,176.88070835222965,177.69488525390625,27063700
2023-06-23 00:00:00-04:00,175.21357914842866,176.8031689922638,174.5157089935965,175.0197296142578,50610100
2023-06-26 00:00:00-04:00,174.8936991315505,177.12300547323272,174.8258436686085,175.1941680908203,31507900
2023-06-27 00:00:00-04:00,175.63035800444453,178.33460859954832,174.85494506431624,177.72396850585938,28818800
2023-06-28 00:00:00-04:00,177.36534552385797,178.7513837632306,176.52207711404208,178.59629821777344,23187600
2023-06-29 00:00:00-04:00,179.04214398278208,181.3296037396341,178.7610496166441,180.651123046875,32084100
2023-06-30 00:00:00-04:00,182.47333902296003,182.63811186063327,181.16484362151806,181.51377868652344,30287300
2023-07-03 00:00:00-04:00,181.16482018223505,183.03548932358834,181.00004736588028,181.88206481933594,14011900
2023-07-05 00:00:00-04:00,181.37807495584585,181.45561772146874,179.74001915776628,180.06956481933594,24092100
2023-07-06 00:00:00-04:00,177.98568326632065,178.0632260435586,175.16512575210305,177.16180419921875,39080800
2023-07-07 00:00:00-04:00,177.35565115943612,180.75777205840777,177.30718507564808,179.03248596191406,31706700
2023-07-10 00:00:00-04:00,178.90645487903092,182.26979657728342,178.4993664473683,182.09532165527344,29725100
2023-07-11 00:00:00-04:00,182.68656997216027,184.23739570227292,181.9208591963957,183.96600341796875,26738800
2023-07-12 00:00:00-04:00,186.83502458090558,187.11611897374254,185.48775036668476,185.97238159179688,40127300
2023-07-13 00:00:00-04:00,186.59271429965108,187.73645171427546,185.90454622260154,187.47474670410156,23523000
2023-07-14 00:00:00-04:00,187.39716940225398,187.54256762101434,184.44091643135417,185.64280700683594,32198600
2023-07-17 00:00:00-04:00,185.4586837058977,188.3858606050115,185.2648341633238,187.6298370361328,23283700
2023-07-18 00:00:00-04:00,187.7461505144575,190.35346910612205,187.54261366389997,189.94638061523438,28489800
2023-07-19 00:00:00-04:00,190.65389182851038,191.5843901458461,189.90755571490135,190.75082397460938,23679000
2023-07-20 00:00:00-04:00,190.88652295810186,190.88652295810186,188.29859434808722,189.0836944580078,27278100
2023-07-21 00:00:00-04:00,190.35342674998319,190.57635294281874,188.12412045231946,188.48275756835938,28982400
2023-07-24 00:00:00-04:00,188.57970409254864,190.22744733617816,188.02723217446353,188.94802856445312,16929800
2023-07-25 00:00:00-04:00,188.59907372851194,190.17897612433114,188.44398819976783,188.92861938476562,18961100
2023-07-26 00:00:00-04:00,188.78325449221788,191.09979119250505,188.72510111066805,190.4213104248047,20377900
2023-07-27 00:00:00-04:00,191.55530481241118,191.81699497348052,187.2420759317952,187.95933532714844,31159300
2023-07-28 00:00:00-04:00,189.9948407851626,190.89624781768583,189.49082014032834,190.39222717285156,21612200
2023-07-31 00:00:00-04:00,190.87682649457219,192.64089106149518,190.86713919543962,192.6021270751953,24203900
2023-08-01 00:00:00-04:00,191.36147088277863,191.85580417830204,189.76219381904815,191.72010803222656,27444300
2023-08-02 00:00:00-04:00,189.57803479317732,190.06266600730567,188.12414115079233,189.11279296875,28079700
2023-08-03 00:00:00-04:00,188.32770898533303,189.62651720149378,187.1258181464811,188.5797119140625,24279300
2023-08-04 00:00:00-04:00,188.83172014866742,190.27591175314424,187.75583822310145,188.20169067382812,24950400
2023-08-07 00:00:00-04:00,188.67664811596768,189.06434721303805,186.75749765308345,188.3277130126953,20185000
2023-08-08 00:00:00-04:00,186.23407834869624,187.34872420119297,184.6638779815828,187.1451873779297,25578200
2023-08-09 00:00:00-04:00,186.9416547921437,186.95135688265748,184.88682301223156,185.68162536621094,22293200
2023-08-10 00:00:00-04:00,186.33101004740544,188.15321331162343,184.05323747991972,184.85772705078125,29378800
2023-08-11 00:00:00-04:00,184.08231267803032,185.79791126199177,183.90785254564634,185.1194305419922,21789000
2023-08-14 00:00:00-04:00,184.10172088404732,184.83835505679923,182.8416766811051,184.79959106445312,20354900
2023-08-15 00:00:00-04:00,183.69462734580128,183.8109341094049,182.26010824242272,182.35704040527344,25491300
2023-08-16 00:00:00-04:00,182.21163904276037,183.2487420924317,180.09863937640992,180.12771606445312,27018400
2023-08-17 00:00:00-04:00,180.6123536455497,181.0000674828018,177.98566080085598,178.00503540039062,26715100
2023-08-18 00:00:00-04:00,176.609316261506,179.55586758097655,176.34761126073786,178.97430419921875,33375200
2023-08-21 00:00:00-04:00,179.02275697606527,179.58493092605008,177.44286936828783,178.7126007080078,22678100
2023-08-22 00:00:00-04:00,179.3522728690326,179.84660606168896,177.58822333713672,178.17947387695312,21299200
2023-08-23 00:00:00-04:00,178.34429607981582,180.3894405014524,177.79180936786946,180.0792694091797,21231100
2023-08-24 00:00:00-04:00,179.55585831062672,180.6123507694952,177.568867446941,177.5882568359375,26582300
2023-08-25 00:00:00-04:00,178.40243743605527,179.3135464709738,176.0277474812857,178.3442840576172,29340400
2023-08-28 00:00:00-04:00,179.15847073593474,181.00976559626366,179.13909613524268,179.9338836669922,23002000
2023-08-29 00:00:00-04:00,179.83694138928394,182.57995578962448,178.8967704563673,182.4442596435547,22986000
2023-08-30 00:00:00-04:00,181.9596322387112,183.78185034380311,181.57193318177596,183.1324462890625,19869900
2023-08-31 00:00:00-04:00,183.38443754300286,184.41185328938286,182.7350335295319,182.8125762939453,17953400
2023-09-01 00:00:00-04:00,184.22772584183977,185.96269916571563,184.01448691401973,184.98374938964844,25094600
2023-09-05 00:00:00-04:00,183.8205923138833,184.06290789288383,181.02912690084045,181.0872802734375,27160100
2023-09-06 00:00:00-04:00,181.31020506560895,182.30854406020424,179.4007571346407,180.40879821777344,26406200
2023-09-07 00:00:00-04:00,179.44922364058786,179.6818519195106,177.94686410080473,178.66412353515625,23894800
2023-09-08 00:00:00-04:00,178.88706623621385,179.1487712254353,177.81118438027073,178.26673889160156,19399100
2023-09-11 00:00:00-04:00,179.56553698302602,180.01140416990165,178.53812126212918,178.69320678710938,17424700
2023-09-12 00:00:00-04:00,178.3830416515544,179.6430857016991,178.0922747697881,178.51873779296875,16826300
2023-09-13 00:00:00-04:00,178.8289175942001,179.19724204880103,176.7837732837813,177.345947265625,24415700
2023-09-14 00:00:00-04:00,178.85799733740245,180.35066978117487,178.57691773656725,179.84664916992188,27952500
2023-09-15 00:00:00-04:00,179.10996994820945,179.38137699279434,177.1714453910829,177.96624755859375,39695500
2023-09-18 00:00:00-04:00,178.05351444015233,178.11166782253073,176.76439356826768,176.78378295898438,19287800
2023-09-19 00:00:00-04:00,176.8807113280568,177.66581155286568,175.5043604121323,176.09559631347656,24085900
2023-09-20 00:00:00-04:00,176.79343210915428,177.86931382030545,174.29274846787504,174.33151245117188,27642900
2023-09-21 00:00:00-04:00,173.01334224082808,173.26534514610506,171.62730407714844,171.62730407714844,31625600
2023-09-22 00:00:00-04:00,172.10223648589792,172.88733669596127,171.1329740458649,171.23959350585938,23164700
2023-09-25 00:00:00-04:00,170.28969638234014,172.3929938051014,170.1442981630271,172.0052947998047,22416200
2023-09-26 00:00:00-04:00,170.9039066472959,172.38410418737658,169.72558827425115,169.79376220703125,30476000
2023-09-27 00:00:00-04:00,170.8552521587667,172.29648924979486,169.89118812872425,171.38111877441406,37293000
2023-09-28 00:00:00-04:00,171.4784740443713,173.89353741192792,171.3616214121036,172.92945861816406,31372400
2023-09-29 00:00:00-04:00,174.28306113529544,174.46808771452993,171.5369053240614,172.11146545410156,36689000
2023-10-02 00:00:00-04:00,171.71219180274832,172.10171047773173,168.61546335764584,169.51138305664062,42139300
2023-10-03 00:00:00-04:00,168.42069271714067,168.95629200368657,165.90825731231232,166.65809631347656,42733600
2023-10-04 00:00:00-04:00,166.5315312157309,167.11582417150458,164.66181456011705,166.7360382080078,42491900
2023-10-05 00:00:00-04:00,166.32701055554833,167.39819431182963,165.48953205414352,166.86260986328125,33365100
2023-10-06 00:00:00-04:00,165.90826184838753,169.33608251681682,165.070783357214,168.46939086914062,42160900
2023-10-09 00:00:00-04:00,167.33978537843436,169.97882140926006,167.27162629174438,169.44322204589844,26658400
2023-10-10 00:00:00-04:00,169.7450722030375,172.40357331241495,169.71585904814637,171.36160278320312,31585000
2023-10-11 00:00:00-04:00,171.50768549242133,172.58861690767546,169.81326290469354,171.06947326660156,27427200
2023-10-12 00:00:00-04:00,171.27396993841631,171.27396993841631,166.3172581520096,167.20343017578125,38693800
2023-10-13 00:00:00-04:00,167.83642764705385,168.17725277619715,165.2460853414761,165.81089782714844,33955600
2023-10-16 00:00:00-04:00,167.24236847196528,168.8491512737937,166.5412231033756,168.4888458251953,31140300
2023-10-17 00:00:00-04:00,167.4371494243159,171.79982072477654,167.3981886436993,170.36831665039062,39823200
2023-10-18 00:00:00-04:00,169.09263170560715,169.11211209657503,166.5217698876736,166.86260986328125,38501400
2023-10-19 00:00:00-04:00,166.38542935893207,167.64163962474393,163.95090066929487,164.20408630371094,51397300
2023-10-20 00:00:00-04:00,164.24305478307528,164.6033602910927,162.07144439150838,162.08119201660156,54421900
2023-10-23 00:00:00-04:00,161.3216512731889,163.07451532116167,160.33809193725526,160.70814514160156,45590900
2023-10-24 00:00:00-04:00,162.0909169488069,163.23027459080035,161.07815955342951,162.1103973388672,32666300
2023-10-25 00:00:00-04:00,160.6886444901926,161.32163093673645,159.12080724203693,159.43243408203125,36832900
2023-10-26 00:00:00-04:00,159.85116343046545,161.42874827967708,158.9260454098844,159.8414306640625,50525600
2023-10-27 00:00:00-04:00,160.2114928345363,160.5133720610595,157.43612375737777,157.9619903564453,46017100
2023-10-30 00:00:00-04:00,159.50060949662398,160.49390157682126,157.69906679320874,158.8384246826172,35156300
2023-10-31 00:00:00-04:00,159.1208077322516,160.66917945206697,158.5657428531819,160.21148681640625,31533200
2023-11-01 00:00:00-04:00,160.1530348800459,161.26317931978954,158.8286507362129,161.12684631347656,44367100
2023-11-02 00:00:00-04:00,163.35688055800082,165.5479564522214,162.94788150751512,165.42135620117188,50458100
2023-11-03 00:00:00-04:00,168.27465088243954,171.050005083509,168.2551704894704,169.92039489746094,57060700
2023-11-06 00:00:00-05:00,169.92037160098394,170.2027703939819,166.90155004965254,167.79745483398438,35294400
2023-11-07 00:00:00-05:00,167.06709716129208,167.99221510669602,166.1030332942559,167.20343017578125,31168900
2023-11-08 00:00:00-05:00,167.20343304490675,167.6221797203559,164.86629136807855,165.42135620117188,44938600
2023-11-09 00:00:00-05:00,166.55098389179403,166.55098389179403,162.60704424465953,162.86024475097656,38577400
2023-11-10 00:00:00-05:00,163.8145675367663,165.2655519840309,162.42200940054065,164.68125915527344,36121300
2023-11-13 00:00:00-05:00,163.83404752136332,165.32397788590515,163.13290207226316,164.73968505859375,27610300
2023-11-14 00:00:00-05:00,169.66715921474528,173.79612497678914,169.65742644987017,173.78639221191406,77611000
2023-11-15 00:00:00-05:00,173.6792883034744,176.99997425101526,173.44556819237184,174.08828735351562,59641400
2023-11-16 00:00:00-05:00,173.4747956555172,173.95196868284378,170.57284128445866,171.27398681640625,46616700
2023-11-17 00:00:00-05:00,172.80283631071867,173.96167429678894,172.47174398875094,173.62083435058594,43418700
2023-11-20 00:00:00-05:00,173.84485145398554,174.94524846065985,173.08527959270438,174.63363647460938,26665100
2023-11-21 00:00:00-05:00,173.57217603569265,173.83509445560122,172.2770048909831,172.38412475585938,30457000
2023-11-22 00:00:00-05:00,173.51373606354025,174.6920545853459,172.7736446296562,173.46505737304688,28940900
2023-11-24 00:00:00-05:00,173.3871588120359,175.0231551719689,173.14370591138973,174.63363647460938,13846900
2023-11-27 00:00:00-05:00,173.82535917233554,174.41938480365042,172.58861436106986,174.04933166503906,30665800
2023-11-28 00:00:00-05:00,173.87407961751597,174.5265316644477,172.55942789690656,173.37742614746094,28350200
2023-11-29 00:00:00-05:00,174.84783474116801,176.99021678683383,174.02008913164195,174.29275512695312,31590200
2023-11-30 00:00:00-05:00,175.33475719034064,175.90930238830714,174.07853207973997,174.95497131347656,32216800
2023-12-01 00:00:00-05:00,174.50704894699388,180.3304385948736,173.54298489995585,180.06752014160156,64221300
2023-12-04 00:00:00-05:00,179.40529375403867,182.09302308286235,179.20080165417536,181.99563598632812,44862600
2023-12-05 00:00:00-05:00,181.17767298477924,181.17767298477924,179.16187559745498,179.56114196777344,36873500
2023-12-06 00:00:00-05:00,180.8367963930738,182.99865915741495,178.97681282263162,179.23974609375,43637900
2023-12-07 00:00:00-05:00,179.50267430417028,180.70045828009802,178.5872891231973,180.534912109375,32662300
2023-12-08 00:00:00-05:00,180.3011765021849,182.83309211023413,180.0187777315065,181.90797424316406,36087100
2023-12-11 00:00:00-05:00,181.791127376762,182.70651258280782,181.02182281419124,182.28778076171875,29302100
2023-12-12 00:00:00-05:00,182.073539528931,182.74547184946482,180.48622200994149,182.10275268554688,32024000
2023-12-13 00:00:00-05:00,182.20014142037778,188.56886222609737,180.80758321935443,188.26698303222656,69484800
2023-12-14 00:00:00-05:00,191.71426381724743,194.80124446607417,191.33447792945321,193.50608825683594,83649300
2023-12-15 00:00:00-05:00,193.73979000222783,194.3240828309702,190.81835557688382,191.8798065185547,74160700
2023-12-18 00:00:00-05:00,192.7757284956714,193.56451342263557,191.52923612191952,191.94798278808594,44451100
2023-12-19 00:00:00-05:00,193.28211809382557,196.0282738797886,192.83417308850318,195.66795349121094,52156200
2023-12-20 00:00:00-05:00,195.33954407360076,197.59729384108206,191.72323408292667,191.84051513671875,62360300
2023-12-21 00:00:00-05:00,194.01031745497886,195.30046879006488,193.0524873179291,195.10498046875,38613400
2023-12-22 00:00:00-05:00,196.33646194472638,198.22280167158561,195.66206611245846,196.92288208007812,39173800
2023-12-26 00:00:00-05:00,197.63640658614543,199.93324517296816,197.12816380682517,199.48365783691406,26879000
2023-12-27 00:00:00-05:00,199.81595278625824,200.84220673709936,198.79946728524197,200.18736267089844,35806400
2023-12-28 00:00:00-05:00,199.1806270883159,200.52941872185602,198.68216774767225,199.4249725341797,28930100
2023-12-29 00:00:00-05:00,198.87765560298524,199.41521860576094,196.17031860351562,196.17031860351562,41496800
2024-01-02 00:00:00-05:00,194.88995195126586,197.05974104092445,193.9516736449439,195.0072479248047,44341500
2024-01-03 00:00:00-05:00,192.93517515329918,193.19907243399874,189.39705755662433,189.80755615234375,57532500
2024-01-04 00:00:00-05:00,189.67071932569527,191.0683831255699,189.3090928137566,189.4361572265625,43114200
2024-01-05 00:00:00-05:00,188.33174255534158,191.03909490838825,187.94078080176723,188.8790740966797,40964900
2024-01-08 00:00:00-05:00,188.91813839485826,192.51491149447847,187.91143624424205,192.28033447265625,31545400
2024-01-09 00:00:00-05:00,189.95417814114188,191.34205864884953,188.9474759777084,190.56015014648438,28998700
2024-01-10 00:00:00-05:00,190.3353420740262,190.96086584582346,188.71288466435536,190.6676483154297,35075200
2024-01-11 00:00:00-05:00,190.10078156060317,190.33535858800332,186.97316243025674,189.17227172851562,48939200
2024-01-12 00:00:00-05:00,191.45933645828993,192.64197509869481,188.28284533864002,188.8594970703125,42992100
2024-01-16 00:00:00-05:00,187.38366042092676,188.8888219958374,185.81007495396076,186.5235595703125,42213000
2024-01-17 00:00:00-05:00,183.87486404450712,185.63413955677888,183.2884289313069,185.19432067871094,37787700
2024-01-18 00:00:00-05:00,186.39649880588803,186.84608610434495,183.9530441857334,186.2889862060547,41760000
2024-01-19 00:00:00-05:00,186.9633913467488,188.488119754502,184.94998686539358,188.07760620117188,63338300
2024-01-22 00:00:00-05:00,189.75867775625395,192.3683003860051,189.70003723219898,192.09461975097656,42379500
2024-01-23 00:00:00-05:00,193.7366459475876,194.09827248668282,190.5699231485172,191.53753662109375,42471200
2024-01-24 00:00:00-05:00,193.89302282910336,193.97121516942627,189.7293664604766,189.9639434814453,41120100
2024-01-25 00:00:00-05:00,192.6419829663278,193.1893144569577,190.01282320757767,191.53753662109375,37659500
2024-01-26 00:00:00-05:00,192.4367080324398,193.41408986305075,190.96086683713605,191.5472869873047,33478600
2024-01-29 00:00:00-05:00,191.7232282102899,194.89971923828125,190.67742246713115,194.89971923828125,29234400
2024-01-30 00:00:00-05:00,193.9027716346039,194.4305512362338,192.64195569458312,193.2381591796875,33121200
2024-01-31 00:00:00-05:00,192.7494909513411,194.44035746155305,188.3512724038436,188.51742553710938,68126700
2024-02-01 00:00:00-05:00,189.91508487091355,191.3127488185862,187.1979642351007,191.01953125,59479000
2024-02-02 00:00:00-05:00,188.86931269164728,191.07819075550194,188.03853198376544,190.01284790039062,52839300
2024-02-05 00:00:00-05:00,188.11668978708084,188.742213587584,185.76119590016134,187.5986785888672,39751900
2024-02-06 00:00:00-05:00,187.36409214160088,189.4165999315893,186.6994796617421,189.28953552246094,34689100
2024-02-07 00:00:00-05:00,189.68051202372914,189.7586894515118,187.69641305105165,188.8497314453125,31713900
2024-02-08 00:00:00-05:00,188.9865511983955,191.9284651370459,188.3512589745186,191.71343994140625,35370800
2024-02-09 00:00:00-05:00,192.4660515605501,195.03657085816667,192.00668085153882,194.83131408691406,46107100
2024-02-12 00:00:00-05:00,195.34930923471583,198.94608226498028,195.31998897176143,198.3694305419922,43291000
2024-02-13 00:00:00-05:00,191.7818832311518,193.15999532981598,188.69335275736475,190.2082977294922,86247400
2024-02-14 00:00:00-05:00,193.20886753623395,195.27114416275842,191.79166661211033,194.62608337402344,43808000
2024-02-15 00:00:00-05:00,196.44398407498193,200.1384862875753,196.18008679874995,199.81594848632812,44931900
2024-02-16 00:00:00-05:00,197.54841848460646,199.09268362644295,196.54171635316618,197.0988311767578,48346200
2024-02-20 00:00:00-05:00,194.64561151753966,195.2027263937254,193.5313966788333,194.38172912597656,30547500
2024-02-21 00:00:00-05:00,193.18930119242046,193.86369705909365,191.9480220597562,193.4629669189453,28669100
2024-02-22 00:00:00-05:00,194.15689138735223,195.56432358571075,193.33589424286407,194.9290313720703,38184700
2024-02-23 00:00:00-05:00,195.0854470165325,196.5906086870781,194.0787447813562,195.36888122558594,37667700
2024-02-26 00:00:00-05:00,195.1733878780548,197.07927954056788,194.64559331695037,196.60035705566406,29118200
2024-02-27 00:00:00-05:00,198.4867052748667,199.60091997265323,197.95891073116275,199.38589477539062,32268600
2024-02-28 00:00:00-05:00,197.8612080657863,199.24908867125131,197.30409318524823,197.74392700195312,30143900
2024-02-29 00:00:00-05:00,200.53921004225288,201.37975906843536,197.93938553613583,199.12200927734375,40404100
2024-03-01 00:00:00-05:00,199.90391434603706,201.66320470944962,198.54535413194756,201.233154296875,35156900
2024-03-04 00:00:00-05:00,202.34735919955557,203.07062712313095,200.80309411754106,201.0474395751953,24785400
2024-03-05 00:00:00-05:00,199.6791241160101,201.25270956338667,198.41829311990426,199.12200927734375,34163500
2024-03-06 00:00:00-05:00,201.36999218894144,201.4188642668017,199.46410046170504,200.60763549804688,34255200
2024-03-07 00:00:00-05:00,202.02486282641055,203.39320661802006,201.7316452343752,202.27899169921875,28020200
2024-03-08 00:00:00-05:00,204.0187196630547,205.65094577832625,201.14521425864098,202.15191650390625,41447800
2024-03-11 00:00:00-04:00,201.30158421622656,202.1616701534729,200.11894554622435,200.5489959716797,24435800
2024-03-12 00:00:00-04:00,200.50990697879124,201.26249527826894,198.7897200650791,200.2753448486328,34958900
2024-03-13 00:00:00-04:00,200.23622359348622,201.90755319208563,200.1384943524106,201.05723571777344,25140700
2024-03-14 00:00:00-04:00,200.41216199754814,200.63695565919303,195.64253354318436,197.46046447753906,47509100
2024-03-15 00:00:00-04:00,196.6981120518725,198.48672276103983,196.58083099345646,197.83187866210938,53217000
2024-03-18 00:00:00-04:00,198.32056237091976,198.58444474270533,196.36579859592948,196.69810485839844,32405100
2024-03-19 00:00:00-04:00,195.2613668399787,198.1641924552274,195.14408577711296,197.52890014648438,29864100
2024-03-20 00:00:00-04:00,196.96200463632897,202.30828482167576,196.5612744781055,201.43841552734375,49609600
2024-03-21 00:00:00-04:00,202.83177915394367,204.74251031508726,202.6749973787901,203.7528533935547,43067300
2024-03-22 00:00:00-04:00,203.66466302656156,204.04680924710945,200.94064331054688,200.94064331054688,28437300
2024-03-25 00:00:00-04:00,201.5775367835707,202.84155422253147,201.3717588531888,201.40115356445312,20107800
2024-03-26 00:00:00-04:00,202.88076841154154,203.4588843672381,200.86225171773145,201.0386199951172,23434800
2024-03-27 00:00:00-04:00,202.63580051423966,205.4872072495835,202.0086883926911,205.41860961914062,35028400
2024-03-28 00:00:00-04:00,205.84976692565303,207.61352456769546,205.6145942562029,206.06533813476562,37675100
2024-04-01 00:00:00-04:00,206.5258767031773,206.55527141812118,203.77246209218663,204.12521362304688,25684200
2024-04-02 00:00:00-04:00,201.60693721585645,201.7343242693045,199.30425175793007,200.372314453125,36632100
2024-04-03 00:00:00-04:00,199.2846854200327,202.24386304867093,199.18669306876552,201.6853485107422,27362800
2024-04-04 00:00:00-04:00,203.86063965478647,204.35057149007721,199.11810307753998,199.6668243408203,32265200
2024-04-05 00:00:00-04:00,199.04949567083074,201.557944152113,198.79473651153975,200.33311462402344,27569400
2024-04-08 00:00:00-04:00,201.83232052195606,202.26346294173658,200.46051732404854,201.4305877685547,21331000
2024-04-09 00:00:00-04:00,202.06749190244238,202.8023896719591,200.35273044023668,202.22427368164062,23289100
2024-04-10 00:00:00-04:00,197.12896860634305,198.8437300519161,195.52199276398161,196.88400268554688,57130500
2024-04-11 00:00:00-04:00,197.90306517223178,198.82413940751087,196.07072490728265,198.21661376953125,37184000
2024-04-12 00:00:00-04:00,197.17796460604902,197.8442796848213,193.69944554352003,194.68911743164062,35388700
2024-04-15 00:00:00-04:00,195.35541449551718,196.1980978471563,191.0538135956639,191.83770751953125,41119300
2024-04-16 00:00:00-04:00,190.4953271691978,192.2884797383057,189.46646717688535,191.13223266601562,43267500
2024-04-17 00:00:00-04:00,192.51382145691673,192.66079503063287,189.10389998290142,189.1136932373047,38589500
2024-04-18 00:00:00-04:00,189.79959254574575,191.72013194450642,188.2808008456772,188.9569091796875,40238200
2024-04-19 00:00:00-04:00,188.07503633029197,190.4756993457591,187.4871121441831,189.25086975097656,42666500
2024-04-22 00:00:00-04:00,190.29935318061808,192.34726491276905,189.01571905679273,191.36740112304688,31553000
2024-04-23 00:00:00-04:00,191.32820195377633,195.30646157741853,191.20082982565626,194.57156372070312,31838300
2024-04-24 00:00:00-04:00,194.1795862238993,194.9046907391827,192.50402768193274,193.69944763183594,28791700
2024-04-25 00:00:00-04:00,191.50455373157132,192.86656360404658,189.86818323381567,192.5236053466797,31915600
2024-04-26 00:00:00-04:00,193.0331228647138,194.88506440987237,192.46480020118213,194.36573791503906,24613600
2024-04-29 00:00:00-04:00,195.2378381823636,196.374483639196,194.87529340536125,195.9335479736328,20494600
2024-04-30 00:00:00-04:00,194.12079709129708,194.64991690758652,191.80831817450354,191.95529174804688,30606800
2024-05-01 00:00:00-04:00,191.93570619133695,196.28630340820143,191.10281606637076,192.35704040527344,38782100
2024-05-02 00:00:00-04:00,194.77730413009692,196.09031789325888,192.58240407036038,195.89434814453125,27201000
2024-05-03 00:00:00-04:00,199.31410714015223,200.04900501962638,197.07021057529784,197.83450317382812,30880600
2024-05-06 00:00:00-04:00,199.37285513590982,200.656474106328,199.28467099707171,200.39190673828125,23129800
2024-05-07 00:00:00-04:00,200.64669687351133,201.998898631595,200.38212948433974,200.84266662597656,20116900
2024-05-08 00:00:00-04:00,198.63798254922048,199.8530189937196,198.4812007593107,199.6766357421875,18349400
2024-05-09 00:00:00-04:00,199.86278007020834,201.84210873242128,199.31405884540445,201.7147216796875,22914300
2024-05-10 00:00:00-04:00,202.19486831094855,202.45942072892814,199.57861923200065,200.19593811035156,21520200
2024-05-13 00:00:00-04:00,201.93030804837196,202.39084517199592,200.4801139950099,200.61729431152344,18585300
2024-05-14 00:00:00-04:00,202.95916270897357,203.55688013382934,201.76372785926205,202.69459533691406,33169000
2024-05-15 00:00:00-04:00,204.99729178484765,205.54601306601873,203.53728948552677,205.22265625,33412300
2024-05-16 00:00:00-04:00,204.69351093079007,205.1344615354348,203.7430419921875,203.7430419921875,26731100
2024-05-17 00:00:00-04:00,203.8214475287064,204.3211875961484,203.17474883504104,203.89004516601562,35219800
2024-05-20 00:00:00-04:00,203.83124094373665,205.26183350187372,203.5960682848568,204.34075927734375,15695900
2024-05-21 00:00:00-04:00,203.6450655670467,204.48774890987372,203.40989290688583,204.14479064941406,13466800
2024-05-22 00:00:00-04:00,203.3511251511257,204.02723353855072,201.65596503080096,202.42025756835938,20853100
2024-05-23 00:00:00-04:00,203.33148305188897,203.43926864213273,198.27539841812882,199.09848022460938,34039800
2024-05-24 00:00:00-04:00,200.66627179053654,201.53834984743202,199.85299811236396,201.30319213867188,19946100
2024-05-28 00:00:00-04:00,202.80239000576907,202.91996886459458,199.86279892286362,201.02883911132812,18475900
2024-05-29 00:00:00-04:00,198.45178445130054,198.922114818324,197.7168867115308,198.05984497070312,25654800
2024-05-30 00:00:00-04:00,199.4218508386299,200.81325540375283,198.99070844772623,199.94117736816406,20428200
2024-05-31 00:00:00-04:00,200.82306099108408,202.12628149761377,198.99072066874285,201.62655639648438,25784900
2024-06-03 00:00:00-04:00,203.35111417429763,203.38050888942206,199.0593063477289,200.4899139404297,23902900
2024-06-04 00:00:00-04:00,199.05929283357273,200.38211473049958,197.5894973710018,197.90306091308594,27098900
2024-06-05 00:00:00-04:00,199.2062924450591,200.93084716796875,197.72668869468725,200.93084716796875,20707600
2024-06-06 00:00:00-04:00,200.06857929830537,200.6858982638097,198.90255396012515,199.49046325683594,17335500
2024-06-07 00:00:00-04:00,197.471916362732,199.07889211953858,196.63902629575458,197.1485595703125,26036000
2024-06-10 00:00:00-04:00,195.50240439115962,198.0598491779456,195.00266434851957,197.82467651367188,25075300
2024-06-11 00:00:00-04:00,196.1660521810474,197.52204351885308,194.96728027234641,197.14865112304688,23768400
2024-06-12 00:00:00-04:00,202.28766130251984,203.66330896628537,199.56587273352318,200.17507934570312,43668700
2024-06-13 00:00:00-04:00,199.73289909351666,199.99819002326842,197.02091630988969,198.42604064941406,28021100
2024-06-14 00:00:00-04:00,196.0874400143688,196.55908330251495,194.495634546082,195.27188110351562,33453700
2024-06-17 00:00:00-04:00,194.6725020979233,197.45325896735113,193.97486522918402,196.91282653808594,25538100
2024-06-18 00:00:00-04:00,196.97179727883287,198.18038982090772,196.54927192275338,197.25674438476562,25446900
2024-06-20 00:00:00-04:00,196.8342593825027,198.34745540310473,195.75339437259234,196.4215545654297,27999700
2024-06-21 00:00:00-04:00,196.45100373700717,196.92266203502888,195.00659705328547,196.86370849609375,37511300
2024-06-24 00:00:00-04:00,197.19779063738625,199.16298858684524,197.0405712030446,197.71856689453125,22289600
2024-06-25 00:00:00-04:00,197.63014172752509,197.65961849807232,196.3429394360597,197.07005310058594,15925400
2024-06-26 00:00:00-04:00,195.86145435002598,197.08970306165264,195.35049868787357,196.5492706298828,19313500
2024-06-27 00:00:00-04:00,197.13883598335008,198.63237562134083,196.48049647319553,198.5439453125,17432600
2024-06-28 00:00:00-04:00,200.3322907455541,201.07906059478964,197.81683968152802,199.35951232910156,35026000
2024-07-01 00:00:00-04:00,199.97855972269403,200.2733424317324,196.99145026123642,197.68910217285156,21886200
2024-07-02 00:00:00-04:00,198.01332923540818,198.75027839071768,197.40410773826278,198.3670654296875,17219100
2024-07-03 00:00:00-04:00,198.73063714648325,199.74271286302104,198.1214305968349,198.3179473876953,15167200
2024-07-05 00:00:00-04:00,197.70874409040732,198.1214338559841,196.40188566944568,197.37464904785156,17282500
2024-07-08 00:00:00-04:00,198.9861254161394,200.15542066809883,198.3277858611016,198.7601318359375,20823800
2024-07-09 00:00:00-04:00,198.40638719387135,198.99595258794986,197.04057519108457,197.8954315185547,17864200
2024-07-10 00:00:00-04:00,198.76993756135897,200.04731921148328,197.98387038583968,199.83114624023438,19286100
2024-07-11 00:00:00-04:00,204.2823225600365,207.55437897248515,203.33903593262662,207.01394653320312,65443600
2024-07-12 00:00:00-04:00,209.2149793621378,211.19983355999952,208.95950901717381,209.43115234375,50810700
2024-07-15 00:00:00-04:00,211.05241340866056,214.44239164481283,210.57094953816377,213.41065979003906,48925300
2024-07-16 00:00:00-04:00,215.32674479304575,220.94721228641396,215.20883771060068,220.69174194335938,67945700
2024-07-17 00:00:00-04:00,218.49070061873476,222.69622287709535,217.8028843602683,218.3826141357422,66092100
2024-07-18 00:00:00-04:00,217.55723918183944,220.86859287690766,213.20431799554305,214.15744018554688,53180000
2024-07-19 00:00:00-04:00,213.84301878521083,214.84525894014163,212.09399381687615,213.06675720214844,37933500
2024-07-22 00:00:00-04:00,213.89214209679494,216.81046231225204,211.63217640225687,216.45672607421875,36185900
2024-07-23 00:00:00-04:00,215.39551028373947,219.85650266821472,215.22845527757943,218.75599670410156,44884600
2024-07-24 00:00:00-04:00,217.22314320038004,219.96458749875967,213.93143093079618,214.05917358398438,42443000
2024-07-25 00:00:00-04:00,214.6487524453788,220.12183617143833,214.40310269092237,216.73187255859375,45053100
2024-07-26 00:00:00-04:00,220.00390524638178,221.4679831216416,217.84219049275308,220.31834411621094,40822600
2024-07-29 00:00:00-04:00,220.79981395559733,221.497450805348,216.928371740944,217.8716583251953,33869700
2024-07-30 00:00:00-04:00,218.84445111386108,220.55417877639485,217.26246611954429,218.6970672607422,26876800
2024-07-31 00:00:00-04:00,219.817200516916,224.6515851737865,218.11729367115493,219.96458435058594,52387700
2024-08-01 00:00:00-04:00,219.87618380895546,220.97668989802006,211.3177398681686,212.81129455566406,71508100
2024-08-02 00:00:00-04:00,205.21581753782337,207.51509571585572,203.38818270555547,205.2845916748047,66850200
2024-08-05 00:00:00-04:00,194.45630990762584,201.17729755713242,193.2771942651178,198.68148803710938,65683100
2024-08-06 00:00:00-04:00,199.47741918003243,203.64364437076827,197.69891737480094,200.84323120117188,37072500
2024-08-07 00:00:00-04:00,204.2331823698904,204.34126884597904,198.05262704374135,198.46531677246094,30594500
2024-08-08 00:00:00-04:00,200.86288106096646,203.39798822058947,199.63463233982765,203.28990173339844,26550300
2024-08-09 00:00:00-04:00,203.4471156465165,203.51588977653304,201.37383126177244,202.8673858642578,20954500
2024-08-12 00:00:00-04:00,203.01478302626006,203.37833986385118,200.27333837229497,201.03976440429688,20357900
2024-08-13 00:00:00-04:00,202.50381391333715,204.7539739040264,201.29522140351247,204.35110473632812,25458300
2024-08-14 00:00:00-04:00,204.99962179912657,205.11752887416594,202.15991146019226,203.0835418701172,25345600
2024-08-15 00:00:00-04:00,207.5838547581063,209.39184827306414,206.25735513336346,208.35028076171875,42561600
2024-08-16 00:00:00-04:00,207.69195087716656,210.25653492919332,207.60352056340352,208.9005584716797,30427400
2024-08-19 00:00:00-04:00,209.25427968838378,211.46512733327262,209.11671643465482,211.45529174804688,17246200
2024-08-20 00:00:00-04:00,211.15068253328477,211.20963606990063,208.36010518282234,208.9889678955078,21703900
2024-08-21 00:00:00-04:00,210.55129513257236,211.90728643843718,209.11670910727653,211.7107696533203,19623100
2024-08-22 00:00:00-04:00,211.8188905550589,212.6049578232637,209.421346404527,209.84385681152344,18084300
2024-08-23 00:00:00-04:00,211.43562447332513,217.23296698937952,211.05241150138878,216.54515075683594,40003100
2024-08-26 00:00:00-04:00,218.06817963822792,218.57913529470522,216.25038056117268,216.6139373779297,24865500
2024-08-27 00:00:00-04:00,215.10072531383685,215.5527124042861,213.92160965158646,214.93368530273438,19577900
2024-08-28 00:00:00-04:00,214.0788476830338,215.3070964809459,212.50669821766925,213.47946166992188,19685000
2024-08-29 00:00:00-04:00,214.9729951550539,217.13470982702762,213.3713540830606,215.00247192382812,24599500
2024-08-30 00:00:00-04:00,215.8868246514421,216.66307123479086,213.61700845368298,216.25038146972656,23010500
2024-09-03 00:00:00-04:00,214.33430324044133,215.5527162829409,209.2051357737522,209.63748168945312,31338500
2024-09-04 00:00:00-04:00,209.05775913364437,211.62234313921508,208.01620658613467,209.2837677001953,23706300
2024-09-05 00:00:00-04:00,209.82418777803792,210.30566669459927,207.24978314784917,208.24220275878906,23910500
2024-09-06 00:00:00-04:00,208.2421907309413,209.48027501822546,203.53554830201065,204.28231811523438,34561300
2024-09-09 00:00:00-04:00,204.52795918516193,206.6012435059353,203.90893206103232,204.8522186279297,23584100
2024-09-10 00:00:00-04:00,205.08803453483608,205.22559777501982,202.2090120886974,204.68516540527344,23025700
2024-09-11 00:00:00-04:00,203.85982605131994,205.60885116041516,200.6565585467092,205.2845916748047,27175600
2024-09-12 00:00:00-04:00,206.2573496723491,209.07740386755816,204.7834512439229,207.92776489257812,27611700
2024-09-13 00:00:00-04:00,210.30566556556175,213.46963558707353,210.2172352527715,213.05694580078125,37388100
2024-09-16 00:00:00-04:00,213.84302043549334,214.49152436625607,212.37894256031595,213.8233642578125,23289000
2024-09-17 00:00:00-04:00,215.75906576871395,217.940436500976,214.66838040258293,215.59202575683594,35563500
2024-09-18 00:00:00-04:00,215.41515943319123,221.025805925932,214.45221667897962,215.63133239746094,54085200
2024-09-19 00:00:00-04:00,220.75068856042836,220.77032974470583,217.64567221175386,220.07269287109375,35369500
2024-09-20 00:00:00-04:00,219.561738159485,219.5715737449368,217.439320773221,217.71446228027344,34587500
2024-09-23 00:00:00-04:00,218.81497243948326,219.22766221789658,216.19143492389605,216.91854858398438,20157700
2024-09-24 00:00:00-04:00,217.7734192466423,218.06818694942515,215.68047859725962,217.28211975097656,20939800
2024-09-25 00:00:00-04:00,217.22492470512776,217.510844129833,214.4839646469078,214.63186645507812,23242300
2024-09-26 00:00:00-04:00,217.3925342027094,218.02354280054888,215.31217514594567,215.77557373046875,24974700
2024-09-27 00:00:00-04:00,217.7573402980988,219.4729020442203,216.44602244732587,217.2347869873047,23959600
2024-09-30 00:00:00-04:00,216.33756053800207,218.4770743205156,215.50936456627394,217.7869110107422,21938200
2024-10-01 00:00:00-04:00,217.07702488210754,217.24463489735467,213.2613958984405,214.8290557861328,30016000
2024-10-02 00:00:00-04:00,213.94171728048812,215.6769872821683,213.1726759693909,214.5332794189453,14455400
2024-10-03 00:00:00-04:00,213.19238194286092,214.17833387439356,212.0585432393714,213.0937957763672,21353000
2024-10-04 00:00:00-04:00,216.2093827601097,216.8896919694987,214.23747898538525,216.07135009765625,27901500
2024-10-07 00:00:00-04:00,215.5685425855868,215.58826583783676,212.8374513596575,214.3755340576172,14891800
2024-10-08 00:00:00-04:00,214.57272284648403,215.30231764456875,213.6557797305886,214.52342224121094,18118600
2024-10-09 00:00:00-04:00,214.4741354908735,216.52491743836708,213.8727041743276,214.99668884277344,18230700
2024-10-10 00:00:00-04:00,212.8670140579658,213.8332577740434,211.58528859421364,213.80368041992188,24571400
2024-10-11 00:00:00-04:00,213.72481856119293,218.4968226150948,213.66566384849364,218.1517333984375,19950900
2024-10-14 00:00:00-04:00,218.33904642927536,219.9757302028081,217.3333712733847,219.75881958007812,19263300
2024-10-15 00:00:00-04:00,219.44334906155996,222.33218126868957,218.8616259340051,219.9363250732422,25998800
2024-10-16 00:00:00-04:00,221.73073142639595,223.97870064849047,221.23775545585886,223.55474853515625,27656700
2024-10-17 00:00:00-04:00,223.72236139593954,223.7716620025048,221.75045748879333,222.94345092773438,18003600
2024-10-18 00:00:00-04:00,223.47586255710195,223.84065994799343,222.2236994244193,222.48004150390625,20047400
2024-10-21 00:00:00-04:00,222.46034388154035,222.51949859158768,218.41793485806753,218.9799346923828,24243800
2024-10-22 00:00:00-04:00,218.3587899373186,218.71373325794795,217.2052279063816,218.1517333984375,15813900
2024-10-23 00:00:00-04:00,216.93900589292352,217.69819310524787,214.31637010084515,216.1601104736328,23263500
2024-10-24 00:00:00-04:00,217.3333792700745,217.93481055624028,215.46007659876864,216.63336181640625,18381900
2024-10-25 00:00:00-04:00,218.20100414178285,218.85173598127597,215.45020506673504,215.81500244140625,23807800
2024-10-28 00:00:00-04:00,217.68831644945956,219.83769944485675,217.3826737632611,219.33486938476562,19877700
2024-10-29 00:00:00-04:00,217.63903281857534,218.782725615064,216.8798456257049,218.62498474121094,20282200
2024-10-30 00:00:00-04:00,217.9643957231575,221.32648029875818,217.79677065954314,218.32919311523438,19754800
2024-10-31 00:00:00-04:00,218.1122821774572,218.65455873546057,214.57271844024862,214.7008819580078,24078400
2024-11-01 00:00:00-04:00,216.41644677021714,217.8657972983832,215.27273893060823,215.90374755859375,21222200
2024-11-04 00:00:00-05:00,215.43049374999046,218.62498337536812,214.77976187445262,216.99815368652344,20463700
2024-11-05 00:00:00-05:00,216.25869739089873,221.13915654102436,215.982632048085,221.0800018310547,26404600
2024-11-06 00:00:00-05:00,233.26637291066405,234.24247077670486,229.48032095751762,233.8875274658203,75554600
2024-11-07 00:00:00-05:00,233.56215624912062,235.13968538294523,232.09308243130187,233.059326171875,34970300
2024-11-08 00:00:00-05:00,232.615649782592,235.11997630517314,232.3395844241957,234.77488708496094,26597800
2024-11-11 00:00:00-05:00,237.14114943728896,238.98487463126335,236.4805634856748,238.3045654296875,29207700
2024-11-12 00:00:00-05:00,236.58904068476727,238.39331954576343,233.23679496940204,234.12416076660156,35314300
2024-11-13 00:00:00-05:00,235.59321123350662,236.51015435372568,231.53109408631613,231.80715942382812,25947700
2024-11-14 00:00:00-05:00,232.63534810970108,233.10860080989804,227.96194572583798,228.6816864013672,29272100
2024-11-15 00:00:00-05:00,228.9577443385853,229.02675314634575,224.60969298343161,225.27027893066406,37930000
2024-11-18 00:00:00-05:00,225.99990849106135,227.36052700415763,224.92522447000295,225.71397399902344,29368500
2024-11-19 00:00:00-05:00,223.406851842962,227.57743948138318,223.2195185627507,227.39010620117188,26009400
2024-11-20 00:00:00-05:00,226.99571919413086,227.68588256835938,224.83648195984702,227.68588256835938,24222700
2024-11-21 00:00:00-05:00,228.89859159082016,232.260691105224,227.86333911010763,231.1465606689453,28679400
2024-11-22 00:00:00-05:00,232.32972174348131,235.87915485530877,232.02407903971374,235.41575622558594,22693100
2024-11-25 00:00:00-05:00,238.09751571662233,241.5384780164202,237.9989145146598,238.99472045898438,33534000
2024-11-26 00:00:00-05:00,237.79187676164898,238.2158439102065,236.06646090224848,237.23974609375,22581400
2024-11-27 00:00:00-05:00,238.61021586842907,240.2666228971775,237.06227919578345,237.5651092529297,19472800
2024-11-29 00:00:00-05:00,238.96514389131784,240.0595510411957,238.14680205452348,238.47216796875,16782700
2024-12-02 00:00:00-05:00,238.8370037032243,239.2511017132847,236.63832004188782,238.3538818359375,25274800
2024-12-03 00:00:00-05:00,238.1468172434339,238.73839440601836,236.00730340836384,236.6580352783203,21376700
2024-12-04 00:00:00-05:00,236.90451967116445,238.27499220079994,235.84955896864918,237.50595092773438,19903000
2024-12-05 00:00:00-05:00,237.1411682911447,237.4763883449859,234.4002230613932,234.73544311523438,20227000
2024-12-06 00:00:00-05:00,236.42140558579538,236.52000679611405,235.0312248046696,235.573486328125,20760900
2024-12-09 00:00:00-05:00,237.1707265924483,237.98906845421058,234.3114571276586,234.3903350830078,16684300
2024-12-10 00:00:00-05:00,234.24244408446498,235.46502980362607,232.60576039053115,233.3748016357422,19946500
2024-12-11 00:00:00-05:00,235.3565762125451,235.92841505489957,233.50298189292366,234.42977905273438,23156900
2024-12-12 00:00:00-05:00,233.82835019194832,234.31145698206842,231.0578278314178,231.3831787109375,21454500
2024-12-13 00:00:00-05:00,231.07756295308147,231.5606848439078,228.6225521277894,229.79583740234375,23972900
2024-12-16 00:00:00-05:00,229.6380554992674,232.31984581079072,229.08592485473588,231.1465606689453,32293500
2024-12-17 00:00:00-05:00,230.08253344095948,230.84397468891763,227.9861142580669,228.50033569335938,33064300
2024-12-18 00:00:00-05:00,229.65732696317852,230.4879819281109,216.4854478516786,218.38409423828125,52267500
2024-12-19 00:00:00-05:00,220.76729335205806,221.93416362846335,216.8908884888864,217.4149932861328,51871700
2024-12-20 00:00:00-05:00,216.1690160481204,222.16162205415543,215.64491123829228,219.45208740234375,53882200
2024-12-23 00:00:00-05:00,219.27410114432968,219.92675001381033,216.9403453956366,218.94776916503906,29606800
2024-12-24 00:00:00-05:00,219.5509866460226,221.1430829242913,218.0281040724957,220.90574645996094,13399600
2024-12-26 00:00:00-05:00,219.94653174633947,223.625163943631,219.00709943065013,223.17027282714844,20024800
2024-12-27 00:00:00-05:00,221.79571938968027,222.9329395757507,217.75120689595371,219.91685485839844,26956000
2024-12-30 00:00:00-05:00,218.21600775170387,219.34332962469364,215.42737578761412,218.22589111328125,25706100
2024-12-31 00:00:00-05:00,219.64986562163793,220.79696923276717,217.70177219054628,218.50277709960938,26208300
2025-01-02 00:00:00-05:00,220.45085820671414,221.87484683299763,217.1579033698097,218.68077087402344,29363000
2025-01-03 00:00:00-05:00,219.60041782815108,222.31983571039453,218.91808874525952,221.9341583251953,24525300
2025-01-06 00:00:00-05:00,223.24937873932961,224.6437021325142,221.6473991491773,222.02317810058594,23541900
2025-01-07 00:00:00-05:00,223.07137447139803,224.00092334500786,218.91808479848748,220.24317932128906,28835200
2025-01-08 00:00:00-05:00,218.44342565497325,219.8377490531059,216.57444443012957,219.2444305419922,26795900
2025-01-10 00:00:00-05:00,215.88223831599268,216.27779909082224,212.91560040572404,214.418701171875,37379400
2025-01-13 00:00:00-05:00,212.1145969825455,215.10101651232927,211.5904921924672,214.83401489257812,28603800
2025-01-14 00:00:00-05:00,216.74254704739488,217.78087327903305,214.8043521648302,217.27655029296875,25447500
2025-01-15 00:00:00-05:00,222.93293238448953,223.0713748708645,220.52006468844084,221.54849243164062,30124700
2025-01-16 00:00:00-05:00,221.65729982738705,222.72529133396176,220.2333262410555,221.9935302734375,21029800
2025-01-17 00:00:00-05:00,224.406366925658,224.44593054660575,222.17150519331935,222.95272827148438,26754900
2025-01-21 00:00:00-05:00,224.9898281615327,227.3334673323598,224.4657233266144,227.2345733642578,26086300
2025-01-22 00:00:00-05:00,226.79946063534382,227.2939002573183,225.2963599595934,225.75123596191406,21307300
2025-01-23 00:00:00-05:00,224.4063591108207,226.79946015451154,224.03059525950457,226.77967834472656,20850700
2025-01-24 00:00:00-05:00,226.27534867693504,227.66965689902892,225.50400900911168,226.14678955078125,19074500
2025-01-27 00:00:00-05:00,224.1888266820985,227.06645389959613,222.70550777219447,223.9811553955078,27461700
2025-01-28 00:00:00-05:00,224.2184796769895,225.02935279070377,222.67581541961943,224.22836303710938,16847400
2025-01-29 00:00:00-05:00,224.15913447714195,225.6820169267229,222.0824971673944,223.71414184570312,20280500
2025-01-30 00:00:00-05:00,225.97870306480482,227.4916871947369,224.39649014073564,225.98858642578125,25575100
2025-01-31 00:00:00-05:00,226.20614024449773,227.75868799080206,223.03183104710834,223.9613800048828,35330700
2025-02-03 00:00:00-05:00,219.04662855939043,223.04170902104858,218.2159736436751,221.34083557128906,34023300
2025-02-04 00:00:00-05:00,221.11341728318297,224.60416000138508,220.72775496015245,224.4063720703125,17985500
2025-02-05 00:00:00-05:00,225.52379764824255,226.94778617181186,224.36681074511745,226.84889221191406,15197300
2025-02-06 00:00:00-05:00,227.94655481301487,228.13444428833796,224.77226081014646,226.10723876953125,18809400
2025-02-07 00:00:00-05:00,226.3050214814504,226.70056714420824,223.07138212210089,223.48670959472656,28914400
2025-02-10 00:00:00-05:00,224.84147527870408,224.9898162229857,223.3482730098438,224.49537658691406,14574700
2025-02-11 00:00:00-05:00,222.54728272792332,223.9020424992906,222.30994627105088,223.19004821777344,18215700
2025-02-12 00:00:00-05:00,219.78830229298458,221.98361549124746,219.32352782647214,221.1331787109375,25572800
2025-02-13 00:00:00-05:00,222.53737937921363,223.82292541971375,221.26173178821958,223.62515258789062,21419400
2025-02-14 00:00:00-05:00,224.74257721182002,225.4446729851863,223.10103413886674,223.45703125,13574500
2025-02-18 00:00:00-05:00,223.63501820307485,225.1381187660408,223.00213613799949,224.68324279785156,15166500
2025-02-19 00:00:00-05:00,222.90328027645361,224.6239205523509,222.5769483060696,223.91192626953125,16194800
2025-02-20 00:00:00-05:00,223.49660628861454,223.67461240984505,220.52996837364586,221.7660675048828,18507700
2025-02-21 00:00:00-05:00,223.48668999948927,223.84268710039754,215.04166861835793,215.3778839111328,45036900
2025-02-24 00:00:00-05:00,216.35690714909413,216.35690714909413,212.7573869053187,213.82537841796875,30246200
2025-02-25 00:00:00-05:00,213.9637962107943,214.8537965797571,211.11583426177265,213.0144805908203,33665100
2025-02-26 00:00:00-05:00,213.65725784205875,215.98113021854107,212.45082389628078,213.28147888183594,25464200
2025-02-27 00:00:00-05:00,213.24191843900107,214.0824718275726,209.85995325319158,210.02806091308594,29378500
2025-02-28 00:00:00-05:00,209.2864030948851,212.2728226438234,208.613972450132,212.26292419433594,32015400
2025-03-03 00:00:00-05:00,213.00459764877476,213.55838273802647,205.11334496842292,206.45822143554688,36330000
2025-03-04 00:00:00-05:00,203.63989442445555,207.4372021695575,200.9303749668861,204.12445068359375,56427100
2025-03-05 00:00:00-05:00,204.15411680762656,206.517537596084,202.54225390127098,206.1516571044922,35778500
2025-03-06 00:00:00-05:00,203.49155567698097,205.80552932796977,201.63245799716154,202.9971160888672,39206300
2025-03-07 00:00:00-05:00,202.69058576508507,204.80678680543983,199.48661148894507,203.65968322753906,43514000
2025-03-10 00:00:00-04:00,201.17759828367446,202.46314433447836,196.53975215811502,198.53729248046875,39442800
2025-03-11 00:00:00-04:00,198.88339759793556,200.96005013862515,196.32220386309203,198.51751708984375,51509700
2025-03-12 00:00:00-04:00,200.79194380901598,201.48415629749402,197.3308662775253,198.86363220214844,36881700
2025-03-13 00:00:00-04:00,199.03173336612238,199.78327617346253,194.80921469077035,195.89698791503906,31336900
2025-03-14 00:00:00-04:00,198.01318876113632,200.81171888196238,197.12318837229796,200.6337127685547,34089400
2025-03-17 00:00:00-04:00,200.45571795835872,203.7289058379531,200.34694063808067,203.1652374267578,26947600
2025-03-18 00:00:00-04:00,202.03541014427054,202.10477916670143,200.54876257918528,201.40110778808594,22888000
2025-03-19 00:00:00-04:00,201.5398528949173,205.83129538627944,201.09384654486178,204.532958984375,31595600
2025-03-20 00:00:00-04:00,202.50121606229905,205.45468482235808,202.38227398025035,203.234619140625,25665900
2025-03-21 00:00:00-04:00,200.91545428372407,202.6003184169142,199.96399323463862,201.97592163085938,39470200
2025-03-24 00:00:00-04:00,205.11771271880258,207.36749499207494,204.85011194089932,207.00079345703125,25774700
2025-03-25 00:00:00-04:00,206.83231278550477,207.4071516313213,205.24654940925498,205.8511199951172,17836900
2025-03-26 00:00:00-04:00,206.10881629040767,206.96116146296998,202.8579998402237,203.75990295410156,19344600
2025-03-27 00:00:00-04:00,203.50221196767788,204.5131364492988,201.9461804066065,202.7886199951172,23960000
2025-03-28 00:00:00-04:00,202.71923779489936,202.75889019539838,197.60518210659046,198.6656494140625,26656200
2025-03-31 00:00:00-04:00,195.72208564365317,198.8539598626649,193.74980972959176,197.71420288085938,32250800
2025-04-01 00:00:00-04:00,197.21864858140088,199.43869900938154,194.9093878163994,197.7340087890625,26054100
2025-04-02 00:00:00-04:00,195.02832463464824,201.520021603144,194.79045559549147,200.85598754882812,36603000
2025-04-03 00:00:00-04:00,191.39099886365437,193.32363758006244,187.51580076885648,187.9617919921875,60551500
2025-04-04 00:00:00-04:00,180.98446042661314,182.41164439244105,175.097334129053,179.5771026611328,92612800
2025-04-07 00:00:00-04:00,172.76826596649482,188.5564549053288,170.20130983070712,177.9517059326172,96706200
2025-04-08 00:00:00-04:00,184.03704270786756,184.2649910786749,170.80587457215566,173.26380920410156,61090600
2025-04-09 00:00:00-04:00,171.18251150276254,190.3999082726694,170.21123933557587,187.9915313720703,123015100
2025-04-10 00:00:00-04:00,182.87746739765106,183.82891332201189,175.40457754872233,180.0924835205078,67503000
2025-04-11 00:00:00-04:00,179.52754952102288,183.20453095136057,176.990340235262,182.71888732910156,44954400
2025-04-14 00:00:00-04:00,186.13815714359455,186.29673649074553,181.4205349880453,184.8695526123047,35214600
2025-04-15 00:00:00-04:00,184.68125943648164,187.3671425685752,184.18571027080066,185.09751892089844,30715500
2025-04-16 00:00:00-04:00,184.0469533432074,185.06778339378437,180.9349052513305,183.32345581054688,35063300
2025-04-17 00:00:00-04:00,183.3432805313216,185.7615476875542,182.81799964052516,184.82000732421875,42359200
2025-04-21 00:00:00-04:00,183.35318851818326,183.640600375812,179.16084687460173,181.11331176757812,26019000
2025-04-22 00:00:00-04:00,183.50185306987726,186.42560529463643,182.90720313489624,185.80120849609375,34477100
2025-04-23 00:00:00-04:00,191.20268824920254,193.7696292976189,188.15010357420994,188.55645751953125,44866100
2025-04-24 00:00:00-04:00,189.06190735654232,192.63977284514135,188.19965666990555,192.33253479003906,29820100
2025-04-25 00:00:00-04:00,191.0044818607612,192.53076671870903,189.84489856571173,192.3920135498047,25029000
2025-04-28 00:00:00-04:00,192.76862622683197,194.40393243098598,190.81616129634293,193.2047119140625,22482300
2025-04-29 00:00:00-04:00,192.73889271392284,195.10761710872038,191.29188250350845,194.34446716308594,20118200
2025-04-30 00:00:00-04:00,191.4207217310874,193.73988808328082,189.02226570151652,193.1254119873047,29046100
2025-05-01 00:00:00-04:00,193.9678500122528,195.91039416197387,192.01538520108983,194.32464599609375,33169700
2025-05-02 00:00:00-04:00,196.56454853060313,199.4189167771088,196.41587469603675,198.69540405273438,30201800
2025-05-05 00:00:00-04:00,196.80239636933533,198.71520882619768,196.3167527588611,197.16909790039062,20834200
2025-05-06 00:00:00-04:00,194.84001179988024,196.82220840631385,193.8984714364163,195.01841735839844,24642100
2025-05-07 00:00:00-04:00,196.33658289417627,196.7924796517128,194.29490765529818,195.66262817382812,23623300
2025-05-08 00:00:00-04:00,197.99170781480606,200.93527091898994,196.49513973191523,199.38914489746094,32646300
2025-05-09 00:00:00-04:00,199.7459431977398,200.47936137838698,198.1800212039403,199.02244567871094,17203000
2025-05-12 00:00:00-04:00,206.98097414567033,207.86305106526785,203.9878680409006,206.0196075439453,38207200
2025-05-13 00:00:00-04:00,207.0701750784938,207.7441298336866,206.10882357321273,206.77285766601562,28295800
2025-05-14 00:00:00-04:00,206.18809427380702,206.68364344927306,204.69154120816543,204.93931579589844,26316100
2025-05-15 00:00:00-04:00,204.74110769973726,206.33677671628715,203.56169819320542,206.27731323242188,21563700
2025-05-16 00:00:00-04:00,206.56471612561,208.25950095684553,205.93041378704012,207.98199462890625,28906400
2025-05-19 00:00:00-04:00,204.95915106178936,207.22875973169593,204.42394945975843,207.10983276367188,25859600
2025-05-20 00:00:00-04:00,206.80258206707853,207.8927811610456,206.10881625765214,207.21884155273438,22053100
2025-05-21 00:00:00-04:00,204.790662421725,205.7619345964849,201.03439110508472,201.40110778808594,36704400
2025-05-22 00:00:00-04:00,200.48925603098692,202.55074218201656,199.73602681392106,201.3911590576172,31831300
2025-05-23 00:00:00-04:00,198.00162947834838,201.45064754242213,197.8727818519879,200.7568817138672,29114600
2025-05-27 00:00:00-04:00,203.80945985619383,205.90067793618005,202.342638563087,205.8511199951172,31655900
2025-05-28 00:00:00-04:00,205.86103135186855,206.17817493900694,203.37336497878607,203.68060302734375,26046700
2025-05-29 00:00:00-04:00,205.1077848914122,205.21680630652995,202.64986540498225,204.28517150878906,32749500
2025-05-30 00:00:00-04:00,203.31390637116132,204.4140260983545,201.72814302860826,203.24453735351562,37768900
2025-06-02 00:00:00-04:00,203.49231746898346,204.00767771482356,200.8658978065826,203.87884521484375,30334300
2025-06-03 00:00:00-04:00,204.6221661826517,207.74411984728593,203.7202630802604,207.16928100585938,37702200
2025-06-04 00:00:00-04:00,207.31793676046217,208.1405501706671,206.28720117448302,206.58453369140625,27225300
2025-06-05 00:00:00-04:00,206.84220620484984,207.96215209081532,205.15734216815736,206.67372131347656,35728700
2025-06-06 00:00:00-04:00,209.6172996219939,210.24169641766213,208.72531716214837,210.01373291015625,32144500
2025-06-09 00:00:00-04:00,211.96619383700855,212.37254777959382,210.65795191251198,211.4607391357422,33984400
2025-06-10 00:00:00-04:00,212.55095156731886,213.51230302100436,211.90672858794923,212.60049438476562,30182200
2025-06-11 00:00:00-04:00,213.66098655839508,214.00786191109725,211.40128350431368,211.7283477783203,31113400
2025-06-12 00:00:00-04:00,210.28133942334506,211.37155367991932,209.74615295745647,210.8859100341797,25367000
2025-06-13 00:00:00-04:00,207.97207324077587,209.55783664314566,206.36649876002286,207.03053283691406,60580000
2025-06-16 00:00:00-04:00,209.18318328927754,210.64412751688886,208.34836234915005,209.47140502929688,28974000
2025-06-17 00:00:00-04:00,207.77192799004678,209.15336325487453,207.08617682175532,207.26507568359375,32843200
2025-06-18 00:00:00-04:00,207.15575520908266,210.08757654145566,206.4998179827172,208.35829162597656,42850500
2025-06-20 00:00:00-04:00,209.80929275079836,209.94842956498414,207.17562620914777,207.92100524902344,36978100
2025-06-23 00:00:00-04:00,207.1955024343473,210.47517340689194,205.5357935089343,210.46524047851562,35516400
2025-06-24 00:00:00-04:00,211.9758525203305,213.6057474038058,211.05158979590942,213.14859008789062,31772500
2025-06-25 00:00:00-04:00,213.33743013396378,213.4069909609171,210.58449254491433,210.66400146484375,27725600
2025-06-26 00:00:00-04:00,211.51870364543007,214.22194626708736,211.3894997547967,214.0828094482422,26261200
2025-06-27 00:00:00-04:00,214.71886964650741,216.07049098253344,212.81070102472526,214.15237426757812,47717300
2025-06-30 00:00:00-04:00,215.34498038850458,215.374809503612,214.06293502994103,214.46046447753906,25558000
2025-07-01 00:00:00-04:00,213.29766583752465,219.1712564390473,212.83056041586053,216.66677856445312,43864800
2025-07-02 00:00:00-04:00,217.02456760225428,219.7377583661196,216.02079590271703,219.66818237304688,35735200
2025-07-03 00:00:00-04:00,220.64213640117904,221.9540108360566,220.40362480558377,221.70555114746094,23515700
2025-07-07 00:00:00-04:00,220.20486506013424,221.44716353116507,217.064330885822,218.37619018554688,41551200
2025-07-08 00:00:00-04:00,219.22097062494626,220.92042652951963,218.97251091780467,219.8868408203125,36339300
2025-07-09 00:00:00-04:00,221.1987011703779,222.3117957342746,219.75762282953352,222.27203369140625,32425200
2025-07-10 00:00:00-04:00,222.01363127363456,224.65724591099345,221.486897964696,223.41494750976562,33865900
2025-07-11 00:00:00-04:00,221.79498956971347,222.1627050504266,220.20485668612972,220.33404541015625,31579600
2025-07-14 00:00:00-04:00,220.00608650721054,221.963950122611,219.69799891089065,221.81488037109375,24632200
2025-07-15 00:00:00-04:00,222.6894551762079,222.84845785039604,217.44197264382794,217.4718017578125,44215400
2025-07-16 00:00:00-04:00,218.86317485346225,220.00608337154202,215.57357095547204,219.6582489013672,48199800
2025-07-17 00:00:00-04:00,219.71787629878722,222.81864839727348,219.35016080794205,222.54037475585938,43548000
2025-07-18 00:00:00-04:00,223.90192881424758,223.97150480692736,220.61232492670018,220.96017456054688,49009900
2025-07-21 00:00:00-04:00,222.16270468823018,223.02735470182472,219.88682065206154,220.06570434570312,28191400
2025-07-22 00:00:00-04:00,220.25453565010585,222.43104490663512,219.30045895655437,221.89437866210938,30873300
2025-07-23 00:00:00-04:00,223.43484536952266,225.3132000871506,222.68946627261036,225.2833709716797,37478100
2025-07-24 00:00:00-04:00,224.13051672779918,224.45848533153352,222.10307720740047,222.1726531982422,29446700
2025-07-25 00:00:00-04:00,223.03729021241628,223.21618907290497,221.16886851172208,222.99754333496094,24555500
2025-07-28 00:00:00-04:00,223.93176971420286,224.05102551961474,222.0533997903045,222.73915100097656,24934900
2025-07-29 00:00:00-04:00,224.2199700944949,224.29947901749503,220.69183935584368,221.31796264648438,28685900
2025-07-30 00:00:00-04:00,222.28198325739612,223.54414757847235,218.7637855142622,220.19491577148438,48924400
2025-07-31 00:00:00-04:00,219.10169905088964,220.65208508551743,217.53143199498365,218.0382843017578,42913900
2025-08-01 00:00:00-04:00,214.88781862059793,215.2257201605842,211.03171936614555,213.5958251953125,63854100
2025-08-04 00:00:00-04:00,215.21579015433704,218.38613827877194,214.74868471604734,218.37619018554688,34989600
2025-08-05 00:00:00-04:00,219.2010818465056,219.89676596893207,216.89538373149543,219.4893035888672,31337100
2025-08-06 00:00:00-04:00,219.58866155663637,219.62842359760296,218.02834265614322,219.20106506347656,23142100
2025-08-07 00:00:00-04:00,221.3875269020988,221.46703582632932,217.16371197780347,218.4855194091797,37088000
2025-08-08 00:00:00-04:00,219.70794928530762,220.2048686818929,218.3861418706176,218.9625701904297,28318100
2025-08-11 00:00:00-04:00,219.40979170444794,220.3141734690085,218.4556998031563,218.91287231445312,25212800
2025-08-12 00:00:00-04:00,220.4831353723927,225.58151790840563,219.78743610730822,225.41256713867188,43815500
2025-08-13 00:00:00-04:00,226.85362555172432,230.03392165461008,226.42628217220476,229.79539489746094,41705800
2025-08-14 00:00:00-04:00,227.03253547687783,227.39031804765284,224.77651717880264,226.83377075195312,55945500
2025-08-15 00:00:00-04:00,227.2312971717648,227.37043399383438,224.64731028787088,225.73060607910156,33571400
2025-08-18 00:00:00-04:00,225.8101171266929,227.05241560857192,225.54177640846962,226.5554962158203,20144100
2025-08-19 00:00:00-04:00,226.6151146209195,227.56919132274996,224.29946852795442,224.81626892089844,25000700
2025-08-20 00:00:00-04:00,224.53797968517296,224.98521925086206,222.311790608706,224.0211944580078,29229700
2025-08-21 00:00:00-04:00,223.02737266022757,224.92560844107564,222.40124935251464,224.5777587890625,24539400
2025-08-22 00:00:00-04:00,225.96910467740994,233.9695093980002,225.78027289444333,233.38314819335938,58205500
2025-08-25 00:00:00-04:00,232.69740702654659,232.85642486794345,230.92837524414062,230.92837524414062,28453700
2025-08-26 00:00:00-04:00,231.39548465545903,233.4229090914263,231.15695788926087,232.8365478515625,25121500
2025-08-27 00:00:00-04:00,232.2998706886563,234.66519655888763,232.12097183120406,234.48631286621094,25395400
2025-08-28 00:00:00-04:00,235.5000488328031,235.50998176148826,233.89996775744902,234.7646026611328,25011200
2025-08-29 00:00:00-04:00,235.2813881741094,235.55966180742618,232.92598005419654,233.72105407714844,29254800
2025-09-02 00:00:00-04:00,230.56067221035872,232.95581222989318,230.04387178028853,232.45889282226562,33108600
2025-09-03 00:00:00-04:00,231.83277146578894,233.8105008899551,231.02776449768353,232.2303009033203,33252400
2025-09-04 00:00:00-04:00,232.7868488760681,235.21181788065954,232.1408597469589,235.13230895996094,30323800
2025-09-05 00:00:00-04:00,236.255343482825,238.2032588961897,233.50240596188175,236.30503845214844,47542500
2025-09-08 00:00:00-04:00,237.0404665813276,237.09016155005907,234.9335333571358,236.78207397460938,31487700
2025-09-09 00:00:00-04:00,236.4342351197152,236.49387818377286,233.96951923915913,235.39071655273438,35395800
2025-09-10 00:00:00-04:00,235.84788010438376,236.80197201235595,234.00928744739488,234.97329711914062,33910200
2025-09-11 00:00:00-04:00,235.39073068348895,239.44557972581785,234.78448839643886,239.31639099121094,43629800
2025-09-12 00:00:00-04:00,238.72007703183402,238.83934800003442,236.73239942929624,236.8715362548828,46097600
2025-09-15 00:00:00-04:00,237.75603421659298,238.56104115843027,237.08023116188653,237.87530517578125,33014000
2025-09-16 00:00:00-04:00,237.65304205639896,238.13143352749844,235.96868799297613,237.48361206054688,37059300
2025-09-17 00:00:00-04:00,238.0218251134132,243.46356823117895,236.2278380166476,238.09158325195312,79955600
2025-09-18 00:00:00-04:00,239.9951920731784,244.33064421215667,239.3274331977346,244.0216827392578,49167700
2025-09-19 00:00:00-04:00,244.74926297187662,244.74926297187662,241.69947733274464,242.16790771484375,56092000
2025-09-22 00:00:00-04:00,241.43038824820064,243.97185344356035,240.30416008029596,243.5731964111328,53572900
2025-09-23 00:00:00-04:00,244.19111216768243,246.3538576807509,242.6263673933993,243.0250244140625,41854500
2025-09-24 00:00:00-04:00,243.0848269777777,243.7924606945162,240.7526514174692,240.7925262451172,36002200
2025-09-25 00:00:00-04:00,238.18127289529323,239.1879069898369,236.75605956431286,238.490234375,37209500
2025-09-26 00:00:00-04:00,238.81913362330027,240.8722462275672,238.53010955702007,240.53338623046875,28942800
2025-09-29 00:00:00-04:00,242.02837796359836,242.1180735162701,240.00516383400463,240.8124542236328,26391500
2025-09-30 00:00:00-04:00,240.3041562210908,241.3207514075831,238.59986473808289,241.1513214111328,33447700
2025-10-01 00:00:00-04:00,239.76596906121128,242.22769978281272,239.74603164746088,241.67955017089844,28520000
2025-10-02 00:00:00-04:00,242.18784205571566,243.27419539284472,240.66295685939554,243.20443725585938,28687400
2025-10-03 00:00:00-04:00,244.53000084126353,247.2608335196784,244.21106304092206,245.00839233398438,34579600
2025-10-06 00:00:00-04:00,246.90203076636885,247.64952411101186,245.24759038814682,245.985107421875,31507400
2025-10-07 00:00:00-04:00,246.53326543041638,246.8123283880743,242.37720437409246,243.34396362304688,31766600
2025-10-08 00:00:00-04:00,244.4602265791855,246.13461960912608,242.98517727760762,245.89541625976562,25825000
2025-10-09 00:00:00-04:00,245.48677887798965,246.42363963786755,243.19446290956756,244.31072998046875,26243100
2025-10-10 00:00:00-04:00,244.92865739464784,246.0648466924599,236.76602747793362,236.99525451660156,70569400
2025-10-13 00:00:00-04:00,241.02176066677285,243.81240558385173,240.5931898992664,243.5931396484375,36298600
2025-10-14 00:00:00-04:00,240.42375135953364,248.76578729681975,239.556663959777,247.0714569091797,45320800
2025-10-15 00:00:00-04:00,249.52324568513805,251.92519461634336,246.23427192639846,249.49334716796875,45369000
2025-10-16 00:00:00-04:00,250.13120262927856,250.4202266921626,243.18449673143363,244.24095153808594,52740400
2025-10-17 00:00:00-04:00,242.50678577015987,244.34063249175787,240.66296273746963,242.5964813232422,55379500
2025-10-20 00:00:00-04:00,245.79573543502053,247.50002692052675,245.31734396153084,247.33059692382812,32545000
2025-10-21 00:00:00-04:00,246.603036929619,247.53989771300746,244.68945574149828,246.16452026367188,26337900
2025-10-22 00:00:00-04:00,245.20771476823455,246.03494255856978,239.96530026953872,242.52670288085938,46578400
2025-10-23 00:00:00-04:00,243.47351911987104,246.29406242438336,242.86555727391197,245.59640502929688,28591000
2025-10-24 00:00:00-04:00,248.96511771586074,250.27073698086613,248.13788992943796,248.59634399414062,26627000
2025-10-27 00:00:00-04:00,250.93848916549328,251.3670599096088,248.66611069321658,249.46343994140625,31798100
2025-10-28 00:00:00-04:00,248.71595413277672,250.0614330224205,247.28076448425725,248.1279296875,28075900
2025-10-29 00:00:00-04:00,248.00831492229727,250.30063082640154,243.8721912751672,246.01499938964844,56235300
2025-10-30 00:00:00-04:00,244.45025642734737,247.31065937153443,243.8123960604551,244.0316619873047,44538700
2025-10-31 00:00:00-04:00,244.17119752999693,245.96516938637464,242.8755393609978,245.40704345703125,37214700
2025-11-03 00:00:00-05:00,245.34724586852855,245.43694141958656,241.67955250810675,244.61968994140625,28887900
2025-11-04 00:00:00-05:00,240.9818843191902,243.24430179791065,240.19453134355854,240.39385986328125,34468700
2025-11-05 00:00:00-05:00,241.15131802187102,244.9087068231123,240.8323802393008,243.86221313476562,38229200
2025-11-06 00:00:00-05:00,243.4436275745316,243.97185498935085,239.1978708418928,239.5467071533203,40601200
2025-11-07 00:00:00-05:00,237.61318833489847,240.85232616563687,235.48034126389314,240.802490234375,54978900
2025-11-10 00:00:00-05:00,244.19112162903912,244.4203638722036,241.4403515811852,243.2144012451172,31238000
2025-11-11 00:00:00-05:00,242.5566034291425,243.92203495368005,241.70945342552983,243.4237060546875,27357900
2025-11-12 00:00:00-05:00,244.02168513684293,245.5565466213953,242.51673737660457,242.82569885253906,34543200
2025-11-13 00:00:00-05:00,241.03172117459343,241.8689100853113,235.05177431325214,235.99859619140625,65710000
2025-11-14 00:00:00-05:00,232.5601317940527,237.93211682919156,232.49037365478668,236.68629455566406,58344400
2025-11-17 00:00:00-05:00,235.6697015569396,237.04507892990407,230.9853979001045,231.9820556640625,55765900
2025-11-18 00:00:00-05:00,230.53691277253824,234.29431692837144,230.18809166798798,232.689697265625,63092500
2025-11-19 00:00:00-05:00,233.01859978200943,235.58000245403903,231.65316823654356,232.6498260498047,57280500
2025-11-20 00:00:00-05:00,236.44710156628108,238.30088567960937,228.13496396973687,228.34426879882812,95483000
2025-11-21 00:00:00-05:00,229.1914270890605,236.3175240492695,228.81269227061458,234.8125762939453,99504100
2025-11-24 00:00:00-05:00,235.17137151159227,239.5865580843453,234.69296483764984,239.0981903076172,36135300
2025-11-25 00:00:00-05:00,239.93540287185326,244.72932442913506,239.23773024961835,244.31072998046875,46160800
2025-11-26 00:00:00-05:00,244.23100014510325,247.99836546205023,243.95193717405468,246.47348022460938,34636600
2025-11-28 00:00:00-05:00,247.18109263966898,247.97842191199038,246.24424709306663,247.9186248779297,18911800
2025-12-01 00:00:00-05:00,244.7492667999235,246.86217650011343,244.5200245529849,244.79908752441406,36920000
2025-12-02 00:00:00-05:00,246.5432300105046,246.5432300105046,244.30075000697448,244.3505859375,31918500
2025-12-03 00:00:00-05:00,245.1479137143188,249.00497443048255,244.65954593059897,248.79568481445312,32846300
2025-12-04 00:00:00-05:00,248.13789743977318,251.81556721070476,247.70932667123262,250.97837829589844,40245800
2025-12-05 00:00:00-05:00,250.64947960973709,251.81556742947137,249.44351696100136,249.931884765625,36956600
2025-12-08 00:00:00-05:00,251.85542553414533,251.92519888058203,249.34384359487643,250.0315399169922,29100000
2025-12-09 00:00:00-05:00,249.41361539948633,252.1045884281723,249.2641228120337,250.5498046875,30170100
2025-12-10 00:00:00-05:00,250.06143833814656,255.71250150126818,249.70264091838948,253.9583740234375,51105200
2025-12-11 00:00:00-05:00,253.78892757593977,257.14767451785343,253.47000500559392,256.9383544921875,41345200
2025-12-12 00:00:00-05:00,257.087889949737,257.33705439806374,252.59295356893682,253.0015869140625,57657700
2025-12-15 00:00:00-05:00,254.69589361024163,254.83542508833037,250.89862997787793,251.08798217773438,43120100
2025-12-16 00:00:00-05:00,250.33999633789062,252.16000366210938,248.47000122070312,249.89999389648438,43115300
2025-12-17 00:00:00-05:00,250.3699951171875,252.16000366210938,246.6999969482422,247.24000549316406,38132400
2025-12-18 00:00:00-05:00,250.17999267578125,251.36000061035156,248.2100067138672,248.7100067138672,39068000
2025-12-19 00:00:00-05:00,249.27999877929688,251.39999389648438,249.05999755859375,250.7899932861328,43610400
2025-12-22 00:00:00-05:00,252.27999877929688,255.1199951171875,252.1999969482422,253.5800018310547,40497300
2025-12-23 00:00:00-05:00,252.4199981689453,253.22000122070312,251.4600067138672,252.0800018310547,24973500
2025-12-24 00:00:00-05:00,251.97000122070312,252.86000061035156,251.1199951171875,252.7100067138672,12103000
2025-12-26 00:00:00-05:00,252.5800018310547,252.75,250.39999389648438,251.4199981689453,17429900
2025-12-29 00:00:00-05:00,250.25999450683594,251.5,249.35000610351562,249.8800048828125,25218800
2025-12-30 00:00:00-05:00,249.97000122070312,250.14999389648438,247.9499969482422,248.02999877929688,22123600
2025-12-31 00:00:00-05:00,248.17999267578125,248.27999877929688,246.00999450683594,246.16000366210938,35352000
2026-01-02 00:00:00-05:00,247.6300048828125,249.08999633789062,245.86000061035156,248.77999877929688,40007700
2026-01-05 00:00:00-05:00,249.7899932861328,253.5500030517578,249.57000732421875,252.72999572753906,37428100
2026-01-06 00:00:00-05:00,252.24000549316406,256.25,251.52000427246094,256.0799865722656,40677800
2026-01-07 00:00:00-05:00,256.3999938964844,256.79998779296875,253.97000122070312,255.47999572753906,33052000
2026-01-08 00:00:00-05:00,254.6999969482422,258.92999267578125,254.36000061035156,258.2699890136719,37957000
2026-01-09 00:00:00-05:00,259.5799865722656,261.55999755859375,258.0899963378906,260.2300109863281,36288900
