Date,open,high,low,close,volume
2021-01-12 00:00:00-05:00,305.1608813079624,306.2477562882741,301.99730512208134,304.6368713378906,29266800
2021-01-13 00:00:00-05:00,304.89870294942284,307.4897285068181,304.29704247137914,306.6940002441406,22898400
2021-01-14 00:00:00-05:00,307.1404609003671,308.140000552184,304.5785167742855,305.0540466308594,23500100
2021-01-15 00:00:00-05:00,304.84061680935173,305.8013312555718,301.39557891214315,302.6377258300781,35118700
2021-01-19 00:00:00-05:00,304.9570030419199,307.55774300876334,303.8604146489677,307.0531311035156,24537000
2021-01-20 00:00:00-05:00,310.6728061246113,315.13675083004676,307.15014806380054,314.1954345703125,30728100
2021-01-21 00:00:00-05:00,315.53474395083236,317.4562025739864,314.1567524011436,316.7089538574219,25130600
2021-01-22 00:00:00-05:00,315.67053151647127,316.80591568878657,315.1076666936056,315.79669189453125,21609400
2021-01-25 00:00:00-05:00,319.1834340390993,320.5517408885989,311.90522501949016,318.4070739746094,39080600
2021-01-26 00:00:00-05:00,319.1253371802444,320.0084304450032,317.54353438815554,318.8730163574219,25498100
2021-01-27 00:00:00-05:00,316.611897036331,316.6215811795314,307.97506282722816,309.9838562011719,55264000
2021-01-28 00:00:00-05:00,311.18725121933835,316.767213858765,310.5661629016049,311.8180236816406,42836300
2021-01-29 00:00:00-05:00,310.129505153285,311.23580778061637,303.5112057569864,305.2579650878906,55259000
2021-02-01 00:00:00-05:00,308.7027743796825,313.9722198605703,306.67458382402555,312.8853454589844,35646000
2021-02-02 00:00:00-05:00,315.8549744562765,319.1447105842034,315.6899886351456,317.9898986816406,33930800
2021-02-03 00:00:00-05:00,320.0666692786615,320.43543677138626,316.670170225849,316.7283935546875,24824500
2021-02-04 00:00:00-05:00,318.12582318303026,320.5615781602044,316.80602525048846,320.4742431640625,22350900
2021-02-05 00:00:00-05:00,321.42512961520725,322.57022742741714,319.7851040980977,321.56097412109375,22732000
2021-02-08 00:00:00-05:00,323.24960653136196,323.87066511645946,321.6095806706244,323.71539306640625,20462800
2021-02-09 00:00:00-05:00,322.7837657777463,324.90900552724037,322.7740520206348,323.6474609375,17597500
2021-02-10 00:00:00-05:00,325.0837227656463,325.5398251895536,319.7560815961624,322.90997314453125,28068700
2021-02-11 00:00:00-05:00,324.44321450755615,325.0934143669408,322.29857669306926,324.6858215332031,22046100
2021-02-12 00:00:00-05:00,323.8414956197697,326.66544444457844,322.7934464879868,326.50048828125,20346800
2021-02-16 00:00:00-05:00,327.2962531900004,328.1890600141787,324.4529061508469,325.617431640625,27080800
2021-02-17 00:00:00-05:00,322.6382065694726,325.73387433759797,320.4062339586188,324.0550231933594,31360300
2021-02-18 00:00:00-05:00,320.46449507390537,323.99683810078176,318.64976957687827,322.63824462890625,32236200
2021-02-19 00:00:00-05:00,323.98712196042925,324.11328235601803,320.2121719265049,321.2311096191406,39157700
2021-02-22 00:00:00-05:00,316.84478199958846,318.10632671280536,312.7010645779116,312.90484619140625,47256900
2021-02-23 00:00:00-05:00,307.6257376291465,313.6424042805588,301.80316846266425,311.9732666015625,97241900
2021-02-24 00:00:00-05:00,309.3142692413958,314.8554354832777,306.6164800801491,314.5448913574219,58206300
2021-02-25 00:00:00-05:00,311.8858704531933,314.4477849841609,302.0360025194808,303.5789794921875,110182600
2021-02-26 00:00:00-05:00,306.50973511280273,309.67331072300743,301.6867060539755,304.8503112792969,104739800
2021-03-01 00:00:00-05:00,309.8285566533543,314.3604687329603,308.53790036171097,314.02081298828125,49164500
2021-03-02 00:00:00-05:00,314.6612934306407,314.7389146435511,308.7319922939717,308.9842834472656,48370000
2021-03-03 00:00:00-05:00,307.8877364086836,308.82905292300126,299.9593548037117,300.017578125,86301100
2021-03-04 00:00:00-05:00,299.64883590301275,302.81244149652207,291.235209887226,295.10723876953125,139131600
2021-03-05 00:00:00-05:00,297.7272874668651,300.45418767610886,288.65380969684287,299.55169677734375,121523700
2021-03-08 00:00:00-05:00,299.00825338693573,300.890885967631,290.6528830037879,291.0701599121094,88409800
2021-03-09 00:00:00-05:00,298.3775852694577,304.4524757960612,297.84386156001557,302.5504150390625,80391100
2021-03-10 00:00:00-05:00,306.81056596544084,307.1113963212682,300.9977108520529,301.68670654296875,76798100
2021-03-11 00:00:00-05:00,306.43202777915434,310.4010746013173,305.53925063601315,308.6349182128906,53484800
2021-03-12 00:00:00-05:00,304.57853477670074,308.8193302488684,302.1816059141172,306.1312255859375,69315600
2021-03-15 00:00:00-04:00,306.4515309101118,309.56659715349844,304.81150487573177,309.401611328125,42955700
2021-03-16 00:00:00-04:00,311.5947202329633,314.6127666863482,309.6635780067387,311.09979248046875,54925900
2021-03-17 00:00:00-04:00,308.06250136659366,314.27323708140625,306.3448241786999,312.3808898925781,78258700
2021-03-18 00:00:00-04:00,307.4995323947075,308.4796742050071,302.35627556020404,302.8123779296875,82718100
2021-03-19 00:00:00-04:00,302.64738972382185,305.4228293330054,300.5027520361212,303.8798522949219,78446200
2021-03-22 00:00:00-04:00,306.275026373792,311.6482714100857,306.275026373792,309.5786437988281,56194800
2021-03-23 00:00:00-04:00,310.66685717260526,311.98829200966463,307.4118112528378,308.2279968261719,53455400
2021-03-24 00:00:00-04:00,309.5980210235108,309.6368954739455,302.8838904448759,303.0296325683594,64803700
2021-03-25 00:00:00-04:00,301.183569771648,304.0208122934493,298.67671568016254,302.5050048828125,78729000
2021-03-26 00:00:00-04:00,302.291201196941,307.3632352477694,300.8920469973354,307.0426025390625,63519600
2021-03-29 00:00:00-04:00,306.508156265536,308.004481539224,303.6126177087931,306.9551086425781,54608000
2021-03-30 00:00:00-04:00,304.9924437603457,305.98352002072596,302.7090512632453,305.4102478027344,44635700
2021-03-31 00:00:00-04:00,307.1981099824381,311.6482719335007,306.8580251765269,310.08392333984375,55032500
2021-04-01 00:00:00-04:00,313.912178823462,315.50567552721924,313.6595393639259,315.3696594238281,55685600
2021-04-05 00:00:00-04:00,317.85705842768675,322.43353874677877,317.6141450188865,321.6659240722656,42172500
2021-04-06 00:00:00-04:00,321.35509011175077,323.39553948505943,320.6651945249432,321.4425354003906,33537200
2021-04-07 00:00:00-04:00,320.9663764505816,323.0554557758428,320.0335971350939,322.2198181152344,32046400
2021-04-08 00:00:00-04:00,325.07650726845895,325.76637319412697,324.2797440007736,325.5817565917969,29940800
2021-04-09 00:00:00-04:00,324.2214337918522,327.7582678671468,323.4829970654608,327.55419921875,36664900
2021-04-12 00:00:00-04:00,326.51453186474566,327.54448245938073,325.241667834536,327.1266784667969,25833000
2021-04-13 00:00:00-04:00,328.65213334600145,331.4116262566293,328.4383683489273,330.94525146484375,30374000
2021-04-14 00:00:00-04:00,331.18819575689,331.31451549227876,326.1550363096084,326.9712219238281,42564300
2021-04-15 00:00:00-04:00,329.84728173217786,332.3152904254535,326.6894072166839,331.9266052246094,36342800
2021-04-16 00:00:00-04:00,332.4513237225054,332.52907262770344,330.4399933489032,332.3153076171875,40860100
2021-04-19 00:00:00-04:00,330.74119328623317,331.8974338253998,327.35010195446523,329.27398681640625,34533100
2021-04-20 00:00:00-04:00,328.61332253604616,329.89588299862584,324.9015979540993,326.8740539550781,38081800
2021-04-21 00:00:00-04:00,325.59146651753497,329.85704090960644,324.5032190118415,329.67242431640625,36598100
2021-04-22 00:00:00-04:00,329.2837074299544,330.26505741623004,324.5420330499766,325.69830322265625,45936100
2021-04-23 00:00:00-04:00,326.32992548717107,331.1104454433761,326.32992548717107,329.7987365722656,36381900
2021-04-26 00:00:00-04:00,330.04170307667175,332.22792441669736,329.29351057380273,331.9461364746094,30812000
2021-04-27 00:00:00-04:00,332.2375686589961,332.4513336759121,329.55582439975575,330.5080261230469,33187200
2021-04-28 00:00:00-04:00,330.1776621742586,331.1881903884685,328.7396039329799,329.390625,33615700
2021-04-29 00:00:00-04:00,332.66513020900504,333.0829342558484,327.350182362288,330.5760803222656,37708900
2021-04-30 00:00:00-04:00,328.12745199421886,330.6148829851831,327.49585339483946,328.4092102050781,38263400
2021-05-03 00:00:00-04:00,329.6141756257808,330.36233848214016,326.2133868472881,326.66033935546875,29729700
2021-05-04 00:00:00-04:00,324.1048078686299,324.42547019708667,316.96314719753957,320.7817687988281,65147000
2021-05-05 00:00:00-04:00,322.83194266093653,323.6967286893843,318.9259054517287,319.7032165527344,46219300
2021-05-06 00:00:00-04:00,319.44095826132957,322.26847478023615,317.196440035939,322.1130065917969,46814300
2021-05-07 00:00:00-04:00,324.89187963014064,327.1072491303273,322.287854536548,324.7267150878906,53324500
2021-05-10 00:00:00-04:00,323.3469075208519,323.52179806506655,316.32184080306087,316.5259094238281,60700500
2021-05-11 00:00:00-04:00,310.63772069079556,316.8854472863445,309.9769735943418,316.08868408203125,71963600
2021-05-12 00:00:00-04:00,311.1526375237854,313.4748741675853,307.04253219325545,307.9073181152344,91164900
2021-05-13 00:00:00-04:00,310.8513868895433,313.2610684843587,307.91697447293893,310.2878112792969,69877800
2021-05-14 00:00:00-04:00,313.4555460688926,318.0514499209572,312.95026707617563,317.13812255859375,44370000
2021-05-17 00:00:00-04:00,315.42793735794857,317.11860526417,312.3380857870897,315.21417236328125,39395000
2021-05-18 00:00:00-04:00,316.1663978168686,317.39066126149027,312.81418083780795,313.08624267578125,36528500
2021-05-19 00:00:00-04:00,307.6839307285782,313.74704163875526,307.33411990163194,313.4458312988281,66319100
2021-05-20 00:00:00-04:00,314.9323998836372,320.3639406356853,314.70893850500914,319.5088806152344,46466100
2021-05-21 00:00:00-04:00,321.0635483234583,321.4813523282385,317.38100188246113,317.7405090332031,50330400
2021-05-24 00:00:00-04:00,320.03361797772294,324.2117472478319,317.63363182600995,323.0846252441406,32475800
2021-05-25 00:00:00-04:00,324.60034962891825,325.3193638580735,322.35583201667487,323.5315246582031,31280300
2021-05-26 00:00:00-04:00,324.2020129306778,325.1250662561818,323.5121470301397,324.65869140625,25444900
2021-05-27 00:00:00-04:00,324.2117371206447,325.0570711838776,323.240083318764,323.4441223144531,27931700
2021-05-28 00:00:00-04:00,324.6488804633318,326.0577899765316,324.14363129055306,324.4642639160156,29927400
2021-06-01 00:00:00-04:00,325.79548550801826,326.2716160019154,322.0351902976997,323.38580322265625,31145400
2021-06-02 00:00:00-04:00,323.80369099156275,324.8627902785133,322.2976391735428,324.0174560546875,22047900
2021-06-03 00:00:00-04:00,321.18011911026565,322.45298308679327,318.974475883176,320.6457214355469,37057800
2021-06-04 00:00:00-04:00,322.4433040394962,326.5339580391528,322.3752811601444,326.0870056152344,38736500
2021-06-07 00:00:00-04:00,325.55260407382696,327.11698216036723,324.8627381568233,327.0586853027344,32611900
2021-06-08 00:00:00-04:00,328.8075773195193,329.67236326990303,325.5331093820287,327.2140808105469,27282800
2021-06-09 00:00:00-04:00,328.5841556688603,329.36146679362156,327.1072230182878,327.2918395996094,21485300
2021-06-10 00:00:00-04:00,327.6319023964916,330.80919921314654,327.1849500123101,330.70233154296875,33702100
2021-06-11 00:00:00-04:00,330.7121090082984,331.5768952173148,330.0611174970947,331.5671691894531,21222800
2021-06-14 00:00:00-04:00,331.99461879216443,334.75411165619005,330.8092001288667,334.7444152832031,27827700
2021-06-15 00:00:00-04:00,334.3946377380395,334.7055740598569,331.8391835882948,332.5582275390625,35963800
2021-06-16 00:00:00-04:00,333.0246004757765,334.09342554312184,327.8845734311439,331.3436584472656,55399500
2021-06-17 00:00:00-04:00,330.3331574569754,336.5614621350719,330.28458662594215,335.5509338378906,59722700
2021-06-18 00:00:00-04:00,333.8893783462485,335.0359226391547,332.1695322543703,332.917724609375,55414900
2021-06-21 00:00:00-04:00,333.10929570141144,335.30778963420914,330.89135684145083,334.98675537109375,32992600
2021-06-22 00:00:00-04:00,334.78260322724844,338.5569985729974,334.48104346696755,338.1095275878906,28941600
2021-06-23 00:00:00-04:00,338.05115118496377,339.4227760238355,337.4382943753699,338.2748718261719,27188500
2021-06-24 00:00:00-04:00,340.2106844969663,341.89357650208746,339.6659295524635,340.3663330078125,32581600
2021-06-25 00:00:00-04:00,340.93051623558773,341.17371145561236,339.3448786511206,339.947998046875,28682800
2021-06-28 00:00:00-04:00,341.2320954092753,344.2185400064888,341.1737309280916,344.08233642578125,39130300
2021-06-29 00:00:00-04:00,343.90720192915234,345.3566358503896,343.0706246741043,345.32745361328125,29426000
2021-06-30 00:00:00-04:00,345.1718212523517,345.56095734786953,344.1990403873894,344.78271484375,32724000
2021-07-01 00:00:00-04:00,344.43252436754494,345.4247501521042,343.0803447297176,344.9189147949219,29290000
2021-07-02 00:00:00-04:00,346.81582294188183,349.19914793342,346.5823650343377,348.8781433105469,32727200
2021-07-06 00:00:00-04:00,349.481246256875,350.6680400425914,346.78662439075447,350.38592529296875,38842400
2021-07-07 00:00:00-04:00,352.58447663983867,352.88603636745694,349.1700059141301,351.12530517578125,35265200
2021-07-08 00:00:00-04:00,346.05708308514676,349.8606601338512,344.77303480273366,349.0046081542969,50890000
2021-07-09 00:00:00-04:00,348.42096049265064,351.66030794341236,347.83728599436506,351.18365478515625,35184500
2021-07-12 00:00:00-04:00,352.5844190534444,353.0124449879468,351.00848919264126,352.55523681640625,25717700
2021-07-13 00:00:00-04:00,352.1758380479959,355.5222064339703,351.6991849474015,352.55523681640625,39723000
2021-07-14 00:00:00-04:00,354.89966586143754,355.54170485979586,352.3607217963523,353.1875915527344,35336400
2021-07-15 00:00:00-04:00,353.1000326773512,353.30430836032497,348.7030438738913,350.70697021484375,53391600
2021-07-16 00:00:00-04:00,351.56301061592757,352.5455288227661,347.5162385176321,347.866455078125,47262000
2021-07-19 00:00:00-04:00,344.4131166849665,345.5123640143754,342.4578469740218,345.0162658691406,64404600
2021-07-20 00:00:00-04:00,345.9501475639024,350.47357374440736,344.1699415250882,349.0241394042969,42183700
2021-07-21 00:00:00-04:00,348.59610057614583,351.7187194824219,348.3723502439064,351.7187194824219,30259900
2021-07-22 00:00:00-04:00,351.9229550946191,354.05334775915543,351.9229550946191,354.04364013671875,30252200
2021-07-23 00:00:00-04:00,355.36656660065574,358.46000254973995,354.01441666905237,358.17791748046875,31960800
2021-07-26 00:00:00-04:00,357.4872715138441,358.84918863032607,356.6215118820549,358.4600524902344,28438100
2021-07-27 00:00:00-04:00,358.19740724269093,358.19740724269093,350.3567950589431,354.51055908203125,57933100
2021-07-28 00:00:00-04:00,355.6487159079305,357.44836657574496,353.35293746326454,355.8724365234375,42066200
2021-07-29 00:00:00-04:00,355.30819911320157,357.67204941160026,355.30819911320157,356.5047302246094,25672500
2021-07-30 00:00:00-04:00,352.5747611934261,355.23046410998177,352.5455789498122,354.64678955078125,36484600
2021-08-02 00:00:00-04:00,356.3101986792202,356.8938731759574,353.9657930700533,354.6759338378906,27334100
2021-08-03 00:00:00-04:00,355.33736071135064,356.9424430545556,352.1466409531741,356.8257141113281,35558500
2021-08-04 00:00:00-04:00,356.7868163925877,358.2946444999458,355.6778616771782,357.34130859375,29602200
2021-08-05 00:00:00-04:00,358.15844650154094,359.84136806061525,357.44833548012485,359.60791015625,21443900
2021-08-06 00:00:00-04:00,358.34327942086856,359.3160602775365,356.92302768246975,358.031982421875,33332100
2021-08-09 00:00:00-04:00,358.4892370994956,359.2188228366064,357.39001952592776,358.69354248046875,25960200
2021-08-10 00:00:00-04:00,359.20906212633037,359.50088450327837,355.66812562247975,356.85491943359375,35130800
2021-08-11 00:00:00-04:00,358.11952434678597,358.6156223488238,354.9093300166822,356.2420349121094,34249800
2021-08-12 00:00:00-04:00,355.7362403180687,357.88607773805813,354.38406065299455,357.5261535644531,25969200
2021-08-13 00:00:00-04:00,357.87638776163493,359.11180884568955,357.38025999143855,358.78106689453125,19336200
2021-08-16 00:00:00-04:00,357.66236594114577,358.9755964043206,353.8004245874079,358.93670654296875,34856900
2021-08-17 00:00:00-04:00,356.1837894694334,357.1565705575307,353.3432853168662,355.7752380371094,44793900
2021-08-18 00:00:00-04:00,355.24008176461376,356.6408884771561,352.02017972469156,352.3509216308594,38541900
2021-08-19 00:00:00-04:00,350.41506287707335,355.72643715544734,350.16213039675193,354.0532531738281,48499400
2021-08-20 00:00:00-04:00,355.12333496647665,358.11951627369723,354.8120380044697,357.7206726074219,39486000
2021-08-23 00:00:00-04:00,358.7615725928064,363.76168050891255,358.7518649712199,363.0710144042969,34034700
2021-08-24 00:00:00-04:00,363.6643894950472,364.78308153545163,363.1974439996376,364.1799621582031,21732900
2021-08-25 00:00:00-04:00,364.4328494670508,365.1721723213324,363.6837893056617,364.59820556640625,20441900
2021-08-26 00:00:00-04:00,363.74228306618386,364.4232119511937,361.8453482493221,362.2831115722656,29133300
2021-08-27 00:00:00-04:00,362.9153139225186,366.3103091690649,362.42892355771085,365.8044738769531,27104700
2021-08-30 00:00:00-04:00,366.5924815961925,370.39605841011763,366.5730069789112,369.90966796875,27295700
2021-08-31 00:00:00-04:00,370.15284815897684,370.2209202559476,368.06134559649036,369.60809326171875,29628200
2021-09-01 00:00:00-04:00,370.66838675180776,372.29291398603317,370.0166105845,370.22088623046875,28138300
2021-09-02 00:00:00-04:00,371.57311049472037,371.90385242844053,368.82986131355653,370.04583740234375,25453400
2021-09-03 00:00:00-04:00,368.89797990763077,371.5828647338186,368.87853497661405,371.18402099609375,24605400
2021-09-07 00:00:00-04:00,371.2909399288063,372.36100466350325,370.133328491304,371.709228515625,23970200
2021-09-08 00:00:00-04:00,371.53418888426035,371.53418888426035,368.1489304715028,370.4154968261719,32949200
2021-09-09 00:00:00-04:00,370.63932651791475,371.7482815051151,368.89804008305373,369.1412353515625,29399000
2021-09-10 00:00:00-04:00,370.8532868841385,371.57313527689786,366.00882713601777,366.3395690917969,40249400
2021-09-13 00:00:00-04:00,368.6742095431466,369.1022354975582,364.0340555167634,366.08660888671875,48741800
2021-09-14 00:00:00-04:00,367.5749215434982,368.30450710917046,364.0923795055976,365.04571533203125,41826600
2021-09-15 00:00:00-04:00,365.5029367552347,368.10998214644303,363.2071586546367,367.759765625,34097900
2021-09-16 00:00:00-04:00,366.42717943207697,368.5867546722151,364.5010918441993,368.0128173828125,35193100
2021-09-17 00:00:00-04:00,367.53617151177826,367.58479869322423,362.6139013977221,363.6547546386719,60912300
2021-09-20 00:00:00-04:00,357.8543224639495,359.59753889551575,351.4950225586661,356.1403503417969,76203200
2021-09-21 00:00:00-04:00,357.9712863636876,359.1691443295777,355.4489936529291,356.57867431640625,41927500
2021-09-22 00:00:00-04:00,357.49402829718525,361.36999924263114,356.39356246705603,359.9092102050781,46972900
2021-09-23 00:00:00-04:00,361.06810306998113,364.2623605576245,360.4253523309041,363.2300720214844,44652000
2021-09-24 00:00:00-04:00,360.96101704684764,363.9897355404202,360.5909456823758,363.5709533691406,36056800
2021-09-27 00:00:00-04:00,360.52275028080777,361.54529073029505,358.1173164506575,360.6688232421875,43338100
2021-09-28 00:00:00-04:00,356.11120177147575,360.6201461060666,349.956402852267,350.4627990722656,97701600
2021-09-29 00:00:00-04:00,351.72882269581066,353.87129560556264,349.2649595317056,349.8882141113281,58076600
2021-09-30 00:00:00-04:00,351.53398708928967,353.19927814411255,347.76515641372004,348.6026611328125,61384600
2021-10-01 00:00:00-04:00,349.22599414736044,351.80671566780865,345.11630620391486,350.7646789550781,56375500
2021-10-04 00:00:00-04:00,349.1480159657936,349.4791245523378,341.1623877565971,343.4022521972656,76766000
2021-10-05 00:00:00-04:00,344.4638254933371,350.28751583459336,344.23985683548693,348.03790283203125,47232900
2021-10-06 00:00:00-04:00,344.8240754097406,350.54065425887137,343.91839342621887,350.2679748535156,56806500
2021-10-07 00:00:00-04:00,353.31618131220625,356.1306492666676,352.78057052577225,353.48175048828125,39411200
2021-10-08 00:00:00-04:00,354.5627079055293,354.7964543648369,351.183414688038,351.71905517578125,41822300
2021-10-11 00:00:00-04:00,350.1803497179044,353.7057457079708,348.93381087561374,349.021484375,34847200
2021-10-12 00:00:00-04:00,350.4725647623648,350.91078370939994,347.1614483765982,347.80419921875,43905100
2021-10-13 00:00:00-04:00,350.1121739119291,351.26132077765135,348.08652988167273,350.58935546875,40120800
2021-10-14 00:00:00-04:00,354.18293248956167,357.26033180274175,353.5207152211108,357.04608154296875,43433900
2021-10-15 00:00:00-04:00,358.26339624125325,359.41254318578444,357.2311076680534,359.2956848144531,40419900
2021-10-18 00:00:00-04:00,358.00046192253893,363.1229721938797,357.39667381234773,362.9087219238281,34513500
2021-10-19 00:00:00-04:00,363.979898627217,365.70361881923725,362.9573582915793,365.6549377441406,29091000
2021-10-20 00:00:00-04:00,366.11272267477034,366.7262588812049,363.69754054844304,365.1778259277344,31390300
2021-10-21 00:00:00-04:00,364.37923997088194,367.60271223649335,364.0773459317339,367.4079284667969,25469300
2021-10-22 00:00:00-04:00,366.1516305037976,367.11574170095486,362.6554791813564,364.3207702636719,36275800
2021-10-25 00:00:00-04:00,365.7426172617712,368.9660893516635,363.79489855030374,368.0506591796875,32597800
2021-10-26 00:00:00-04:00,370.29056357749243,372.70571582455597,368.0312026781242,369.2095642089844,47191300
2021-10-27 00:00:00-04:00,369.65752482771336,373.13420989481784,369.3945934982039,370.0665588378906,45760500
2021-10-28 00:00:00-04:00,371.965558660674,374.4294214156826,371.19620151872607,374.17620849609375,38007000
2021-10-29 00:00:00-04:00,371.09889764748436,376.1824454119636,370.74832249399157,376.0168762207031,37310100
2021-11-01 00:00:00-04:00,376.4551151784613,377.42897465061577,374.3710713623635,377.3023681640625,30765300
2021-11-02 00:00:00-04:00,376.6888211333351,379.35721621996197,376.64014004905715,378.8800048828125,25135300
2021-11-03 00:00:00-04:00,379.3668636624734,383.3207298890065,378.324856839096,382.9019775390625,33748900
2021-11-04 00:00:00-04:00,384.1680779828043,388.7646956732678,383.62271908053157,387.810302734375,40265300
2021-11-05 00:00:00-04:00,389.5826881583983,390.5078366744794,386.7779685798829,388.1803283691406,43383800
2021-11-08 00:00:00-05:00,388.1510966837499,389.17363703012836,387.01166826022484,387.6544189453125,29256300
2021-11-09 00:00:00-05:00,388.7257311225047,389.1250170525933,383.62271725276725,384.9861145019531,50490700
2021-11-10 00:00:00-05:00,382.2105570739352,385.0249949702203,377.39968979948407,379.32794189453125,54937400
2021-11-11 00:00:00-05:00,382.30801316111234,382.48330073015137,380.03890398916815,380.3797607421875,32243000
2021-11-12 00:00:00-05:00,381.52889353659543,384.91793501078206,379.93177954519547,384.38232421875,34730600
2021-11-15 00:00:00-05:00,385.5606822807142,385.8820428090397,381.8502803090758,384.2946472167969,33716900
2021-11-16 00:00:00-05:00,383.5642828876192,387.52789812836994,383.3695288223204,387.03125,27872900
2021-11-17 00:00:00-05:00,387.35260667299076,389.2711110299696,386.2716369198881,387.2357482910156,28703300
2021-11-18 00:00:00-05:00,389.28083105645635,391.7544125493989,387.06043279958703,391.2480163574219,45721500
2021-11-19 00:00:00-05:00,392.88405400619166,394.7051661593549,392.05626764934635,393.4294128417969,45191700
2021-11-22 00:00:00-05:00,394.96805423850924,398.025956450479,388.75482823784444,388.8619384765625,61715400
2021-11-23 00:00:00-05:00,387.7031365607054,389.7677433739756,382.64883381129494,387.0896301269531,70098700
2021-11-24 00:00:00-05:00,384.6062835167824,388.61857946673734,382.2787750183622,388.336181640625,46954400
2021-11-26 00:00:00-05:00,385.7554086026322,387.1480500448215,379.5811439582013,380.9737854003906,51533300
2021-11-29 00:00:00-05:00,385.5411981091676,390.25467386735625,384.8108035857325,389.2418518066406,54447100
2021-11-30 00:00:00-05:00,388.35563316100234,390.70263777754235,381.50940307069664,383.5252990722656,81332700
2021-12-01 00:00:00-05:00,387.8687011708482,390.01120363121925,376.5329937782519,377.00042724609375,77766500
2021-12-02 00:00:00-05:00,375.7148912421817,381.4996176337462,374.29306504177873,379.71746826171875,84416600
2021-12-03 00:00:00-05:00,381.08090862703,382.08398259178455,368.9953102494591,373.11474609375,105349100
2021-12-06 00:00:00-05:00,373.60169684419833,377.4679199593097,369.38486888095247,376.1045227050781,67588800
2021-12-07 00:00:00-05:00,382.7559374678274,388.0439865824426,382.7169747724457,387.4304504394531,56005300
2021-12-08 00:00:00-05:00,387.761549421212,389.3684112346581,385.86251200179584,389.16387939453125,39204000
2021-12-09 00:00:00-05:00,387.9369397812112,389.7385858095231,383.24292983410317,383.4377136230469,49973700
2021-12-10 00:00:00-05:00,386.252095147971,387.86870525421034,383.0773041195876,387.60577392578125,52545800
2021-12-13 00:00:00-05:00,387.59601608143913,387.9173765858877,381.6360016948569,382.0060729980469,50166400
2021-12-14 00:00:00-05:00,377.1757183759927,379.892794312924,373.60167116660904,378.0522155761719,75199200
2021-12-15 00:00:00-05:00,377.79902293585104,387.0312208672743,373.84515609792334,386.6708679199219,73858000
2021-12-16 00:00:00-05:00,387.63498944686694,388.0634899444793,375.1403571675507,376.7277526855469,82591400
2021-12-17 00:00:00-05:00,373.3095519365919,379.0163841049065,371.790333482465,374.8482666015625,80492500
2021-12-20 00:00:00-05:00,370.11992532022566,372.0018673368365,368.07220266773135,371.2120361328125,65336800
2021-12-21 00:00:00-05:00,374.4884217455541,379.8319987033657,370.7342977336719,379.51995849609375,48899500
2021-12-22 00:00:00-05:00,379.22743867063406,384.34673114003164,378.5643755498012,384.1419677734375,37042200
2021-12-23 00:00:00-05:00,384.49295943280924,388.5103800543108,384.32720854497063,387.0379943847656,29595500
2021-12-27 00:00:00-05:00,388.3349215046736,393.4347229003906,388.3056695935537,393.4347229003906,32820700
2021-12-28 00:00:00-05:00,394.33175248289274,394.5072639278634,390.7336190720442,391.6112060546875,33113700
2021-12-29 00:00:00-05:00,391.7477669461673,393.0153893853777,389.17347984416216,391.552734375,32248500
2021-12-30 00:00:00-05:00,391.3380892567452,393.52234029776963,389.7974395496982,390.38250732421875,23850100
2021-12-31 00:00:00-05:00,389.7097586762911,391.0748972404404,387.44751205125,387.94482421875,34752900
2022-01-03 00:00:00-05:00,389.1149172009514,391.93297971200633,386.99895993684294,391.679443359375,40575900
2022-01-04 00:00:00-05:00,392.22554806353065,392.2645605283282,383.4983912453861,386.5992126464844,58027200
2022-01-05 00:00:00-05:00,384.91222256007507,386.0336150314898,374.4688757582325,374.722412109375,75739800
2022-01-06 00:00:00-05:00,372.8989955790771,377.706247429034,370.666000818644,374.4591369628906,70814300
2022-01-07 00:00:00-05:00,374.4688419422933,376.15578101647236,368.62798390140586,370.40264892578125,72652300
2022-01-10 00:00:00-05:00,365.48817948321624,371.16328710805476,360.1153514622428,370.6464538574219,91770500
2022-01-11 00:00:00-05:00,369.9151668403217,376.38010636235623,367.82846129052876,376.21435546875,68295700
2022-01-12 00:00:00-05:00,378.78861868723953,380.4853186605125,375.42453016489463,377.7062683105469,54576400
2022-01-13 00:00:00-05:00,379.0908904526993,379.77347465001475,367.32141651006964,368.25750732421875,77994000
2022-01-14 00:00:00-05:00,365.73193834934995,370.8804816887943,365.5271452663106,370.5489501953125,80121200
2022-01-18 00:00:00-05:00,364.7275623385353,366.8532798991958,360.5638531652058,361.3244323730469,75450900
2022-01-19 00:00:00-05:00,362.884653494914,365.36142397943667,357.09253804936543,357.3558349609375,81791500
2022-01-20 00:00:00-05:00,360.583414788911,364.56182268670506,352.1780301030194,352.7143249511719,88610700
2022-01-21 00:00:00-05:00,350.5203533238867,353.1628747001155,342.6512632495949,342.9340515136719,143388900
2022-01-24 00:00:00-05:00,337.29796972155805,345.16706011293047,325.83074594700173,344.50396728515625,198685800
2022-01-25 00:00:00-05:00,338.0390718156495,342.2905078911243,333.17328614629656,336.51788330078125,124398400
2022-01-26 00:00:00-05:00,344.1237217742268,347.99488320728324,332.29571355089075,335.9913635253906,146559500
2022-01-27 00:00:00-05:00,340.7011659645748,342.52460479658174,331.583942046742,332.6078186035156,95255700
2022-01-28 00:00:00-05:00,334.4896460210948,343.25581417527985,329.5361349101255,343.0412902832031,108167900
2022-01-31 00:00:00-05:00,344.4064870601003,354.5962983826359,342.7682909496618,354.01123046875,94326400
2022-02-01 00:00:00-05:00,355.3568493429369,357.07304048443206,350.1985748796091,356.4197082519531,74433000
2022-02-02 00:00:00-05:00,360.554165478592,360.8856969926452,355.2203498327421,359.3157653808594,78777100
2022-02-03 00:00:00-05:00,349.6037356434528,352.91908044423076,343.68485230550283,344.7477111816406,95384800
2022-02-04 00:00:00-05:00,345.26453196869426,352.4022946173832,343.2070784765598,349.0967102050781,86318300
2022-02-07 00:00:00-05:00,349.69149163040476,352.0609851751449,345.03049970055537,346.28839111328125,58198100
2022-02-08 00:00:00-05:00,345.147480609532,351.27112681032116,344.0163574568022,350.17901611328125,64720900
2022-02-09 00:00:00-05:00,354.70361220432596,357.6776655865055,353.10442839013047,357.59967041015625,55766400
2022-02-10 00:00:00-05:00,350.56908448096095,357.36555483432466,347.66329605020667,349.5062255859375,112468500
2022-02-11 00:00:00-05:00,349.5061670234097,351.10535025402766,337.1906111651373,338.41925048828125,101569100
2022-02-14 00:00:00-05:00,337.8634893549558,342.2417228430427,335.32824490789875,338.8385925292969,80254400
2022-02-15 00:00:00-05:00,344.1236554434641,347.4975040024996,343.06079658335074,347.26348876953125,55128800
2022-02-16 00:00:00-05:00,345.01105077118837,348.1996277941473,341.97846408667095,347.17578125,58947100
2022-02-17 00:00:00-05:00,343.9579697889825,344.66004543953204,336.43017021945485,336.8494873046875,61801400
2022-02-18 00:00:00-05:00,337.7854761541738,338.17551145152197,330.69648716812225,333.0074768066406,80001500
2022-02-22 00:00:00-05:00,330.0626376374052,335.4744776780711,326.0257262916301,329.662841796875,85967100
2022-02-23 00:00:00-05:00,332.8222278657884,333.6608023252314,320.9064656967874,321.218505859375,86215400
2022-02-24 00:00:00-05:00,310.90184297518135,332.54914189787706,310.3362963176436,332.0128173828125,130614100
2022-02-25 00:00:00-05:00,332.8124256040423,337.3661700229145,328.99003824361483,337.161376953125,78842100
2022-02-28 00:00:00-05:00,333.9826304008817,339.8625019263935,332.8222551294078,338.1658020019531,77515500
2022-03-01 00:00:00-05:00,337.1419251517255,339.41390247219204,330.46246240395885,332.98797607421875,67407000
2022-03-02 00:00:00-05:00,334.5383760527154,339.91120393884023,331.7690866739732,338.5753173828125,70609000
2022-03-03 00:00:00-05:00,341.2178866433013,341.3251634791002,331.8764102317942,333.7388610839844,71089400
2022-03-04 00:00:00-05:00,331.37911455878697,332.81251765485047,326.58162280389973,328.90234375,76936300
2022-03-07 00:00:00-05:00,328.89265331182213,330.0530288061633,316.5673313327952,316.7720947265625,89933800
2022-03-08 00:00:00-05:00,315.9821453748635,324.9140932774325,311.97448594648023,315.2995910644531,116153900
2022-03-09 00:00:00-05:00,323.4905161742531,328.00524916424655,320.8967378541893,326.64984130859375,64723400
2022-03-10 00:00:00-05:00,322.58374325744137,324.23167053388556,318.5760524450308,323.02252197265625,69362700
2022-03-11 00:00:00-05:00,325.99649214897937,326.3085322987516,315.83590423569774,316.3234558105469,66228400
2022-03-14 00:00:00-04:00,315.08509969932993,318.4589484168995,309.5465207017248,310.24859619140625,79802600
2022-03-15 00:00:00-04:00,312.8911131338504,320.76020293767067,311.2821988385406,319.9801025390625,76471000
2022-03-16 00:00:00-04:00,323.8999925268803,331.96408402052276,320.2238349911739,331.8470764160156,105243000
2022-03-17 00:00:00-04:00,329.94567916864935,335.92306680216643,328.6488049504747,335.86456298828125,67810000
2022-03-18 00:00:00-04:00,334.2069202019007,343.0316235733117,333.0465448085794,342.73907470703125,85446300
2022-03-21 00:00:00-04:00,341.9032843546097,344.12926677549336,337.3927135857114,341.7861022949219,73799100
2022-03-22 00:00:00-04:00,342.28412163854296,349.3721335375454,341.9033766741158,348.5032043457031,63345900
2022-03-23 00:00:00-04:00,345.6230963393139,349.1866175882123,343.4361443131073,343.4947204589844,70615500
2022-03-24 00:00:00-04:00,345.418013080194,351.1782583615552,343.2603791523376,351.1294250488281,53555300
2022-03-25 00:00:00-04:00,351.07085241234205,352.1252825250059,346.53102277977075,350.8365478515625,57584200
2022-03-28 00:00:00-04:00,350.8267846241636,356.36246837743397,349.5868832307335,356.26483154296875,56833900
2022-03-29 00:00:00-04:00,360.16027135895797,363.02084868248386,357.3875582425675,362.3960266113281,68073000
2022-03-30 00:00:00-04:00,360.53127640062945,362.19101311240286,356.90917945750704,358.3931579589844,68757700
2022-03-31 00:00:00-04:00,358.5396220981877,358.8911087475274,353.1113477366379,353.95098876953125,67011400
2022-04-01 00:00:00-04:00,354.2145612530259,354.9955963044331,350.0945372985119,353.2773132324219,54527800
2022-04-04 00:00:00-04:00,354.1169406391993,360.5605843894059,353.8533480010585,360.5508117675781,45950200
2022-04-05 00:00:00-04:00,359.0961906944111,359.8089069503463,351.4028714403021,352.545166015625,62738700
2022-04-06 00:00:00-04:00,347.2242010427976,348.32743469763415,342.25479307972796,344.8908386230469,90077100
2022-04-07 00:00:00-04:00,343.8949573579129,347.90760149612674,340.4290734874535,345.7109069824219,63777400
2022-04-08 00:00:00-04:00,343.9731470804625,344.7248941818026,340.2436400588168,340.87823486328125,61956100
2022-04-11 00:00:00-04:00,336.6409865518988,337.55871907554007,332.4721593012214,332.8138732910156,66107400
2022-04-12 00:00:00-04:00,337.5684948177708,339.4527633976289,330.0313907037623,331.4079895019531,72790200
2022-04-13 00:00:00-04:00,331.7496912550013,339.1989315583572,331.02723233621174,338.14453125,61367800
2022-04-14 00:00:00-04:00,338.2325069242776,338.74994952480034,330.1974727818479,330.4122619628906,73519400
2022-04-18 00:00:00-04:00,329.35770467097535,332.9602857065273,327.8346656732138,330.66595458984375,58560600
2022-04-19 00:00:00-04:00,330.0216693428287,338.63272028879857,328.9965569993193,338.05670166015625,56515700
2022-04-20 00:00:00-04:00,338.8670126799724,339.32587900079994,331.9059262743585,333.1263122558594,65500000
2022-04-21 00:00:00-04:00,337.0120391029308,339.62853955212694,325.3061060540823,326.23358154296875,75801000
2022-04-22 00:00:00-04:00,326.3897713521277,327.6101572728887,317.2612787059196,317.69085693359375,82562100
2022-04-25 00:00:00-04:00,316.060497750801,322.0843071089648,314.79127827663257,321.7718811035156,101755900
2022-04-26 00:00:00-04:00,319.711843701303,319.897344756738,309.3531918474593,309.6265869140625,105819600
2022-04-27 00:00:00-04:00,309.7241633079819,315.230558692566,307.5372413482148,309.25555419921875,111204200
2022-04-28 00:00:00-04:00,314.22494874020236,322.0744787230799,309.99751554990206,320.239013671875,99450000
2022-04-29 00:00:00-04:00,316.0311743545466,319.47754326903953,305.194140582694,305.8287353515625,91977900
2022-05-02 00:00:00-04:00,305.41867627984414,311.16914955418,302.3140213704518,310.9348449707031,115511800
2022-05-03 00:00:00-04:00,310.9543891822932,313.5611470929044,308.49410144448336,311.2668151855469,78185500
2022-05-04 00:00:00-04:00,311.74509695550074,322.4649761189373,306.45352102382714,321.79132080078125,116083400
2022-05-05 00:00:00-04:00,317.46628361196514,317.54437519110047,302.2846668598275,305.5845947265625,154607400
2022-05-06 00:00:00-04:00,303.58325997299744,307.6251632672348,297.88158986039866,301.92352294921875,139572800
2022-05-09 00:00:00-04:00,296.2901889871183,302.0211165594891,288.7140235832542,290.1101379394531,113387300
2022-05-10 00:00:00-04:00,297.29577064828,298.5161565186702,289.5438772159953,293.6346130371094,124124600
2022-05-11 00:00:00-04:00,291.3696085693993,296.88574748030607,284.0570649930504,284.92596435546875,140326100
2022-05-12 00:00:00-04:00,280.6399642919608,288.7433150622673,278.18941977610206,284.2522888183594,120910900
2022-05-13 00:00:00-04:00,288.7140401872521,295.8215670757037,287.11287945019643,294.78668212890625,83684900
2022-05-16 00:00:00-04:00,293.03904738876395,295.09907421815444,290.09060587056706,291.36956787109375,59190400
2022-05-17 00:00:00-04:00,297.2371907429363,299.29718776465,293.42956303991457,298.91644287109375,62715300
2022-05-18 00:00:00-04:00,294.3961591068997,295.0893300011447,282.9831070369367,284.2425537109375,79477100
2022-05-19 00:00:00-04:00,282.4364048157731,287.41558607288096,280.7668951754565,282.7195129394531,79920700
2022-05-20 00:00:00-04:00,286.18537544979034,286.83948559714514,273.5714538721931,281.8407897949219,91764200
2022-05-23 00:00:00-04:00,282.8854271550907,286.9078139664884,280.4837162540807,286.5270690917969,63648400
2022-05-24 00:00:00-04:00,281.30380445222414,282.01649066870726,275.56310506062295,280.43487548828125,73491100
2022-05-25 00:00:00-04:00,278.9410891670781,286.43916098274616,278.73607272751656,284.359619140625,67144500
2022-05-26 00:00:00-04:00,283.5591548975482,293.7908827367591,283.2760169784604,292.238525390625,59462200
2022-05-27 00:00:00-04:00,295.37245560043664,301.92347892682784,295.2553033183494,301.77703857421875,66985600
2022-05-31 00:00:00-04:00,301.74779382542323,303.9542316421927,297.1200694565291,300.97650146484375,60968300
2022-06-01 00:00:00-04:00,303.114589743024,305.24293574413247,296.5342780648201,298.75048828125,65341700
2022-06-02 00:00:00-04:00,297.62766553503485,307.10761315281087,296.2120062287022,306.931884765625,59291300
2022-06-03 00:00:00-04:00,301.7087418926766,303.11462910956567,297.69612656563567,298.94580078125,60914700
2022-06-06 00:00:00-04:00,303.38795821191746,304.95005824368644,298.3794893236998,299.94158935546875,51785000
2022-06-07 00:00:00-04:00,296.6123197001424,303.30981233197446,295.51885881198405,302.52874755859375,44900300
2022-06-08 00:00:00-04:00,301.72819258643807,304.334949931698,299.5022099365459,300.35162353515625,38342100
2022-06-09 00:00:00-04:00,298.66263418961836,301.72822838598177,292.1408984338965,292.3068542480469,55900500
2022-06-10 00:00:00-04:00,286.69302084729753,287.88411855773734,281.5478851361956,281.9969787597656,85963500
2022-06-13 00:00:00-04:00,273.12233821644867,275.6509739833002,268.0260059952113,268.8851623535156,94442000
2022-06-14 00:00:00-04:00,271.0818616601512,272.0581703041215,266.8642011675013,269.3733215332031,64697500
2022-06-15 00:00:00-04:00,272.80025947324475,280.0346825616994,270.05680391720585,276.10015869140625,86051400
2022-06-16 00:00:00-04:00,269.0609901220994,269.51985653772186,262.90048279838044,264.96051025390625,81910300
2022-06-17 00:00:00-04:00,265.7316460201246,270.62296124321773,264.10122747547456,268.18218994140625,82703400
2022-06-21 00:00:00-04:00,272.66917493745404,277.2666581686188,272.5615888744379,274.9483337402344,51633700
2022-06-22 00:00:00-04:00,272.444240376661,278.9589600025479,271.84756149434503,274.54736328125,67472900
2022-06-23 00:00:00-04:00,277.03187006399634,279.4871248933807,274.1951384635695,278.6361083984375,57457800
2022-06-24 00:00:00-04:00,281.4630082394043,288.603778322199,281.2282533370348,288.1831359863281,58422300
2022-06-27 00:00:00-04:00,289.54282760245695,290.1101619001098,284.93558353527203,286.0702819824219,54151500
2022-06-28 00:00:00-04:00,286.60839471236744,289.20058070782466,277.1689091845329,277.3547668457031,61609800
2022-06-29 00:00:00-04:00,277.21783201719694,279.11551473595927,274.7136789175258,277.6091003417969,57302700
2022-06-30 00:00:00-04:00,274.6256114703325,277.7460259710023,269.7640277686624,274.1658630371094,79313600
2022-07-01 00:00:00-04:00,272.8648413222458,276.3667320740986,270.9867121364815,275.9754638671875,56675100
2022-07-05 00:00:00-04:00,272.2388051238385,280.81748124390344,270.7128381263423,280.7001037597656,61829300
2022-07-06 00:00:00-04:00,281.0816183732306,284.6030922560784,279.3600022856487,282.4999694824219,63194700
2022-07-07 00:00:00-04:00,283.3118077559439,289.24939957697103,283.3118077559439,288.54510498046875,56620100
2022-07-08 00:00:00-04:00,285.7083884994442,290.2765276121822,284.7693388410872,288.9070739746094,59895500
2022-07-11 00:00:00-04:00,286.4909389716613,286.7159025039574,281.85434982141885,282.7347106933594,55273900
2022-07-12 00:00:00-04:00,283.9868018548288,285.9040369435178,278.4013415433576,279.99578857421875,55797100
2022-07-13 00:00:00-04:00,274.47884602246756,281.7663097877222,273.91148173868027,279.4186706542969,73939400
2022-07-14 00:00:00-04:00,276.8166976405899,281.28701241969503,273.6962835914423,280.41644287109375,63741800
2022-07-15 00:00:00-04:00,283.4096590286179,285.6105761191311,281.79562928076274,285.5029602050781,63818100
2022-07-18 00:00:00-04:00,288.29080659768897,289.699395982923,281.9130484408819,283.08685302734375,59519600
2022-07-19 00:00:00-04:00,286.71596942978243,292.086228720669,285.1117605545207,291.7927551269531,55172600
2022-07-20 00:00:00-04:00,292.213369886789,297.6031517796827,291.43080356302335,296.4195556640625,67769400
2022-07-21 00:00:00-04:00,296.87931786293956,300.7333713627188,294.2186519420542,300.6746826171875,55049400
2022-07-22 00:00:00-04:00,299.74527467271224,301.81902245816,293.5729286341637,295.4021301269531,57127700
2022-07-25 00:00:00-04:00,295.43158175019767,295.9011215492405,291.71448869296506,293.7197570800781,40582400
2022-07-26 00:00:00-04:00,292.0177728991274,292.2721107311721,287.13663585766085,287.9485168457031,50074100
2022-07-27 00:00:00-04:00,292.51657548555266,301.8093369479217,291.94921122660367,300.1170654296875,69304400
2022-07-28 00:00:00-04:00,299.90187735893403,303.6287615828274,296.1456487652403,303.0516357421875,55139900
2022-07-29 00:00:00-04:00,304.5971168576382,309.4880430679974,303.1689449108852,308.57830810546875,57501000
2022-08-01 00:00:00-04:00,306.80789179268976,311.8553328130037,305.7123287529665,308.3925476074219,46358800
2022-08-02 00:00:00-04:00,306.09383761286017,311.6009972228817,305.0373804943253,307.4730529785156,48676500
2022-08-03 00:00:00-04:00,309.15546887483976,316.6679550732824,309.0967801418076,315.8462829589844,53735700
2022-08-04 00:00:00-04:00,315.92459656663465,317.6364213240486,313.77257635942954,317.3233947753906,38973700
2022-08-05 00:00:00-04:00,312.2270182736027,316.7657832691667,311.4444818490799,314.7311706542969,53894000
2022-08-08 00:00:00-04:00,315.6506238359034,319.3481631577194,312.24652816984775,313.71380615234375,43878500
2022-08-09 00:00:00-04:00,311.81616067728,312.07049844322415,308.53926334826303,310.16302490234375,39764200
2022-08-10 00:00:00-04:00,317.50921188482425,319.11345035298365,315.0344038884377,318.8199768066406,51459600
2022-08-11 00:00:00-04:00,321.14804997763775,323.1533181299497,316.306020251236,317.01031494140625,45897700
2022-08-12 00:00:00-04:00,319.06449632800343,323.37829738524425,318.0080692648529,323.18267822265625,40928400
2022-08-15 00:00:00-04:00,322.2338240038939,326.29328714622767,322.21424119214447,325.7944030761719,38266600
2022-08-16 00:00:00-04:00,324.8162616276614,327.12479483741953,321.9795297625626,325.0314636230469,41186900
2022-08-17 00:00:00-04:00,321.8914303293375,324.1999332115898,319.2405267842363,321.3240661621094,47842200
2022-08-18 00:00:00-04:00,321.27522114148155,323.2804893080499,319.66122117182294,322.0968933105469,41937200
2022-08-19 00:00:00-04:00,319.0547770286033,319.7101445952489,315.0539720720137,315.81695556640625,51770600
2022-08-22 00:00:00-04:00,311.5520517626145,311.78680670742614,306.6904691014755,307.5023498535156,51098900
2022-08-23 00:00:00-04:00,307.26756931724447,310.08474782774795,306.4947945524689,307.2480163574219,39497100
2022-08-24 00:00:00-04:00,306.7687609553309,309.9576554523667,306.16229068084414,308.13824462890625,38057100
2022-08-25 00:00:00-04:00,309.91850474445187,313.6062832550124,308.8718689268864,313.5867004394531,38098300
2022-08-26 00:00:00-04:00,313.2932985934819,314.49647768890367,300.6453653112775,300.7333984375,69047700
2022-08-29 00:00:00-04:00,297.9748502855104,300.5181384539001,296.6640853502917,297.7694396972656,48321900
2022-08-30 00:00:00-04:00,299.4225989041652,300.0388605688914,291.92969410706905,294.4533996582031,51184500
2022-08-31 00:00:00-04:00,297.3585211157567,298.2584646700389,292.6338995483474,292.7414855957031,50044000
2022-09-01 00:00:00-04:00,290.24718357656326,293.2404286206423,286.55943523189086,292.86871337890625,57990700
2022-09-02 00:00:00-04:00,295.7445911632377,297.1238362569738,287.1169881608131,288.73101806640625,64666800
2022-09-06 00:00:00-04:00,289.2103060421024,290.12980272881055,284.5247895026237,286.6572265625,57005400
2022-09-07 00:00:00-04:00,287.136580016848,293.4458585804801,286.8724508266732,292.4481201171875,49260400
2022-09-08 00:00:00-04:00,290.37431009147116,295.2847895138749,289.00485665214006,293.9642333984375,55649800
2022-09-09 00:00:00-04:00,296.2238511067321,300.8898142479484,293.96424537680053,300.39093017578125,56125200
2022-09-12 00:00:00-04:00,301.7701780967967,304.29388314509475,301.45715162282016,303.9613037109375,45905700
2022-09-13 00:00:00-04:00,295.2163067022488,296.4096939425269,286.40287759470044,287.29302978515625,79562200
2022-09-14 00:00:00-04:00,288.4374756168593,290.4525348138506,286.66696272874407,289.5721740722656,54907200
2022-09-15 00:00:00-04:00,287.65505997369297,290.0613883034131,283.1456086243914,284.7498474121094,65299400
2022-09-16 00:00:00-04:00,281.44350335294047,283.39987414509164,279.3893080508119,283.00860595703125,79920400
2022-09-19 00:00:00-04:00,280.3618223605838,285.36931895211336,280.30302814700224,285.2125244140625,52613800
2022-09-20 00:00:00-04:00,282.7038496549295,285.2321202645329,280.6361835251008,282.9390563964844,51271100
2022-09-21 00:00:00-04:00,283.7817679020935,288.05433610911905,277.7355346747313,277.8727111816406,82931000
2022-09-22 00:00:00-04:00,276.34395021473557,277.3532903969599,273.2277383789933,274.4526672363281,62757100
2022-09-23 00:00:00-04:00,271.983285465821,272.27728643642564,266.56419952539187,269.9842224121094,74815200
2022-09-26 00:00:00-04:00,269.51383166128073,273.8843708445327,268.0733136694365,268.8670654296875,71176700
2022-09-27 00:00:00-04:00,272.23805161615536,274.5899096054697,266.65236272422413,268.974853515625,69780100
2022-09-28 00:00:00-04:00,268.95524749597604,275.60907131567893,267.4755533510511,274.3253479003906,79652100
2022-09-29 00:00:00-04:00,270.3271394183976,270.70933165301625,263.44794834472293,266.41717529296875,81216000
2022-09-30 00:00:00-04:00,265.59397181412027,269.67053861616137,261.7428026864876,261.89959716796875,78482400
2022-10-03 00:00:00-04:00,263.6733156005513,269.64116590975334,262.1641947470946,268.0438537597656,61267400
2022-10-04 00:00:00-04:00,273.39436874587614,277.1769653939,273.39436874587614,276.4714050292969,66696900
2022-10-05 00:00:00-04:00,272.69859995415806,278.11768480207223,269.89597668018337,276.32440185546875,55766300
2022-10-06 00:00:00-04:00,275.3248397061757,278.4802580821245,273.8255277704124,274.14892578125,53489400
2022-10-07 00:00:00-04:00,269.5039442372107,269.63134162681035,262.3699595690452,263.70269775390625,71354700
2022-10-10 00:00:00-04:00,263.8987013073986,264.2907025259189,258.352248912366,261.0666809082031,60393000
2022-10-11 00:00:00-04:00,259.39100393970506,262.26223063656084,255.79459886380482,257.4801025390625,66522500
2022-10-12 00:00:00-04:00,258.1170858027284,260.03776649485417,256.69618581479585,257.3919372558594,50580200
2022-10-13 00:00:00-04:00,250.04234566116216,264.7513047312672,249.16038768549487,263.4283752441406,112894100
2022-10-14 00:00:00-04:00,265.7606349449764,266.35838600338946,254.9224644384872,255.51040649414062,77244300
2022-10-17 00:00:00-04:00,261.48802600007826,264.81982672187945,261.3900257041888,263.94769287109375,64576500
2022-10-18 00:00:00-04:00,270.98373618624925,271.6500904938322,263.34996903713596,266.0350341796875,69781000
2022-10-19 00:00:00-04:00,264.51611446020684,268.1909022056991,262.6934340930823,265.06488037109375,53115400
2022-10-20 00:00:00-04:00,264.1731295274539,269.32764139904504,262.54644979466593,263.7125549316406,60605500
2022-10-21 00:00:00-04:00,262.6052749559838,270.4350141020902,261.46853688542035,269.89605712890625,77897700
2022-10-24 00:00:00-04:00,270.16058119288914,273.79616260261975,266.5151907800213,272.865234375,63963600
2022-10-25 00:00:00-04:00,273.80595824255005,278.89186630999666,272.32623430491844,278.5096740722656,59014500
2022-10-26 00:00:00-04:00,272.87502064193285,278.2843271482742,271.8656801736913,272.35565185546875,63492400
2022-10-27 00:00:00-04:00,271.2384852078249,272.6985909980263,266.8777260296424,267.3970947265625,57760300
2022-10-28 00:00:00-04:00,266.7699703460856,276.0500344201058,266.60336682977663,275.57965087890625,62651300
2022-10-31 00:00:00-04:00,273.3257903097287,274.1489390687213,270.45453379748034,272.375244140625,47742000
2022-11-01 00:00:00-04:00,275.8540770270768,276.4126519624979,269.2296498349258,269.59222412109375,45895900
2022-11-02 00:00:00-04:00,269.56281062737315,272.63003817817383,260.28274566333494,260.3513488769531,79803100
2022-11-03 00:00:00-04:00,257.73490294919344,259.1950089306886,254.88326429063474,255.2654266357422,70038900
2022-11-04 00:00:00-04:00,260.2043567551037,261.2626824156032,253.8837101799191,259.37139892578125,78313200
2022-11-07 00:00:00-05:00,260.4199606963149,262.76203979625734,258.28369124402815,262.2230529785156,47333800
2022-11-08 00:00:00-05:00,263.7419702874569,267.3775517798265,260.19455020333703,264.1339416503906,63213800
2022-11-09 00:00:00-05:00,262.3896472598714,263.1735899964773,257.7545043372061,258.0386962890625,64862100
2022-11-10 00:00:00-05:00,270.47423052803595,277.37301163201465,268.35754885789333,277.07904052734375,99256700
2022-11-11 00:00:00-05:00,276.89273075901366,282.85080178681085,275.5502134444532,282.1844177246094,66961800
2022-11-14 00:00:00-05:00,280.1265251825416,283.4093406068971,278.73502270292227,279.7149658203125,55290700
2022-11-15 00:00:00-05:00,286.3493253448422,287.37828411975477,280.2344865439028,283.5859069824219,73985400
2022-11-16 00:00:00-05:00,281.62586686141975,283.67394438810646,278.89181719036355,279.7149658203125,48859800
2022-11-17 00:00:00-05:00,275.2464861566308,280.5773802418302,275.0896916358312,279.09765625,55462100
2022-11-18 00:00:00-05:00,282.11588544171383,282.2138558453895,276.65759419077295,279.1074523925781,53588600
2022-11-21 00:00:00-05:00,277.7159306483502,278.87225658755443,275.4032787699417,276.2362365722656,40083500
2022-11-22 00:00:00-05:00,276.9712332967761,280.3716083864238,274.8349338303634,280.21484375,41873400
2022-11-23 00:00:00-05:00,280.2344378192571,283.65443099039385,280.05805517039937,283.02728271484375,46390000
2022-11-25 00:00:00-05:00,281.4299181627793,282.13547853360353,280.6753725892504,281.16534423828125,15498800
2022-11-28 00:00:00-05:00,279.1858733965793,281.20455444225104,276.10886661944375,277.039794921875,38714200
2022-11-29 00:00:00-05:00,277.26517950794414,277.66695987831514,273.57080376892094,274.9427185058594,35618900
2022-11-30 00:00:00-05:00,275.20725662426463,287.5839445614341,274.35471078820217,287.47613525390625,74718100
2022-12-01 00:00:00-05:00,287.79955187165535,289.8182326891553,285.0459135748084,287.8289489746094,51547300
2022-12-02 00:00:00-05:00,282.75282112526514,287.5643458569582,282.5764086199525,286.682373046875,53583200
2022-12-05 00:00:00-05:00,284.55597657723484,285.82989106771777,280.4108051229097,281.8709411621094,41482100
2022-12-06 00:00:00-05:00,281.71414634645646,281.8513228749803,274.63895362772695,276.03045654296875,53937600
2022-12-07 00:00:00-05:00,274.8447397211787,276.9026269405661,273.1886329036409,274.9035339355469,45614300
2022-12-08 00:00:00-05:00,276.2558592349817,279.127086341808,274.17838392348284,278.1569519042969,42594900
2022-12-09 00:00:00-05:00,277.1377547831242,279.9110109941769,275.9422227932472,276.3832092285156,47860500
2022-12-12 00:00:00-05:00,276.5596081309065,279.9110274820707,275.5208705922614,279.8522033691406,35732500
2022-12-13 00:00:00-05:00,290.7002039468558,290.9256016950821,280.1756213891042,282.86065673828125,80667700
2022-12-14 00:00:00-05:00,282.2726715576062,285.5652967825722,277.5101612050546,280.7635803222656,64984400
2022-12-15 00:00:00-05:00,276.6673814248412,277.33376560350774,270.1409853001221,271.3365173339844,60554100
2022-12-16 00:00:00-05:00,270.66035208547504,272.19884034206814,267.14232931301717,268.74945068359375,68300400
2022-12-19 00:00:00-05:00,269.01965418174876,269.1080566505428,263.7349312151053,264.9726257324219,44167900
2022-12-20 00:00:00-05:00,263.80364197163163,266.51477034022,262.2221704080176,264.76629638671875,51064200
2022-12-21 00:00:00-05:00,265.807524803152,269.91348741137045,264.962740308283,268.6070556640625,46394700
2022-12-22 00:00:00-05:00,265.5914051911551,265.7191076058468,257.8116601751859,262.0355224609375,60278400
2022-12-23 00:00:00-05:00,260.76833626170077,263.2928269048441,258.86269266105694,262.6248474121094,39373600
2022-12-27 00:00:00-05:00,262.01584202876984,262.1239094413992,258.3715570673446,258.91180419921875,38009000
2022-12-28 00:00:00-05:00,258.5090121429788,260.7682648768186,255.1299355479109,255.49337768554688,47139000
2022-12-29 00:00:00-05:00,258.3027833668978,262.6641502137133,257.60536636441543,261.7211608886719,45893600
2022-12-30 00:00:00-05:00,258.9511022085316,261.6916977675201,257.64467062067865,261.5639953613281,37858300
2023-01-03 00:00:00-05:00,263.89196624798836,265.36539992885605,257.4874519735673,259.79583740234375,42335300
2023-01-04 00:00:00-05:00,261.91765375652096,262.7133057533719,257.8804288307471,261.0335693359375,47754900
2023-01-05 00:00:00-05:00,259.36368849309747,259.53066089550674,256.6329252978597,256.9472351074219,45396700
2023-01-06 00:00:00-05:00,258.6859086561472,265.1591919339073,255.72920809325254,264.03936767578125,54659700
2023-01-09 00:00:00-05:00,266.03340799810394,270.4144400254255,265.1395510811122,265.7485656738281,45568700
2023-01-10 00:00:00-05:00,264.7171732050925,268.10608378456925,264.20639348493586,267.9980163574219,35247800
2023-01-11 00:00:00-05:00,269.0686841056268,272.74243630189216,268.2828347206711,272.6343688964844,44077000
2023-01-12 00:00:00-05:00,273.19429674425373,275.13924036014834,268.89186479148395,274.1078186035156,60600000
2023-01-13 00:00:00-05:00,271.60300092594355,276.2394077827865,271.26902614954236,275.99383544921875,44802900
2023-01-17 00:00:00-05:00,275.79729863083617,277.840476737229,274.6283722086894,276.5536804199219,36269700
2023-01-18 00:00:00-05:00,278.09584882969705,279.6478823731974,272.75222377921324,272.95849609375,47754500
2023-01-19 00:00:00-05:00,271.3280039696785,272.4674633746698,269.0392826492269,270.2769470214844,44150400
2023-01-20 00:00:00-05:00,271.88788463329513,278.0075282572097,270.82699532060246,277.6735534667969,60613600
2023-01-23 00:00:00-05:00,278.5183243060803,285.0701773331729,277.72267234899215,283.8423156738281,52799900
2023-01-24 00:00:00-05:00,282.22153210361853,284.4218505095714,281.70091998159967,283.26275634765625,44875100
2023-01-25 00:00:00-05:00,278.74429755127477,283.25300303283507,276.20017118902257,282.6341857910156,50872000
2023-01-26 00:00:00-05:00,286.0623266127653,288.3215802920446,283.4101331830946,288.144775390625,51596300
2023-01-27 00:00:00-05:00,286.82849916891985,292.97764028486847,286.71062923956885,291.0130615234375,56441900
2023-01-30 00:00:00-05:00,287.7420439480691,289.16637565404983,284.7559055770718,285.129150390625,49405800
2023-01-31 00:00:00-05:00,285.1684647445243,289.5003650731984,285.06042728762225,289.4021301269531,46705100
2023-02-01 00:00:00-05:00,289.19577221840314,298.0560101714726,287.12312638069733,295.5904846191406,67562200
2023-02-02 00:00:00-05:00,302.1227543022491,308.1245280747307,301.2976348134695,306.1992492675781,83070600
2023-02-03 00:00:00-05:00,299.53932549956994,306.8573933607601,299.14641574356017,300.7573547363281,76170800
2023-02-06 00:00:00-05:00,298.1347173777351,300.4922063534338,296.86755543717135,298.2132873535156,40802300
2023-02-07 00:00:00-05:00,298.0855345313347,305.5214725237731,296.9657401974093,304.391845703125,67584000
2023-02-08 00:00:00-05:00,303.075622230362,304.01861179257713,298.2918769800745,298.9794616699219,56720900
2023-02-09 00:00:00-05:00,303.37020004952325,303.5175374375631,294.8832367504567,296.3370056152344,49137800
2023-02-10 00:00:00-05:00,294.17601551245633,296.22899658819284,291.98549954330554,294.3921203613281,50050100
2023-02-13 00:00:00-05:00,295.79683645936996,299.6965269013132,294.6180770903373,299.1071472167969,39636700
2023-02-14 00:00:00-05:00,297.5256683406615,302.2701132331672,295.5807244219493,301.3172912597656,64079100
2023-02-15 00:00:00-05:00,299.5000136519383,303.79261326970317,298.8124291004657,303.6256408691406,43100600
2023-02-16 00:00:00-05:00,298.9892340005614,302.96749383532796,297.7810073210326,297.9283447265625,59498600
2023-02-17 00:00:00-05:00,295.7378914921876,296.582646029,292.82049063068604,295.8262939453125,58230700
2023-02-21 00:00:00-05:00,291.99537657114183,293.4393432868049,288.68506586348246,288.82257080078125,46526700
2023-02-22 00:00:00-05:00,289.4021386214506,291.1113128233179,287.3786245732107,289.0386962890625,51389200
2023-02-23 00:00:00-05:00,292.69276766034636,292.84993755834523,287.36874603259605,291.5631408691406,69294400
2023-02-24 00:00:00-05:00,286.5926888833044,287.78125034830856,284.9129528715502,286.68109130859375,74332000
2023-02-27 00:00:00-05:00,289.84418387917367,291.2390182489861,288.14481217080714,288.73419189453125,48995000
2023-02-28 00:00:00-05:00,288.10543503721385,290.8754980128921,287.7714602778689,288.36083984375,48243100
2023-03-01 00:00:00-05:00,288.06620792003037,288.72432505115296,285.0604046615051,286.0426940917969,58287000
2023-03-02 00:00:00-05:00,283.54768865782523,289.2154882409043,283.262816311257,288.4100036621094,53565900
2023-03-03 00:00:00-05:00,290.1584372061476,294.6082063288815,289.6476276085931,294.3724365234375,60511500
2023-03-06 00:00:00-05:00,295.610170842958,298.6159739722746,294.5100115246582,294.7064514160156,56736300
2023-03-07 00:00:00-05:00,294.755563728383,295.678918088232,290.4825991868843,291.09161376953125,65955800
2023-03-08 00:00:00-05:00,291.5139883921772,293.1445922476932,289.65747718019156,292.54541015625,50876300
2023-03-09 00:00:00-05:00,293.0463705042288,295.64946128035666,286.6614896876432,287.476806640625,71456700
2023-03-10 00:00:00-05:00,287.6438033139176,289.1369024469611,282.29034385610817,283.4396057128906,98593600
2023-03-13 00:00:00-04:00,281.6518296683692,289.25473947061863,280.13909571042,285.54168701171875,97123600
2023-03-14 00:00:00-04:00,289.0976205978238,292.6535037945755,288.2528660160967,292.1034240722656,73602500
2023-03-15 00:00:00-04:00,289.49054018983065,293.9697780669856,288.04657337567556,293.63580322265625,83631500
2023-03-16 00:00:00-04:00,292.72225313446495,301.7396629996078,291.92660108619316,301.376220703125,98198100
2023-03-17 00:00:00-04:00,301.28780293795415,303.6747589614534,297.9971274856197,299.9518737792969,89923700
2023-03-20 00:00:00-04:00,299.3340203226328,301.3409709723913,297.1204479696814,301.0163269042969,56359500
2023-03-21 00:00:00-04:00,302.9544746352989,305.7681570175095,301.4393987245314,305.31561279296875,49757000
2023-03-22 00:00:00-04:00,305.24677723632783,310.1461627973051,300.9967400279125,301.1639709472656,75791900
2023-03-23 00:00:00-04:00,304.90242937887336,309.06392675002587,302.0395384791688,304.73516845703125,74576000
2023-03-24 00:00:00-04:00,304.31216135449586,305.9551074840104,301.98053611385967,305.85675048828125,57195200
2023-03-27 00:00:00-04:00,306.5552168839652,307.6374139411915,302.90529001338837,303.7611999511719,50287400
2023-03-28 00:00:00-04:00,303.1807541549301,303.2102672552795,299.8357759900044,302.1477355957031,48585900
2023-03-29 00:00:00-04:00,305.8468671210992,308.27687909765626,305.0302879825297,307.6570739746094,53274300
2023-03-30 00:00:00-04:00,310.13624352829544,311.19877510286335,307.7455925207638,310.5691223144531,58354800
2023-03-31 00:00:00-04:00,310.79541554972013,315.9702656714388,310.4904368566567,315.734130859375,62138100
2023-04-03 00:00:00-04:00,313.6091037499459,315.23241427318806,312.28098426510945,314.9667663574219,47126800
2023-04-04 00:00:00-04:00,315.40952513215416,316.42284833764353,312.6843519308902,313.904296875,45875400
2023-04-05 00:00:00-04:00,312.9499659209174,313.8944151110671,308.98521283558773,310.8052673339844,62795700
2023-04-06 00:00:00-04:00,309.1524733096397,313.39269239889046,307.75547979393593,312.9007873535156,46916500
2023-04-10 00:00:00-04:00,309.9690377341633,312.7729023639507,308.17849624864294,312.72369384765625,45134700
2023-04-11 00:00:00-04:00,312.68435607256504,312.74341230116863,310.20516538779697,310.71673583984375,40113600
2023-04-12 00:00:00-04:00,312.6745039478416,313.26479595734065,307.50950140584746,307.9718933105469,62813300
2023-04-13 00:00:00-04:00,309.73295335781836,314.4749257473954,308.55239912695794,314.0027160644531,54613800
2023-04-14 00:00:00-04:00,312.4482393474442,315.1733824574707,310.5002845828092,313.4123840332031,56278300
2023-04-17 00:00:00-04:00,312.99920811309613,314.03222683385826,310.92338300909137,313.67803955078125,43007000
2023-04-18 00:00:00-04:00,315.793213313415,316.2162744996255,312.4974732997396,313.69769287109375,46746900
2023-04-19 00:00:00-04:00,311.2873283359622,314.6126109678501,311.1594282311205,313.5500793457031,38960100
2023-04-20 00:00:00-04:00,310.5790099948983,314.1010369099434,309.8706655285175,311.1594543457031,62462100
2023-04-21 00:00:00-04:00,310.7954817382341,312.26134931858826,309.0147876904133,311.484130859375,59002300
2023-04-24 00:00:00-04:00,311.25787003960903,312.5958374752224,308.6605967490596,310.8348388671875,44043100
2023-04-25 00:00:00-04:00,309.2016843984731,309.87066806010336,304.87292596789285,304.9712829589844,57121600
2023-04-26 00:00:00-04:00,308.3654509330792,309.8411661347025,306.2994436461061,306.82086181640625,55400500
2023-04-27 00:00:00-04:00,310.5888331449583,315.66526639187344,309.94933261764436,315.1635437011719,65430400
2023-04-28 00:00:00-04:00,314.92739162767475,317.42627733061755,313.7960161792962,317.3377380371094,59712600
2023-05-01 00:00:00-04:00,316.8753983835549,318.39047437701817,315.8915882622026,316.9737854003906,41013400
2023-05-02 00:00:00-04:00,316.9049505254157,317.2296247186195,312.4679567240077,314.2093200683594,56519400
2023-05-03 00:00:00-04:00,314.5732710641641,317.2492356655561,312.04487196912623,312.1531066894531,59882100
2023-05-04 00:00:00-04:00,311.92681435241155,313.07788532974376,310.01822043945054,311.0512390136719,50224500
2023-05-05 00:00:00-04:00,313.31399138756706,318.51835501783313,311.09057104176145,317.6624450683594,51806100
2023-05-08 00:00:00-04:00,317.20000459500784,318.7937718464658,316.1178076886179,318.4494323730469,36465800
2023-05-09 00:00:00-04:00,316.7868659803596,317.6526237097807,316.11788228889895,316.4327087402344,31768800
2023-05-10 00:00:00-04:00,318.8725320578006,320.7319476003551,316.39334135789676,319.87603759765625,60446600
2023-05-11 00:00:00-04:00,320.426979200293,321.45996785269836,318.8725423436506,320.91888427734375,44278500
2023-05-12 00:00:00-04:00,321.4500372359266,321.8730983109377,317.71157162395883,319.7677307128906,48432800
2023-05-15 00:00:00-04:00,320.23999202108706,321.73537236272665,318.71506855787476,321.499267578125,33375600
2023-05-16 00:00:00-04:00,320.7811146668355,323.5751317119794,320.74175385676267,321.8633117675781,40019200
2023-05-17 00:00:00-04:00,322.92580798377355,326.3396301298811,321.7452539130898,325.7591857910156,47486100
2023-05-18 00:00:00-04:00,326.15269310949344,332.02604023945787,326.1330277171861,331.8096008300781,64213500
2023-05-19 00:00:00-04:00,332.0260959855992,332.73444053308907,329.99944936818474,331.0619812011719,61554900
2023-05-22 00:00:00-04:00,330.8061042248821,333.1869375756649,330.7962565176089,332.1736145019531,43015900
2023-05-23 00:00:00-04:00,330.45198952282885,331.6030305288364,327.60876391719165,327.9629211425781,48216700
2023-05-24 00:00:00-04:00,326.0052044912502,327.5202807142135,324.22451030374737,326.2806701660156,62891200
2023-05-25 00:00:00-04:00,333.64943498244156,335.489155414477,331.2194223737913,334.22003173828125,66862800
2023-05-26 00:00:00-04:00,335.24316629190025,343.5957051062899,335.1447792692735,342.75946044921875,63007000
2023-05-30 00:00:00-04:00,346.99965567771557,348.19990521349973,342.88733662134945,344.3138732910156,72652200
2023-05-31 00:00:00-04:00,342.72987065463116,344.9237776719262,340.8999985419479,342.35601806640625,65105400
2023-06-01 00:00:00-04:00,342.1003287370982,347.6391548961203,341.0476446264342,346.31103515625,50488600
2023-06-02 00:00:00-04:00,348.07195863796505,350.0690916948379,346.31096039208313,348.908203125,53372100
2023-06-05 00:00:00-04:00,348.6918438424343,351.7121483782044,348.12124713372924,349.15423583984375,47266200
2023-06-06 00:00:00-04:00,348.5441921142105,350.0592678621732,347.21604266089565,349.0951232910156,41390400
2023-06-07 00:00:00-04:00,349.38053925681294,351.33831204886735,342.5430460026586,343.1726989746094,69225900
2023-06-08 00:00:00-04:00,343.46780236109106,347.8949481340111,343.2415452366287,347.43255615234375,47153900
2023-06-09 00:00:00-04:00,348.8885507405918,351.86949388781363,347.31444871046006,348.7606506347656,53196900
2023-06-12 00:00:00-04:00,350.4232850306058,354.75204301020216,349.44932274165876,354.6536560058594,44606500
2023-06-13 00:00:00-04:00,357.40838883524145,358.21509032014467,354.2011582191671,357.3788757324219,57097800
2023-06-14 00:00:00-04:00,357.38864910619634,360.2613875262993,354.5848146154658,359.97607421875,69525600
2023-06-15 00:00:00-04:00,358.70695236934944,365.75103562480996,358.08717728445663,364.2655029296875,71138800
2023-06-16 00:00:00-04:00,366.6857256958735,366.813625821013,361.5305700416608,361.9732666015625,80932000
2023-06-20 00:00:00-04:00,360.51919447416657,362.85401808956453,358.48976795232016,361.455078125,49204700
2023-06-21 00:00:00-04:00,360.3122140702021,360.74568664113366,355.6031530175192,356.5292053222656,53378300
2023-06-22 00:00:00-04:00,355.27810832341714,360.89349995663713,354.87418928310535,360.73590087890625,47603000
2023-06-23 00:00:00-04:00,356.8346705164173,359.46506002591866,355.46531422846476,357.1597900390625,48922900
2023-06-26 00:00:00-04:00,356.62769134107214,359.425540339412,352.28313491890714,352.3717956542969,52685500
2023-06-27 00:00:00-04:00,353.91858530054697,359.1596415732708,353.1895768193049,358.43060302734375,49428100
2023-06-28 00:00:00-04:00,356.6080599092529,361.08066255918993,356.5292303100963,359.13006591796875,46498000
2023-06-29 00:00:00-04:00,358.8345306108151,359.47490841599677,356.7657194591643,358.4109191894531,46151000
2023-06-30 00:00:00-04:00,362.0953789831637,364.9917504525924,361.7801507777104,363.9376525878906,58712500
2023-07-03 00:00:00-04:00,364.57800246559816,365.42522524890154,363.49432094593277,364.79473876953125,19432900
2023-07-05 00:00:00-04:00,363.22834271154244,366.48921845817017,363.1889279109318,364.7848815917969,34460900
2023-07-06 00:00:00-04:00,361.0708607875819,362.4500782382164,359.11037270609035,362.0067443847656,49374700
2023-07-07 00:00:00-04:00,361.78019913001515,364.981968081345,360.5783031210823,360.80487060546875,47133700
2023-07-10 00:00:00-04:00,360.5290073491374,361.6028277308447,358.0168623354268,360.9230651855469,48498800
2023-07-11 00:00:00-04:00,361.346743082962,363.15943336484554,359.2089332563836,362.7062683105469,38214100
2023-07-12 00:00:00-04:00,366.81434398549743,368.63689536838575,364.80460986214194,367.2872314453125,61975400
2023-07-13 00:00:00-04:00,370.4692233693347,374.35075426129856,369.8879828635926,373.5232238769531,46960000
2023-07-14 00:00:00-04:00,373.9567301781998,377.17819125743983,372.56765152989857,373.4444580078125,55148500
2023-07-17 00:00:00-04:00,374.1635888076031,377.80869120494543,373.68087024397227,376.931884765625,40868900
2023-07-18 00:00:00-04:00,376.2915701510062,381.3848587517647,374.3606656620196,380.0154724121094,55262000
2023-07-19 00:00:00-04:00,381.07946888433037,382.22225770365327,378.5968472867821,379.92681884765625,54093000
2023-07-20 00:00:00-04:00,376.9318911606439,378.3997993737195,370.14415731170806,371.1687316894531,71941700
2023-07-21 00:00:00-04:00,373.5528160865386,374.28185464657395,369.62203883827016,370.0555114746094,60499600
2023-07-24 00:00:00-04:00,371.0308030549652,371.976547851103,368.7846403737097,370.6466064453125,40380100
2023-07-25 00:00:00-04:00,371.3559236001478,374.8236745721694,371.3362011667305,373.15875244140625,38894400
2023-07-26 00:00:00-04:00,372.11449390159294,373.61192570486145,369.61218004173713,371.9174499511719,47075700
2023-07-27 00:00:00-04:00,377.3850524449378,379.0006983723137,369.7402051940931,371.03076171875,63940200
2023-07-28 00:00:00-04:00,375.0896135085504,378.81351516730837,374.5773413985291,377.7889709472656,56902900
2023-07-31 00:00:00-04:00,378.0944061373745,379.168226478944,376.66591271101356,377.98602294921875,44019900
2023-08-01 00:00:00-04:00,376.6363654968615,377.86781500087017,375.04041175001595,377.1092529296875,41060600
2023-08-02 00:00:00-04:00,373.63161494844036,373.63161494844036,367.5925821871892,368.8338928222656,72687100
2023-08-03 00:00:00-04:00,366.4202770315307,370.3707767884127,366.2527866651259,368.2428283691406,47666400
2023-08-04 00:00:00-04:00,370.1737326539145,372.4888638078676,366.0163577938433,366.518798828125,61702800
2023-08-07 00:00:00-04:00,368.33148309942624,369.72056176974223,365.99665961314304,369.6220397949219,37230400
2023-08-08 00:00:00-04:00,367.1098561202907,367.12954848730607,363.34653955726554,366.4793395996094,44726500
2023-08-09 00:00:00-04:00,366.76507711480446,366.9227062590879,361.69151117096595,362.4500732421875,51150900
2023-08-10 00:00:00-04:00,365.46461848678524,368.8042935359375,361.59294889306045,363.11993408203125,72035300
2023-08-11 00:00:00-04:00,360.55858068613566,362.5387612582735,359.2778851314787,360.80487060546875,48707200
2023-08-14 00:00:00-04:00,360.0068530246826,364.972065655942,359.2877057828268,364.8538513183594,42130800
2023-08-15 00:00:00-04:00,363.878549931913,364.67655689923794,360.31227684808397,360.9822082519531,45539900
2023-08-16 00:00:00-04:00,360.4403584644806,361.9772051223847,357.0612680605431,357.1597900390625,53190500
2023-08-17 00:00:00-04:00,358.55867783661154,358.9034897078548,352.84476421055285,353.2585144042969,62604300
2023-08-18 00:00:00-04:00,349.98778252008736,354.0761885364602,349.4459267424536,352.815185546875,61191400
2023-08-21 00:00:00-04:00,354.28309086464947,359.17933528370077,353.82006464963996,358.49957275390625,50696500
2023-08-22 00:00:00-04:00,361.11021303811316,361.12007425409377,357.2976504743044,357.9872741699219,44530200
2023-08-23 00:00:00-04:00,359.16949118146084,364.7258060263344,358.95275485634835,363.63226318359375,51770600
2023-08-24 00:00:00-04:00,367.1099430727045,367.20843499579223,355.65253038852836,355.8594055175781,66842500
2023-08-25 00:00:00-04:00,356.69675461100496,360.31227361851654,353.25852705676294,358.6177978515625,69960500
2023-08-28 00:00:00-04:00,361.543675598097,362.25299164129996,358.84434818645246,361.3171081542969,40910000
2023-08-29 00:00:00-04:00,361.1201000665317,369.56292504226593,360.7950106274471,369.208251953125,58492400
2023-08-30 00:00:00-04:00,369.3166759697072,371.848543633588,368.31179382662464,371.26727294921875,41731500
2023-08-31 00:00:00-04:00,371.3460875388778,374.0848302124289,371.2771191466156,372.3804931640625,35730700
2023-09-01 00:00:00-04:00,374.75471582239464,375.17832724616864,370.4988190213584,371.9864196777344,39801200
2023-09-05 00:00:00-04:00,371.17859447087113,373.6809084267045,370.25254198480724,372.4593200683594,32344200
2023-09-06 00:00:00-04:00,371.6809940968879,372.0258059525802,367.1689765830045,369.1786804199219,42998700
2023-09-07 00:00:00-04:00,364.7159313717215,367.3167671772476,363.6716645886593,366.5384826660156,52060700
2023-09-08 00:00:00-04:00,366.48923260928746,369.28708226699547,366.08531356531296,367.0507507324219,35800100
2023-09-11 00:00:00-04:00,370.0850232874993,371.8878519533423,368.11470427733195,371.3755798339844,39936600
2023-09-12 00:00:00-04:00,369.700805786122,371.35589664472434,366.97192471288514,367.25762939453125,41391000
2023-09-13 00:00:00-04:00,367.4940740958543,370.2623700891692,366.36114660051237,368.65655517578125,46300700
2023-09-14 00:00:00-04:00,370.4101395228763,372.6563021545594,368.34132846411154,371.671142578125,48039400
2023-09-15 00:00:00-04:00,370.3313265058135,370.7352455252118,364.3710932465167,365.3070068359375,69811200
2023-09-18 00:00:00-04:00,364.36584496048613,366.8027128907005,364.0797266716834,365.6878662109375,36903500
2023-09-19 00:00:00-04:00,364.36580670286224,365.70754868785883,361.8795916828219,364.9084167480469,37621700
2023-09-20 00:00:00-04:00,365.9739503427575,366.3291067165045,359.57098915058174,359.6499328613281,45514200
2023-09-21 00:00:00-04:00,355.96007335750306,356.74935990446664,352.8918065855037,353.05950927734375,69734800
2023-09-22 00:00:00-04:00,354.80581530410115,356.9466893835174,352.7931720730554,353.10888671875,51589700
2023-09-25 00:00:00-04:00,352.14199901740113,354.8748604610111,351.1554133948887,354.7860412597656,39168000
2023-09-26 00:00:00-04:00,352.2012337647981,352.7438739868409,348.47194087111296,349.4585266113281,53657700
2023-09-27 00:00:00-04:00,350.6128708660016,352.19141418765446,346.64677663046984,350.2774353027344,56066000
2023-09-28 00:00:00-04:00,349.35987198322243,355.3386094390562,348.5015471820596,353.20758056640625,56453300
2023-09-29 00:00:00-04:00,356.6902048230615,358.08129428246383,352.23081815961984,353.46405029296875,64829600
2023-10-02 00:00:00-04:00,353.73045655362665,357.81490582520684,353.11877821749397,356.4139709472656,51625100
2023-10-03 00:00:00-04:00,353.96717193786543,356.16726861244763,348.5409512670307,350.1589660644531,60478500
2023-10-04 00:00:00-04:00,350.997602715278,355.7726741496621,350.53390620676305,354.9242248535156,54786700
2023-10-05 00:00:00-04:00,354.91432088361586,355.3188246231154,350.3760508678176,353.87841796875,45897400
2023-10-06 00:00:00-04:00,350.87918205349234,361.00156050479404,350.08992557305686,359.80780029296875,75049100
2023-10-09 00:00:00-04:00,357.43995789204183,362.18543231305404,355.9403585893951,361.642822265625,45304800
2023-10-10 00:00:00-04:00,361.978267216126,366.29951715958055,361.4751290106338,363.6455993652344,46968800
2023-10-11 00:00:00-04:00,364.9774975009921,366.42777960975275,363.25097261476304,366.2403259277344,38215100
2023-10-12 00:00:00-04:00,366.7435237436509,368.72654058462217,362.5702552725793,364.9676513671875,49587900
2023-10-13 00:00:00-04:00,365.5990823590476,366.18116432862075,358.97907041170765,360.3800354003906,52469900
2023-10-16 00:00:00-04:00,361.7020075914563,365.5102436609505,361.5540257732046,364.45458984375,44201100
2023-10-17 00:00:00-04:00,360.90287967978037,364.95776219420605,358.7817266393666,363.2608337402344,50999100
2023-10-18 00:00:00-04:00,360.7648011295695,362.974743432088,357.163739288283,358.4956359863281,54280500
2023-10-19 00:00:00-04:00,359.9163062538782,361.110066452406,354.34210338885663,355.1412353515625,72274200
2023-10-20 00:00:00-04:00,354.6381151810378,355.2103517926349,349.6163971861062,349.84332275390625,72559700
2023-10-23 00:00:00-04:00,348.5212507897234,354.44076459522245,346.40994308049073,350.89892578125,60665200
2023-10-24 00:00:00-04:00,352.71423610627215,355.0820355824691,351.01730762849365,354.3125,47082100
2023-10-25 00:00:00-04:00,351.9151428091988,352.0927210150706,345.05835992536896,345.64044189453125,71190500
2023-10-26 00:00:00-04:00,344.43673637140995,345.37400467078936,337.75756315374093,339.04998779296875,78621400
2023-10-27 00:00:00-04:00,341.7828580689399,344.1605330884445,339.4643757795305,340.6778869628906,63476700
2023-10-30 00:00:00-04:00,343.1640993367296,345.837768328279,341.8026363276884,344.5157470703125,55298500
2023-10-31 00:00:00-04:00,344.54534513807914,346.5382374726327,341.9703407279223,346.163330078125,47671900
2023-11-01 00:00:00-04:00,347.00193131124155,352.73399194682804,346.90326671741013,352.171630859375,58992700
2023-11-02 00:00:00-04:00,356.6901905197439,358.8014681911074,355.4668038189394,358.564697265625,58162400
2023-11-03 00:00:00-04:00,359.85711966043,364.0698295917299,359.6301941195656,362.77740478515625,53280500
2023-11-06 00:00:00-05:00,363.5469812590323,364.8196853344033,361.98818898787283,364.25732421875,38848700
2023-11-07 00:00:00-05:00,365.3030743677261,368.5686706087958,364.09943861576465,367.70050048828125,50777400
2023-11-08 00:00:00-05:00,368.0753927235694,368.7758902732475,365.6484002460484,367.9372863769531,35663400
2023-11-09 00:00:00-05:00,368.627892068924,369.77230497536135,364.61248108023875,365.10577392578125,53859400
2023-11-10 00:00:00-05:00,366.8323331623054,373.46219083022413,366.29956840903986,373.314208984375,58309800
2023-11-13 00:00:00-05:00,371.73558378426725,373.2055866427486,370.2063580922894,372.1499328613281,40733500
2023-11-14 00:00:00-05:00,378.56271652032956,381.0785276284962,378.0398274058652,380.1609802246094,67792600
2023-11-15 00:00:00-05:00,382.0552829393108,382.54857575136936,379.0856505760934,380.4471435546875,54141400
2023-11-16 00:00:00-05:00,379.6776707507478,381.00956758517157,378.4148421474013,380.7727966308594,45343500
2023-11-17 00:00:00-05:00,380.0426587786193,381.8777237872097,379.1350168197854,380.8615417480469,46571900
2023-11-20 00:00:00-05:00,380.87138493142095,386.15949976599205,380.87138493142095,385.49847412109375,44429600
2023-11-21 00:00:00-05:00,383.7916757897456,384.0087258271478,381.51266545112463,383.2589111328125,43337000
2023-11-22 00:00:00-05:00,385.3308050878148,387.7972694723159,383.82133008882835,384.82763671875,44121000
2023-11-24 00:00:00-05:00,384.42314053167644,385.01509801727804,383.28857291406155,384.2850341796875,15718800
2023-11-27 00:00:00-05:00,383.79169712481854,385.9029747803666,383.07147875426443,383.9495544433594,34139700
2023-11-28 00:00:00-05:00,383.199750263669,385.5379535243204,382.8445637601163,384.95587158203125,35491100
2023-11-29 00:00:00-05:00,387.4223347224668,388.85289600778486,384.2356521236676,384.5809631347656,38811700
2023-11-30 00:00:00-05:00,384.8473373519922,385.31103383621644,380.6445027354517,383.6141052246094,52834400
2023-12-01 00:00:00-05:00,382.5485730876191,385.30115539003594,380.89111647661264,384.7091979980469,40490100
2023-12-04 00:00:00-05:00,380.9108613200342,381.41402965111894,377.5268796658972,381.1377868652344,51186900
2023-12-05 00:00:00-05:00,379.23366477466595,383.28851726210314,379.0560564790276,382.0947570800781,42933000
2023-12-06 00:00:00-05:00,385.03477448943374,385.1334390770235,379.53951524832127,379.8847961425781,41994100
2023-12-07 00:00:00-05:00,382.8642992780169,386.02135528366534,381.76917355352117,385.192626953125,49593500
2023-12-08 00:00:00-05:00,383.45628228024253,387.35327778127146,383.2688285861351,386.9093322753906,46687500
2023-12-11 00:00:00-05:00,386.4850628203195,390.48075287034135,386.2778882587971,390.21435546875,41198000
2023-12-12 00:00:00-05:00,390.25381601945304,393.44049849740657,389.11924854733235,393.3221130371094,39221200
2023-12-13 00:00:00-05:00,394.2593382497381,398.93574442547737,393.48980267514554,398.3240661621094,55408100
2023-12-14 00:00:00-05:00,399.54742717832005,400.84969722306585,394.96965577094187,397.978759765625,55447800
2023-12-15 00:00:00-05:00,398.7581754565287,401.08653321564685,398.15637267001773,399.9026184082031,62896600
2023-12-18 00:00:00-05:00,400.2960882974324,403.32106810890696,399.9698779982255,402.4214782714844,46610000
2023-12-19 00:00:00-05:00,402.87626569847384,404.59634410373195,402.6884375774002,404.47772216796875,35711900
2023-12-20 00:00:00-05:00,403.6769346590409,405.77266899871773,398.28929124357586,398.46722412109375,54042400
2023-12-21 00:00:00-05:00,402.4017101602885,403.46936781901707,399.84135305832086,403.10357666015625,45568900
2023-12-22 00:00:00-05:00,404.3195040486344,405.2784048126473,401.82835317280114,403.70660400390625,34314000
2023-12-26 00:00:00-05:00,404.56665747034475,406.85022006300187,404.46779580870526,406.1780090332031,22722500
2023-12-27 00:00:00-05:00,406.46090294074895,407.2917233807638,405.60038123595757,407.0048828125,31980500
2023-12-28 00:00:00-05:00,408.16212774935417,408.40939682298944,406.4510148934812,406.80706787109375,27029200
2023-12-29 00:00:00-05:00,406.78723140965786,407.1433145138835,403.12763763814587,405.04644775390625,42662100
2024-01-02 00:00:00-05:00,401.4066974859619,401.65396654587965,395.8678645069622,398.19219970703125,58026900
2024-01-03 00:00:00-05:00,395.56125728435336,396.61957611570585,393.543563467669,393.9787292480469,47002800
2024-01-04 00:00:00-05:00,392.10936665213654,395.22495060961353,391.73351287096733,391.95111083984375,39432800
2024-01-05 00:00:00-05:00,392.1193048135244,395.1953175679347,391.02141444263924,392.416015625,44922800
2024-01-08 00:00:00-05:00,393.6424959701668,400.8132996733028,393.494140551083,400.5264892578125,42473800
2024-01-09 00:00:00-05:00,397.51960858587665,402.2473914886992,397.32178127745686,401.3176574707031,39132900
2024-01-10 00:00:00-05:00,401.634210585262,405.04650562647345,400.7440479738248,404.03765869140625,33962800
2024-01-11 00:00:00-05:00,405.3135528853883,406.7081539785194,399.8241617506112,404.87835693359375,54536200
2024-01-12 00:00:00-05:00,405.91684940375336,406.75757017530395,403.69142804717114,405.0860290527344,39595000
2024-01-16 00:00:00-05:00,403.8496740826811,406.62897560602516,402.38583053723465,405.04644775390625,43903000
2024-01-17 00:00:00-05:00,401.7331012147119,403.13757254275214,398.5186035024624,402.76171875,54386000
2024-01-18 00:00:00-05:00,406.03555720002583,409.06212800530994,404.6904280351043,408.47857666015625,59562500
2024-01-19 00:00:00-05:00,410.6841858486458,416.7373268454927,410.1006345626578,416.5790710449219,70325100
2024-01-22 00:00:00-05:00,418.7847486469614,420.0903364476839,416.51975574507003,417.12310791015625,44880600
2024-01-23 00:00:00-05:00,417.8154862180531,419.071632413058,415.97581882346543,418.8540344238281,33003800
2024-01-24 00:00:00-05:00,422.77080388764773,425.15448154950116,420.68383706162035,421.1783752441406,46948000
2024-01-25 00:00:00-05:00,423.6807108328353,424.35330565914444,419.3485819787149,421.69268798828125,44367200
2024-01-26 00:00:00-05:00,419.80351225091505,421.5541662899098,418.52759547851645,419.1803894042969,37137000
2024-01-29 00:00:00-05:00,419.6353712499051,423.6708192677647,418.9825773004216,423.4729919433594,38694700
2024-01-30 00:00:00-05:00,422.4344997629078,423.00815074399645,419.74421098135315,420.6541442871094,36739000
2024-01-31 00:00:00-05:00,416.25275134537867,418.2506745304422,412.2371041320946,412.4151306152344,64010600
2024-02-01 00:00:00-05:00,414.21524244909244,417.7660224895652,413.2459368782287,417.271484375,51008600
2024-02-02 00:00:00-05:00,419.1705597369811,425.5402140688035,418.1716131137609,424.32366943359375,59602400
2024-02-05 00:00:00-05:00,424.3829673380894,424.9170467974545,420.35741962826177,423.7697448730469,39889200
2024-02-06 00:00:00-05:00,424.9170516631162,425.52040389751744,420.5750224334973,422.91912841796875,35846100
2024-02-07 00:00:00-05:00,425.70832987076966,428.1018775909272,424.4027419229312,427.27105712890625,37712700
2024-02-08 00:00:00-05:00,427.38972210735005,428.8238947375223,426.7072872671858,428.06231689453125,29889900
2024-02-09 00:00:00-05:00,429.1997442306421,433.0670359352017,428.4084953155892,432.2757568359375,36943900
2024-02-12 00:00:00-05:00,432.1670007724912,434.3429807053495,429.9020075947723,430.58447265625,33203300
2024-02-13 00:00:00-05:00,422.61247540721484,426.55887976645755,420.6837647532125,423.86859130859375,64491700
2024-02-14 00:00:00-05:00,426.5490288846273,428.9129054022339,424.1950226041561,428.48760986328125,45092700
2024-02-15 00:00:00-05:00,429.1800288899622,430.2284474204348,426.6182945466326,429.7635803222656,38796100
2024-02-16 00:00:00-05:00,430.1394247061307,430.23830819292345,425.1544714926631,425.8666076660156,53716500
2024-02-20 00:00:00-05:00,423.86861355765257,425.38189900812085,418.87379058422897,422.6520690917969,53999500
2024-02-21 00:00:00-05:00,419.9122750360683,421.04973677659603,417.0241895287662,420.960693359375,49779000
2024-02-22 00:00:00-05:00,429.74372759451074,434.3231554336822,428.972249331563,433.2846374511719,53887800
2024-02-23 00:00:00-05:00,434.847372066645,435.7771061666254,431.0295521880033,432.00872802734375,39853900
2024-02-26 00:00:00-05:00,432.81973705152427,433.8088132192909,431.59326207823136,431.78118896484375,33043200
2024-02-27 00:00:00-05:00,432.8890057637283,433.20548721652256,430.2778300347507,432.81976318359375,33713200
2024-02-28 00:00:00-05:00,430.673453572072,431.899928616804,429.55579260792126,430.51519775390625,32938800
2024-02-29 00:00:00-05:00,433.4429204017879,435.2825878423433,430.2679637272085,434.2044982910156,42495200
2024-03-01 00:00:00-05:00,435.0946617864891,441.70168427871766,435.0353196227552,440.7422790527344,43853000
2024-03-04 00:00:00-05:00,440.7422442825303,441.16757000135414,438.9223476417633,439.16961669921875,34325700
2024-03-05 00:00:00-05:00,436.1232794281308,436.1331798494727,428.91290519112124,431.28668212890625,57917100
2024-03-06 00:00:00-05:00,435.5100811773009,437.1618216857246,432.11755673185337,433.9967956542969,46234500
2024-03-07 00:00:00-05:00,437.58711514912994,441.84013082742956,436.04412847428506,440.5840148925781,44526700
2024-03-08 00:00:00-05:00,440.94011032346384,443.73921320282216,433.5517090305109,434.2242736816406,72096000
2024-03-11 00:00:00-04:00,432.7307753892559,433.86820708089914,430.6833802337702,432.6120910644531,45860000
2024-03-12 00:00:00-04:00,434.9265662320316,439.1696821577751,431.69226716054413,438.8136291503906,55300900
2024-03-13 00:00:00-04:00,437.81457273531777,437.8343735771599,434.3231349659196,435.4407958984375,37928700
2024-03-14 00:00:00-04:00,436.6771619918081,437.2013711940787,431.6229968703131,434.34295654296875,52195200
2024-03-15 00:00:00-04:00,431.3065006408254,434.07590215099276,428.01285972544184,429.17999267578125,73069800
2024-03-18 00:00:00-04:00,434.5112345408061,436.799019433192,433.0355416540417,433.27325439453125,47323800
2024-03-19 00:00:00-04:00,431.2627894960799,434.75884433085054,429.16314971327625,434.352783203125,43004100
2024-03-20 00:00:00-04:00,435.5511236461475,439.83947355327797,433.8476617642306,439.50274658203125,43653500
2024-03-21 00:00:00-04:00,444.5635851124157,445.0191533002747,441.38446086110866,441.58251953125,39345700
2024-03-22 00:00:00-04:00,441.06758254728834,443.1869888891585,440.2158364708192,442.0876770019531,28253900
2024-03-25 00:00:00-04:00,439.2848593167333,441.968822012634,438.284591919368,440.4832458496094,27789200
2024-03-26 00:00:00-04:00,442.0083930206614,442.9294731649867,438.8292686570567,439.05706787109375,34142000
2024-03-27 00:00:00-04:00,442.1471160345277,442.2461604974196,437.68047370800286,440.5525817871094,41359200
2024-03-28 00:00:00-04:00,440.5030634346059,441.3548095248046,439.3839245031317,439.740478515625,36839600
2024-04-01 00:00:00-04:00,440.69121403763677,443.2265949148535,438.75995295363714,440.6714172363281,38729000
2024-04-02 00:00:00-04:00,435.8481917881522,437.1852162770484,433.81791661087715,436.8682861328125,44259700
2024-04-03 00:00:00-04:00,434.73902564244975,439.73057030870933,434.72914235318194,437.8488464355469,39949800
2024-04-04 00:00:00-04:00,442.0381514217208,442.6522149927811,430.9260398725093,431.1538391113281,57267700
2024-04-05 00:00:00-04:00,432.5799772284299,438.90854629943993,431.7678549915394,436.2344970703125,54744600
2024-04-08 00:00:00-04:00,437.1654594542943,438.2449745217014,434.9767190047488,436.3632507324219,28144900
2024-04-09 00:00:00-04:00,438.7005306265955,438.9778369644632,433.23362129829235,437.9775695800781,39443600
2024-04-10 00:00:00-04:00,432.7978417360344,435.01629239724105,432.0847639914861,434.1546630859375,61502200
2024-04-11 00:00:00-04:00,436.02646313263415,442.03807095435207,433.7485618314873,441.0873107910156,45474600
2024-04-12 00:00:00-04:00,436.85843750519206,437.9874596754413,432.67901534686695,434.0556335449219,53665000
2024-04-15 00:00:00-04:00,437.8092033901657,437.89833433442107,426.07314547720983,426.91497802734375,63453600
2024-04-16 00:00:00-04:00,426.7565009348942,429.5890151660871,425.5680581541315,426.95458984375,47619000
2024-04-17 00:00:00-04:00,428.9353146694585,428.95511146869296,420.81415381342356,421.7451171875,56880500
2024-04-18 00:00:00-04:00,422.3889011950564,424.12207335388047,418.76409179599244,419.3385314941406,46549400
2024-04-19 00:00:00-04:00,418.15996493819904,418.68486728846034,409.09795670581633,410.6627502441406,75231000
2024-04-22 00:00:00-04:00,413.2972043639061,417.1299861620728,409.9596146373191,414.7926940917969,47807700
2024-04-23 00:00:00-04:00,416.7239047204478,422.1809307549363,414.84218098500753,420.9825744628906,44384700
2024-04-24 00:00:00-04:00,424.08247343018746,425.59775985749303,420.1209371262123,422.4087219238281,48440300
2024-04-25 00:00:00-04:00,415.2086075113914,421.2301595778061,414.11920921453924,420.3685302734375,57392200
2024-04-26 00:00:00-04:00,423.50799654883156,428.3905823609107,422.8147458909901,426.8554992675781,41874900
2024-04-29 00:00:00-04:00,428.9650653893637,429.58901220141706,425.8453615532208,428.5887145996094,30022200
2024-04-30 00:00:00-04:00,427.0041197471969,428.4005650240207,420.4279847151419,420.5072021484375,43665900
2024-05-01 00:00:00-04:00,419.0810362812296,426.0038418646144,416.6149894826864,417.4667053222656,52251700
2024-05-02 00:00:00-04:00,421.21033183967234,423.6962055209441,416.58525516971946,422.7949523925781,36559000
2024-05-03 00:00:00-04:00,430.262442093191,432.2828339850437,428.45993589775503,431.2924499511719,48515300
2024-05-06 00:00:00-04:00,433.0949260544609,436.10570198110287,432.32242771677045,436.0165710449219,30227200
2024-05-07 00:00:00-04:00,436.46228829673737,437.72006523266936,435.353032707992,436.0859375,30996100
2024-05-08 00:00:00-04:00,433.4613975113601,437.23475829824343,433.3425260379063,435.8283996582031,24896700
2024-05-09 00:00:00-04:00,436.09580737355435,437.3536144949182,434.2437939852255,436.7791748046875,24580100
2024-05-10 00:00:00-04:00,438.2845993624885,440.03756838394236,436.2642072837091,437.8092041015625,27116600
2024-05-13 00:00:00-04:00,439.72061959803295,439.8196640512159,437.40312446934496,438.8193664550781,22994200
2024-05-14 00:00:00-04:00,438.39353947668786,442.17681419663,438.2053640696036,441.6419982910156,34478300
2024-05-15 00:00:00-04:00,444.11787382832455,448.79248734848073,442.60258757200904,448.5448913574219,41464700
2024-05-16 00:00:00-04:00,448.35675006791064,450.31772134684235,447.46541047716795,447.6337890625,34780400
2024-05-17 00:00:00-04:00,447.7625648640613,448.3667149138811,445.217300561421,447.41595458984375,35803700
2024-05-20 00:00:00-04:00,447.6337959867833,451.1991544049052,447.44562059843406,450.5356140136719,24474200
2024-05-21 00:00:00-04:00,448.6836440370662,451.60525914677277,448.4855551173019,451.4170837402344,23167700
2024-05-22 00:00:00-04:00,451.674551842668,452.427253399749,448.72319646411813,451.3279113769531,25120000
2024-05-23 00:00:00-04:00,456.12139940247897,456.1511097174414,447.50507559800815,449.29766845703125,40899200
2024-05-24 00:00:00-04:00,450.9119615250611,454.8140770907989,449.20849975410897,453.54638671875,29669500
2024-05-28 00:00:00-04:00,454.7645735643504,455.319186254348,452.2985267740355,455.259765625,26216800
2024-05-29 00:00:00-04:00,451.1001735376907,453.8336131787812,450.96150525217973,452.0509338378906,29739200
2024-05-30 00:00:00-04:00,451.11994543939437,451.2586137172513,445.88080522828767,447.2079162597656,30536800
2024-05-31 00:00:00-04:00,447.4357559057489,448.129036909429,438.7996047963007,446.37603759765625,55941300
2024-06-03 00:00:00-04:00,450.198921679843,451.1991890997421,443.59304622749636,448.77276611328125,32997500
2024-06-04 00:00:00-04:00,448.5152782239654,451.19921088579787,446.79201942454824,450.0008544921875,23767400
2024-06-05 00:00:00-04:00,453.57610393016483,459.1519408150762,450.0404255724261,459.0727233886719,33817400
2024-06-06 00:00:00-04:00,459.7560780803062,460.0730082253945,457.745599697593,458.91424560546875,21966800
2024-06-07 00:00:00-04:00,458.54783305481715,461.2614757860569,457.39898388506356,458.5082092285156,25829700
2024-06-10 00:00:00-04:00,457.3792242132735,460.71681402717616,457.0920043414882,460.3602600097656,20660800
2024-06-11 00:00:00-04:00,459.0826602839929,463.63843324942377,457.58717060137843,463.5195617675781,22053300
2024-06-12 00:00:00-04:00,467.45140382283574,471.9180459970675,466.75815305448225,469.59063720703125,34532600
2024-06-13 00:00:00-04:00,473.1263094263888,473.7898800943953,469.8580538757527,472.13592529296875,25859000
2024-06-14 00:00:00-04:00,471.93784485553545,474.6515179822657,471.4723630955001,474.5821838378906,23372600
2024-06-17 00:00:00-04:00,474.8495039581257,482.17833950991957,473.542220049061,480.3956604003906,37054500
2024-06-18 00:00:00-04:00,480.3462528169641,481.22767904264435,478.7814288479496,480.5443115234375,24438600
2024-06-20 00:00:00-04:00,481.74262310012705,482.1585674757915,475.00799342285035,476.8402099609375,33918700
2024-06-21 00:00:00-04:00,476.5629502483652,477.8999748920205,474.0671930779008,475.5626525878906,37456800
2024-06-24 00:00:00-04:00,474.3345941263354,476.07052108362217,470.0096706376766,470.1485290527344,37751000
2024-06-25 00:00:00-04:00,472.2416142126937,475.8225692896328,471.29924168078026,475.5249938964844,29014700
2024-06-26 00:00:00-04:00,474.7015868097137,477.05255318376294,474.2849813160983,476.5069580078125,22737100
2024-06-27 00:00:00-04:00,476.25896097924954,479.2150072811932,475.4455479987456,477.7369689941406,26222100
2024-06-28 00:00:00-04:00,478.53059103888904,483.282079612265,474.61234377682473,475.2571105957031,34881600
2024-07-01 00:00:00-04:00,476.1796388241986,478.60991833266274,472.4300379129382,478.0445251464844,24898300
2024-07-02 00:00:00-04:00,476.5466095495147,483.1232968043938,476.4176501488842,483.06378173828125,26723600
2024-07-03 00:00:00-04:00,482.3099405032558,487.22014593921017,482.3099405032558,487.0911865234375,18064900
2024-07-05 00:00:00-04:00,487.93433230475875,492.60644693883444,487.6367266822081,492.16998291015625,28495900
2024-07-08 00:00:00-04:00,492.5370009036956,493.89597878606156,491.515285174663,493.3404846191406,22109400
2024-07-09 00:00:00-04:00,494.8582194823918,495.9791371759557,492.2493643773,493.7670593261719,25614500
2024-07-10 00:00:00-04:00,495.6914797235642,499.47083847135156,494.3821177582786,498.91534423828125,28046900
2024-07-11 00:00:00-04:00,499.02445931370636,499.2327620763541,486.783697768007,487.9740295410156,49966600
2024-07-12 00:00:00-04:00,488.5493382781802,495.6021464847107,488.0831167175794,490.84075927734375,37109400
2024-07-15 00:00:00-04:00,492.61635700216624,496.98099738699784,490.1166331862592,492.1600646972656,31151400
2024-07-16 00:00:00-04:00,493.6182771718583,494.4316902312629,489.18422242492244,492.34857177734375,25950600
2024-07-17 00:00:00-04:00,484.3533484843843,484.86915585019227,477.82627685084054,477.89569091796875,56268800
2024-07-18 00:00:00-04:00,481.625500179522,481.8040454037507,472.43995686345664,475.6340637207031,49347400
2024-07-19 00:00:00-04:00,475.29677314789285,477.81635549276973,470.1286793186739,471.418212890625,42042900
2024-07-22 00:00:00-04:00,477.2906090401018,479.4629999102959,473.8683411563272,478.4412841796875,40300000
2024-07-23 00:00:00-04:00,477.53866043505366,480.53436367583976,476.2788842614331,476.7550048828125,23282500
2024-07-24 00:00:00-04:00,470.00964098720937,470.3766606771933,458.79059618135454,459.6535949707031,58818600
2024-07-25 00:00:00-04:00,459.99090161165,464.17696682601115,451.9659626404924,454.584716796875,59256800
2024-07-26 00:00:00-04:00,458.92945331899654,462.1830749909477,456.07260887100784,459.24688720703125,39992100
2024-07-29 00:00:00-04:00,461.964875633635,464.1471959279414,457.90776995790696,460.16943359375,28218500
2024-07-30 00:00:00-04:00,462.1037777697679,462.80805968299586,450.49785360966354,453.8506774902344,41317200
2024-07-31 00:00:00-04:00,464.10749036668363,468.9879381584773,462.659239832893,467.2817687988281,44552100
2024-08-01 00:00:00-04:00,467.96623233847004,471.7257322990173,452.3131324101359,455.9635314941406,56653900
2024-08-02 00:00:00-04:00,447.2640710604141,449.92251191215183,440.89568575875717,445.1412658691406,66323200
2024-08-05 00:00:00-04:00,421.29458720530823,438.7332304958826,420.04474037365134,431.8688659667969,87483500
2024-08-06 00:00:00-04:00,433.71393042413985,443.47479628382376,431.0653884921357,435.99542236328125,63164400
2024-08-07 00:00:00-04:00,442.89943365435545,445.3892585731149,430.87690439120644,431.273681640625,54929200
2024-08-08 00:00:00-04:00,437.5131589709675,445.37938162866106,433.6345980874898,444.466796875,47890100
2024-08-09 00:00:00-04:00,443.1474028666421,448.4246278308147,442.0264852411968,446.78790283203125,33574000
2024-08-12 00:00:00-04:00,447.7600208217018,450.71603684650245,444.94283292947677,447.7500915527344,27795000
2024-08-13 00:00:00-04:00,452.1543688770567,459.12783342487006,452.0154802061328,458.8599853515625,40084500
2024-08-14 00:00:00-04:00,459.7825457496771,461.3696546201234,454.7136237077934,459.0088195800781,34733700
2024-08-15 00:00:00-04:00,464.9903407727649,471.00160511090996,464.61339180896005,470.6048278808594,38280600
2024-08-16 00:00:00-04:00,468.81933774654357,472.57886826671006,467.85713696240066,471.2099609375,38383600
2024-08-19 00:00:00-04:00,471.34882847524597,477.43943656320204,469.5632854107965,477.3997497558594,23737700
2024-08-20 00:00:00-04:00,476.4871607951865,479.0563290804587,474.701617746839,476.39788818359375,29209300
2024-08-21 00:00:00-04:00,477.1815214231533,480.4748301983497,475.4654529623726,478.619873046875,25658800
2024-08-22 00:00:00-04:00,480.9410251114475,481.63540798205025,469.999727033811,471.0313720703125,37739600
2024-08-23 00:00:00-04:00,475.3860251970434,478.8578788029496,471.45787930770894,476.1399230957031,36061500
2024-08-26 00:00:00-04:00,475.5944512024663,476.516965218525,469.434367946977,471.5174865722656,27452600
2024-08-27 00:00:00-04:00,469.88070629501414,473.99732698185517,467.91661806023484,472.926025390625,27510000
2024-08-28 00:00:00-04:00,472.45981610378107,473.1839262716148,464.12737263361413,467.5595397949219,37372400
2024-08-29 00:00:00-04:00,469.47404811170753,474.08664839886916,465.59548731869563,466.8751220703125,41081500
2024-08-30 00:00:00-04:00,471.21988258054085,473.0649105007143,466.7263126612224,472.4399719238281,33466500
2024-09-03 00:00:00-04:00,469.39464054986547,469.5235696895021,455.71552825666635,458.0962219238281,44985200
2024-09-04 00:00:00-04:00,454.9814822083975,460.7149994098257,454.0490390759713,456.9058532714844,32505100
2024-09-05 00:00:00-04:00,455.2791279510402,461.61772610556255,454.25741205505204,457.3324890136719,34452400
2024-09-06 00:00:00-04:00,456.6280724427443,457.5109297086549,444.58571649188,445.0816955566406,50624400
2024-09-09 00:00:00-04:00,449.4165929026836,451.79728659834745,446.2026579271455,450.8053283691406,32981200
2024-09-10 00:00:00-04:00,452.571066135042,455.47752709594516,448.5933337522763,454.97161865234375,29680300
2024-09-11 00:00:00-04:00,456.21149310304634,465.59540906942743,447.65088911155976,464.8514404296875,57843000
2024-09-12 00:00:00-04:00,464.8812332254474,470.2279027858919,463.0957204635057,469.41448974609375,40067800
2024-09-13 00:00:00-04:00,468.6805001730743,472.69791945085694,468.45233885066716,471.5174865722656,29111800
2024-09-16 00:00:00-04:00,469.38474036680077,470.0493354611843,466.11129015562886,469.434326171875,22585600
2024-09-17 00:00:00-04:00,472.4597826355524,473.75924546425443,467.1825577118159,469.6822814941406,30084400
2024-09-18 00:00:00-04:00,470.8825973200617,474.97935949819004,467.0436934318543,467.6488037109375,39909200
2024-09-19 00:00:00-04:00,478.7289317416037,482.3198458494959,476.625985203916,479.472900390625,52782500
2024-09-20 00:00:00-04:00,478.6099190548314,479.8002810455393,474.45361162895745,478.5603332519531,34577700
2024-09-23 00:00:00-04:00,479.7394288493287,480.9215203228554,478.3983973954024,479.8288269042969,24843000
2024-09-24 00:00:00-04:00,481.2393869460607,483.0969506657902,476.9779279353997,482.1433410644531,25952600
2024-09-25 00:00:00-04:00,481.5175252200048,484.54726755271423,481.3387291034352,482.5903625488281,26549900
2024-09-26 00:00:00-04:00,490.0901931881352,490.41801640583714,482.5705094037965,486.21612548828125,32020200
2024-09-27 00:00:00-04:00,487.2392614802521,487.37834534141643,482.3320991127466,483.5141906738281,22851100
2024-09-30 00:00:00-04:00,482.55059356597803,485.1631145023519,479.7096210425014,484.82537841796875,30281100
2024-10-01 00:00:00-04:00,484.4578646399969,484.755858164627,474.22631911696305,478.0705871582031,42735400
2024-10-02 00:00:00-04:00,477.166637111899,480.6632561757568,474.5442031287082,478.74609375,23744000
2024-10-03 00:00:00-04:00,476.5507507116233,481.3287721276597,475.80573659916814,478.3884582519531,25337200
2024-10-04 00:00:00-04:00,484.2095544580303,484.63668863947703,479.1831946220503,484.0804138183594,30686600
2024-10-07 00:00:00-04:00,482.16324837425714,483.33539671773843,477.6732769407057,478.8951110839844,24975100
2024-10-08 00:00:00-04:00,481.43807233094464,486.7326261243506,480.633459488425,486.0472106933594,28272000
2024-10-09 00:00:00-04:00,485.74923740089366,490.44780433240027,484.7062296918654,489.87164306640625,24995000
2024-10-10 00:00:00-04:00,487.58691507255554,491.18284505079606,486.275682942402,489.3153381347656,25750400
2024-10-11 00:00:00-04:00,487.4776224231671,491.10338200779745,486.9114347391252,490.0802001953125,20644500
2024-10-14 00:00:00-04:00,492.47420829002317,495.5138635907322,491.96761928304056,494.1927185058594,26060100
2024-10-15 00:00:00-04:00,494.5205236931824,495.1860830208678,485.43135691832794,487.5869445800781,34784500
2024-10-16 00:00:00-04:00,487.91470906379936,488.4213283685863,484.32872229968694,487.6465148925781,22996800
2024-10-17 00:00:00-04:00,493.1397531110063,493.18940859356604,487.92465422473487,487.9842529296875,27210700
2024-10-18 00:00:00-04:00,490.7755527979265,492.2755242206624,490.02059547553733,491.1828308105469,25335000
2024-10-21 00:00:00-04:00,489.97096880094847,492.93116924698734,488.0438631229109,492.1265563964844,30336500
2024-10-22 00:00:00-04:00,489.4544555633244,494.14307930498154,488.69949816726046,492.6629638671875,26685800
2024-10-23 00:00:00-04:00,490.30870725885353,490.96432334661034,481.82547100871324,485.11346435546875,39346600
2024-10-24 00:00:00-04:00,488.83855437960295,489.7226524208326,486.186320885323,489.04718017578125,22024900
2024-10-25 00:00:00-04:00,491.84845606472356,496.9542709537815,491.1431541285208,492.0272521972656,38762100
2024-10-28 00:00:00-04:00,495.14634485652994,495.20594356524737,491.808695909538,492.106689453125,20477800
2024-10-29 00:00:00-04:00,492.42453593942076,498.01711347296543,490.5669722431356,496.83502197265625,28014100
2024-10-30 00:00:00-04:00,496.0701694991744,497.023779122654,492.5934368006454,493.0801696777344,29756000
2024-10-31 00:00:00-04:00,489.10677721962367,489.1564327053802,480.5341426005013,480.63348388671875,41245200
2024-11-01 00:00:00-04:00,482.2724738365749,487.487572678268,481.97448031435897,484.18963623046875,33655800
2024-11-04 00:00:00-05:00,483.5837266285996,486.1267058425176,481.03080419194885,482.77911376953125,23291600
2024-11-05 00:00:00-05:00,484.36844013699425,489.60342550753097,484.2790420788911,488.9378662109375,24353600
2024-11-06 00:00:00-05:00,497.2323769880433,503.04349344647574,496.27876735997705,502.218994140625,43082200
2024-11-07 00:00:00-05:00,505.0202233472017,510.91082459330283,504.96062464380856,510.12603759765625,32853100
2024-11-08 00:00:00-05:00,509.6294136047626,511.4969206744568,509.0035968404816,510.7221374511719,22924500
2024-11-11 00:00:00-05:00,511.9439918926331,512.1526177111431,507.5235921574298,510.4241943359375,24167500
2024-11-12 00:00:00-05:00,510.3546036695217,511.23864109156665,506.4407630739534,509.5002746582031,25835300
2024-11-13 00:00:00-05:00,508.9937231359379,511.5565283178934,506.5599979689429,508.8446960449219,24567400
2024-11-14 00:00:00-05:00,508.50691430007294,509.38103874758787,504.39442175455974,505.3083190917969,28679500
2024-11-15 00:00:00-05:00,499.59653880271634,499.98393038226766,491.2027009075782,493.2688903808594,51461100
2024-11-18 00:00:00-05:00,494.8185638874519,498.8019161327518,493.42787679267917,496.69598388671875,27080800
2024-11-19 00:00:00-05:00,494.1132725868944,500.5998613443361,493.7755061565385,500.11309814453125,24523000
2024-11-20 00:00:00-05:00,499.8150689848753,500.1329489468476,493.2589387640311,499.82501220703125,29565500
2024-11-21 00:00:00-05:00,502.87458895036497,503.5898037198209,494.25229945698686,501.62298583984375,34526700
2024-11-22 00:00:00-05:00,501.06672465572467,503.1626832240506,499.4376125142459,502.4276123046875,23826600
2024-11-25 00:00:00-05:00,506.51028341338935,508.0499975204078,500.9077927392111,503.2222900390625,26375200
2024-11-26 00:00:00-05:00,504.7023298022819,506.74866305094287,503.8580047553698,505.9241638183594,26557100
2024-11-27 00:00:00-05:00,504.79177253465997,504.86128414559147,498.5932345398961,501.9408264160156,24957400
2024-11-29 00:00:00-05:00,502.56667935921564,506.9473662694866,501.9508058356558,506.3513488769531,15334000
2024-12-02 00:00:00-05:00,507.61286443787884,512.8279629435249,507.22544256926045,511.8643798828125,25147200
2024-12-03 00:00:00-05:00,510.53332774826833,513.712066617979,509.95716654971676,513.4338989257812,18597900
2024-12-04 00:00:00-05:00,516.8610361785198,520.0397754194261,516.145791050347,519.781494140625,26086200
2024-12-05 00:00:00-05:00,519.8310926249068,520.5562202670988,517.9536425774054,518.341064453125,18169600
2024-12-06 00:00:00-05:00,519.0066327445587,523.2184363287621,518.8774921095275,522.9800415039062,23762600
2024-12-09 00:00:00-05:00,522.05625826133,522.8509279284456,517.7550260804971,518.9073486328125,20674400
2024-12-10 00:00:00-05:00,520.1390419811773,521.8873514458777,515.7086696162847,517.1390991210938,24350000
2024-12-11 00:00:00-05:00,521.5099406153433,527.0826322868602,521.1026928624702,526.397216796875,32168600
2024-12-12 00:00:00-05:00,524.172087298011,525.4436072298987,522.5231493050896,522.9999389648438,23577500
2024-12-13 00:00:00-05:00,526.9336318983244,529.6255775680266,523.7946049815864,527.003173828125,28780400
2024-12-16 00:00:00-05:00,529.5361568963015,535.5658114467504,529.4566717517013,534.59228515625,31979900
2024-12-17 00:00:00-05:00,532.7944340518815,533.9069837962694,530.5792777869792,532.2381591796875,28579100
2024-12-18 00:00:00-05:00,531.5925582136321,533.3110384548492,511.5864264356409,513.0366821289062,54703200
2024-12-19 00:00:00-05:00,517.7252131155939,518.2914311205944,510.41415579136265,510.7518615722656,46441800
2024-12-20 00:00:00-05:00,507.0467099804337,521.3311197650482,505.9043609895219,515.2120361328125,60530000
2024-12-23 00:00:00-05:00,516.9283129789839,520.6096547422801,513.5255874709457,520.2315673828125,29672800
2024-12-24 00:00:00-05:00,522.1817693583913,527.3754005322922,521.544984169561,527.285888671875,17558200
2024-12-26 00:00:00-05:00,525.6541027671784,528.5593514336211,523.6542355176792,526.9276123046875,19090500
2024-12-27 00:00:00-05:00,523.3557601634299,523.7935423499296,515.2468608204825,519.9231567382812,33839600
2024-12-30 00:00:00-05:00,512.9087076093017,516.7392559298054,509.24725408886206,513.0081787109375,34584000
2024-12-31 00:00:00-05:00,514.2917011100618,515.0478150719294,507.6851925636333,508.6502990722656,29117000
2025-01-02 00:00:00-05:00,511.70483525262233,514.0330543562292,503.1581839494331,507.6553955078125,36389800
2025-01-03 00:00:00-05:00,510.7596061768049,517.0278648918753,509.9437973453937,515.9632568359375,29059500
2025-01-06 00:00:00-05:00,521.3758536522039,525.2561381071918,519.3959047599175,521.8931884765625,36109700
2025-01-07 00:00:00-05:00,522.9378882230591,523.335833378113,510.6900071781392,512.5803833007812,36690300
2025-01-08 00:00:00-05:00,512.4809392152073,514.3116206247583,507.99368681971373,512.6699829101562,30777800
2025-01-10 00:00:00-05:00,508.89906782286687,508.9985389290603,501.3772182340775,504.6307067871094,40532500
2025-01-13 00:00:00-05:00,498.6709567862965,503.4666119884404,497.17852578677275,503.0089416503906,31694200
2025-01-14 00:00:00-05:00,506.1728767537031,507.58572476161,499.0589618879038,502.5313415527344,33737200
2025-01-15 00:00:00-05:00,510.44124844999436,515.236872995838,508.87913311499364,514.0927124023438,34957600
2025-01-16 00:00:00-05:00,516.3611892710602,516.44080259186,510.3616484408425,510.4909973144531,28229000
2025-01-17 00:00:00-05:00,520.2116841905068,521.4255596709942,510.5208417683664,519.1072998046875,51837900
2025-01-21 00:00:00-05:00,521.8334628963586,523.3159346639001,517.4357831491008,522.15185546875,23628000
2025-01-22 00:00:00-05:00,526.8977289549638,531.1262829083367,526.589295683922,528.8279418945312,33593000
2025-01-23 00:00:00-05:00,526.3705212048735,530.0717822178485,525.7835322640965,529.952392578125,23096600
2025-01-24 00:00:00-05:00,530.3304283427711,531.0965016684947,525.4850069666725,526.95751953125,19878300
2025-01-27 00:00:00-05:00,508.42153200479015,515.3762512683116,507.57581496885507,511.6153564453125,60771700
2025-01-28 00:00:00-05:00,512.6201071165299,520.3608774249693,509.19749371576415,519.1768798828125,33194200
2025-01-29 00:00:00-05:00,519.8236841608818,519.9530330379257,514.2917423982929,518.201904296875,26649000
2025-01-30 00:00:00-05:00,521.0673481367949,523.4452418932513,515.5951014840432,520.41064453125,27431300
2025-01-31 00:00:00-05:00,524.2611216563674,528.8379462917052,518.5600549193936,519.6544799804688,38755200
2025-02-03 00:00:00-05:00,510.87906479498304,518.2218310867504,508.47129281901437,515.4956665039062,40580800
2025-02-04 00:00:00-05:00,516.0129890744747,522.4602714517823,515.614983190396,521.823486328125,26046800
2025-02-05 00:00:00-05:00,519.1869409184043,524.3507549789844,517.9929838870746,524.1915283203125,21134100
2025-02-06 00:00:00-05:00,524.6989250686672,527.1365745057541,523.0871044523607,526.9276123046875,19434500
2025-02-07 00:00:00-05:00,527.4649102497111,529.4149811581992,519.5550140724782,520.2813110351562,29605500
2025-02-10 00:00:00-05:00,524.559620960653,527.6837911084541,524.0920217277084,526.5794067382812,20852800
2025-02-11 00:00:00-05:00,523.306019618235,527.2459985319832,523.1766707420592,525.3257446289062,19325500
2025-02-12 00:00:00-05:00,519.6644316230244,526.5196788561027,519.3162220342847,525.6341552734375,25009400
2025-02-13 00:00:00-05:00,527.3056905351805,533.5141936498824,526.5196987532877,533.1958618164062,28714800
2025-02-14 00:00:00-05:00,533.3052931830399,536.1210299534633,532.966982109474,535.4345092773438,17862600
2025-02-18 00:00:00-05:00,537.0064842826905,537.2751412860282,533.3351017214825,536.6483154296875,20565000
2025-02-19 00:00:00-05:00,535.8523889660353,538.0810762342214,533.7530505774469,536.797607421875,19666900
2025-02-20 00:00:00-05:00,536.0115961704357,536.3797243246669,529.7732753357768,534.5191650390625,26550800
2025-02-21 00:00:00-05:00,535.6633370402143,535.6832555528226,523.057286918843,523.4254150390625,47093800
2025-02-24 00:00:00-05:00,525.2162949415896,526.400292568826,516.908453766449,517.2467041015625,39268400
2025-02-25 00:00:00-05:00,516.6199080719186,516.6995213959628,506.86937096397327,510.72979736328125,48940000
2025-02-26 00:00:00-05:00,512.928668459214,517.0377726397771,508.7896257822196,511.9635314941406,34457600
2025-02-27 00:00:00-05:00,515.5154989416602,516.4507580909494,497.5267143835209,497.74560546875,52448000
2025-02-28 00:00:00-05:00,497.60633547937397,506.2126812749178,494.42247061966975,505.60577392578125,47654000
2025-03-03 00:00:00-05:00,508.93885561166286,510.4511747502602,491.08937854664106,494.5418701171875,44587200
2025-03-04 00:00:00-05:00,491.68635636601033,501.19811409825184,485.2788502299198,493.0494384765625,67875400
2025-03-05 00:00:00-05:00,493.6961873600139,501.08868829896096,488.7811121667995,499.47686767578125,46323700
2025-03-06 00:00:00-05:00,491.1988293432897,496.06413848203505,483.74663380211234,485.7365417480469,57574300
2025-03-07 00:00:00-05:00,484.7017992368597,490.7909129209113,478.1052492912749,489.3084411621094,54714700
2025-03-10 00:00:00-04:00,481.01054355010933,481.5279087208424,466.2951647732502,470.3446350097656,76668000
2025-03-11 00:00:00-04:00,469.96652188682117,476.39391614178453,464.65347123925363,469.2203063964844,68760800
2025-03-12 00:00:00-04:00,476.74214541675576,478.6325518771569,469.4093395543602,474.5134582519531,46971100
2025-03-13 00:00:00-04:00,473.8468663020031,473.8767137089589,464.07641024395843,465.9767761230469,46563300
2025-03-14 00:00:00-04:00,471.3395542793586,478.1350765220873,470.73261656970107,477.2396240234375,43563000
2025-03-17 00:00:00-04:00,477.189834792779,483.3884086426206,475.38897062743524,480.3338928222656,41744400
2025-03-18 00:00:00-04:00,476.9908983924578,477.1898709733085,470.0262204273719,472.1454772949219,39072300
2025-03-19 00:00:00-04:00,474.40398039047363,482.88097693346737,472.4737673393992,478.4634094238281,40430300
2025-03-20 00:00:00-04:00,474.4736793716476,482.10495972485467,473.77719941007575,476.8416748046875,36780500
2025-03-21 00:00:00-04:00,471.6877671830669,479.1797694014654,470.52368803573967,478.4136657714844,42234900
2025-03-24 00:00:00-04:00,486.0025586791713,489.75914861467663,482.6744601047364,488.91217041015625,34567200
2025-03-25 00:00:00-04:00,489.639545469345,491.8615821216475,488.67299966529646,491.7021484375,26035200
2025-03-26 00:00:00-04:00,490.54628025757523,491.4032325143907,481.1000700784772,482.6545104980469,34627100
2025-03-27 00:00:00-04:00,480.69152170184447,484.84664994408064,478.5392125885613,479.9043273925781,33469800
2025-03-28 00:00:00-04:00,478.10077374160966,478.8082359990657,466.382656576976,467.2695007324219,46363800
2025-03-31 00:00:00-04:00,460.2745390190723,468.1862267806507,455.70086298518777,467.2496032714844,53000300
2025-04-01 00:00:00-04:00,465.6353253704141,471.94279304476703,462.76561033586444,471.01611328125,41156200
2025-04-02 00:00:00-04:00,464.4595575234652,477.85168326885497,464.20047397854324,474.4538269042969,49894500
2025-04-03 00:00:00-04:00,454.8140043600852,458.4310779026491,448.5364593153614,449.0545959472656,70456300
2025-04-04 00:00:00-04:00,436.57922963452495,438.8012662497565,421.1643371582031,421.1643371582031,117088400
2025-04-07 00:00:00-04:00,407.20423705779143,441.5614201479207,400.95658358107875,422.1806945800781,161557000
2025-04-08 00:00:00-04:00,436.59916084576554,441.56143170449565,408.33022721914836,414.577880859375,101248100
2025-04-09 00:00:00-04:00,414.08962016496724,466.16343342206665,413.9501042914269,464.3399658203125,142876900
2025-04-10 00:00:00-04:00,451.9442914367033,453.96705879904806,431.0888571820337,444.590576171875,108384100
2025-04-11 00:00:00-04:00,443.06604289719394,454.1663741146707,439.75786224336997,452.78131103515625,52483800
2025-04-14 00:00:00-04:00,462.8054576620582,463.3933522712816,451.01761274443425,455.850341796875,43941200
2025-04-15 00:00:00-04:00,456.9065795217768,460.7328968756089,454.52507867632215,456.3585205078125,35404200
2025-04-16 00:00:00-04:00,447.43041565591307,451.00762332139715,436.2005738134235,442.5976867675781,48980600
2025-04-17 00:00:00-04:00,445.57707652380003,446.1549970317344,439.78774529190997,442.51800537109375,44837000
2025-04-21 00:00:00-04:00,436.6688946094812,437.51584230875216,426.40556828000206,431.5671081542969,44149300
2025-04-22 00:00:00-04:00,437.2568260974721,445.9856002161295,436.06108861931057,442.89666748046875,52304400
2025-04-23 00:00:00-04:00,456.53786014306723,461.7292918835912,451.26669636006665,452.9407043457031,55801100
2025-04-24 00:00:00-04:00,454.8538775624891,465.9940433908054,454.2061687513021,465.6851501464844,45956100
2025-04-25 00:00:00-04:00,465.30650394037264,471.40469766730706,463.7321457882604,470.8765869140625,38697100
2025-04-28 00:00:00-04:00,471.34492884890216,473.1185867567387,464.36986487736374,470.7271423339844,33550800
2025-04-29 00:00:00-04:00,468.4951374553907,474.722873222181,467.91718654726753,473.8360290527344,30613100
2025-04-30 00:00:00-04:00,465.4659581608863,475.5000933242452,460.7826887017505,473.7762451171875,46810600
2025-05-01 00:00:00-04:00,481.68795952250036,485.4445187613678,479.0274574431888,479.964111328125,43316500
2025-05-02 00:00:00-04:00,484.8068330037864,489.1612611202772,483.10290255126364,487.0886535644531,39218100
2025-05-05 00:00:00-04:00,482.87372581995743,487.2879376271539,482.37550695931134,484.198974609375,28309500
2025-05-06 00:00:00-04:00,477.85168296536403,483.32211645922314,476.48656811897325,479.6950988769531,32786300
2025-05-07 00:00:00-04:00,480.3626833864985,484.06943292672264,475.08157562625235,481.5783386230469,38006300
2025-05-08 00:00:00-04:00,486.78973347402933,490.9448922772597,482.4452794741909,486.55059814453125,39577600
2025-05-09 00:00:00-04:00,488.46373075344206,489.789009962343,484.4680361370782,486.2317199707031,27767400
2025-05-12 00:00:00-04:00,505.1839413174901,506.08075957729017,499.69359025194126,506.0408935546875,45090600
2025-05-13 00:00:00-04:00,507.34623920694446,515.5469326874095,506.60888501619945,513.7533569335938,53269600
2025-05-14 00:00:00-04:00,514.9291670405382,517.3803650369858,513.9127810511419,516.8323364257812,47014500
2025-05-15 00:00:00-04:00,514.6800738473207,520.0707756057274,513.334846321635,517.4003295898438,50153300
2025-05-16 00:00:00-04:00,518.8052131652029,519.8415472706685,515.2578974745052,519.6522216796875,48394600
2025-05-19 00:00:00-04:00,512.4081714236444,520.6686798199481,512.4081714236444,520.1505126953125,52536200
2025-05-20 00:00:00-04:00,517.6194881585196,519.0743091661009,514.819500517199,518.4166870117188,42517600
2025-05-21 00:00:00-04:00,514.4309376384672,521.1369442471234,509.418826553865,511.21240234375,71292800
2025-05-22 00:00:00-04:00,511.83019075096956,515.8658123150946,510.47504999969107,512.1690063476562,55607200
2025-05-23 00:00:00-04:00,504.37683685319297,510.01667798674157,503.77896814055566,507.4259338378906,58368100
2025-05-27 00:00:00-04:00,514.3113346789697,519.8515257666644,512.7568943253785,519.3632202148438,47226300
2025-05-28 00:00:00-04:00,520.3198331572289,521.8144897137478,516.543356152141,517.0614624023438,46637200
2025-05-29 00:00:00-04:00,524.4551068947912,524.6045360691892,515.4771928839561,518.077880859375,58513300
2025-05-30 00:00:00-04:00,517.589644720194,518.8252178409589,510.10638723489177,517.2608032226562,67662800
2025-06-02 00:00:00-04:00,515.3974267063834,521.58532672364,514.1319313645083,521.34619140625,44762800
2025-06-03 00:00:00-04:00,521.6949026792081,526.8564424978958,520.8280067740416,525.4215698242188,44070300
2025-06-04 00:00:00-04:00,526.1290501987006,527.9525481163902,524.0962784813655,526.8863525390625,41359300
2025-06-05 00:00:00-04:00,528.2913461648635,531.1511175724819,520.7981150051966,522.9205322265625,61031200
2025-06-06 00:00:00-04:00,528.1120196484558,529.9055954761677,526.3284179293108,528.0322875976562,42467000
2025-06-09 00:00:00-04:00,528.251567558544,530.4536562468535,527.1255879414605,528.8095703125,33688700
2025-06-10 00:00:00-04:00,529.2777972976213,532.9945512832284,527.0059509616149,532.3070068359375,40664800
2025-06-11 00:00:00-04:00,533.7119535961438,534.8678553808483,528.221572163124,530.5133666992188,53701000
2025-06-12 00:00:00-04:00,529.1981197879245,532.735461425523,528.9490103653087,531.7589111328125,34104900
2025-06-13 00:00:00-04:00,525.8002306481651,529.9753069836088,523.8571649976662,525.0828247070312,55814400
2025-06-16 00:00:00-04:00,528.6102414640853,533.4628885796845,528.5604317387102,532.38671875,37622100
2025-06-17 00:00:00-04:00,529.8158873625565,531.4301114980193,526.0293756198878,527.1952514648438,42180900
2025-06-18 00:00:00-04:00,528.2116221164397,530.6529067451564,525.5212888702348,527.1055908203125,43983500
2025-06-20 00:00:00-04:00,530.3639576995934,531.6593145894406,523.0102423618315,524.9533081054688,61643500
2025-06-23 00:00:00-04:00,525.5229332044729,530.8698234247422,522.3706802794006,530.3511352539062,50666100
2025-06-24 00:00:00-04:00,535.5782888900031,539.3789778904177,534.9598085403529,538.4612426757812,45442000
2025-06-25 00:00:00-04:00,540.7355939583459,541.9825398600767,538.0621492513585,539.8377685546875,44804200
2025-06-26 00:00:00-04:00,542.0224539142,545.3343497414623,540.196968838495,544.8854370117188,43811400
2025-06-27 00:00:00-04:00,545.922987304897,548.6462981008426,543.2096009334672,546.7509765625,57577100
2025-06-30 00:00:00-04:00,549.9131598811205,551.4493754022211,547.6686571277671,550.292236328125,45548700
2025-07-01 00:00:00-04:00,548.3869215848855,549.3645687252039,543.3293009206998,545.6536254882812,56166700
2025-07-02 00:00:00-04:00,544.8255458862538,549.6537471519974,544.7856655368287,549.4542236328125,36538300
2025-07-03 00:00:00-04:00,551.8284721476665,555.8386700313663,551.8284721476665,554.8610229492188,26443500
2025-07-07 00:00:00-04:00,552.1676854094138,552.9856893302406,548.2373089969742,550.6813354492188,45349300
2025-07-08 00:00:00-04:00,552.0279766846955,552.656442328,549.7535179973017,550.9905395507812,36153300
2025-07-09 00:00:00-04:00,553.1252961239118,556.2676245184426,551.7486628164066,554.8909912109375,43045500
2025-07-10 00:00:00-04:00,555.5294408217566,555.9384123345195,551.399540909487,554.0929565429688,34710900
2025-07-11 00:00:00-04:00,551.9481827978439,554.4320895669904,550.7012367582291,552.8460083007812,39618600
2025-07-14 00:00:00-04:00,552.6365273151346,555.5893176048168,550.2823076862738,554.8511352539062,36453300
2025-07-15 00:00:00-04:00,558.881207037374,559.4298511098242,555.2999512724816,555.3598022460938,43277700
2025-07-16 00:00:00-04:00,555.9184813380132,558.841315448374,550.2124247955553,555.9284057617188,52314700
2025-07-17 00:00:00-04:00,556.6566959464612,560.9361929372504,555.8486773290106,560.4274291992188,40423800
2025-07-18 00:00:00-04:00,561.7441739242998,563.350225741294,558.6118309954545,559.8887329101562,50484700
2025-07-21 00:00:00-04:00,560.7167515850907,564.6770230188278,560.6867956545606,562.7916259765625,39595200
2025-07-22 00:00:00-04:00,562.921259039647,562.9711246996918,557.2451587250212,559.8787231445312,43270600
2025-07-23 00:00:00-04:00,560.9661767273466,562.4724365095674,558.2129099278791,562.4325561523438,40215300
2025-07-24 00:00:00-04:00,563.7492795819054,564.8565530178993,561.9137482789852,563.6295776367188,42275500
2025-07-25 00:00:00-04:00,563.5497827933865,566.313034745678,562.8914220636111,564.9862670898438,30630800
2025-07-28 00:00:00-04:00,566.3528450456176,567.6496566103068,565.4849755661548,566.7518920898438,31498700
2025-07-29 00:00:00-04:00,569.3655332995753,570.7122106355441,565.1458874865731,565.8740844726562,45463300
2025-07-30 00:00:00-04:00,566.7918454902335,569.2258866472484,563.6694876691353,566.6322631835938,43433800
2025-07-31 00:00:00-04:00,573.1362622854951,573.2260691874027,562.4923482714106,563.6295776367188,64613600
2025-08-01 00:00:00-04:00,557.4647130315702,557.6542512690211,550.3321571804888,552.5267944335938,69400800
2025-08-04 00:00:00-04:00,557.6840912908586,562.94123486933,557.5843599698458,562.7217407226562,47669800
2025-08-05 00:00:00-04:00,564.0086701757624,565.1757946176326,558.3624644272935,558.9011840820312,48666600
2025-08-06 00:00:00-04:00,559.7391099978526,566.3728874107766,559.2603021929511,565.9339599609375,41823700
2025-08-07 00:00:00-04:00,570.2732989674302,571.9192921000312,563.7293285635382,567.8492431640625,44463000
2025-08-08 00:00:00-04:00,569.0562817589437,573.3657343884216,568.7570268998204,573.146240234375,35255500
2025-08-11 00:00:00-04:00,573.285909687358,575.39073988548,570.1735373972913,571.4503784179688,33112900
2025-08-12 00:00:00-04:00,573.754745111433,578.9320673642603,571.0912854904631,578.6328125,42143300
2025-08-13 00:00:00-04:00,581.336189461128,581.8948188134602,577.5255153167782,578.922119140625,41209300
2025-08-14 00:00:00-04:00,576.867214657275,580.4583950264449,576.4980626010837,578.4732666015625,45425000
2025-08-15 00:00:00-04:00,578.3834553032891,578.4233965447576,574.1638092686386,575.9295043945312,49480200
2025-08-18 00:00:00-04:00,575.0316052093148,576.3583727113783,573.8345249533343,575.699951171875,29831000
2025-08-19 00:00:00-04:00,574.9817743394825,575.1513419461467,566.8616474345037,567.88916015625,53752600
2025-08-20 00:00:00-04:00,566.941450640785,567.0611525811408,557.4746467271129,564.5173950195312,76781100
2025-08-21 00:00:00-04:00,562.9712019127612,565.1059882525514,559.609440091839,561.9038696289062,46436900
2025-08-22 00:00:00-04:00,563.2904178641013,572.5876551514443,561.8938747848422,570.5725708007812,51502100
2025-08-25 00:00:00-04:00,569.0063962953644,571.8892890383006,567.7693747773127,568.9265747070312,34044700
2025-08-26 00:00:00-04:00,568.4378222244122,571.5202387152399,567.410309470112,571.2109985351562,34103000
2025-08-27 00:00:00-04:00,570.1935457073605,573.0066024398417,568.9764946916996,572.0888671875,36927100
2025-08-28 00:00:00-04:00,572.707329573353,576.5878402039835,571.0613973569876,575.6701049804688,46787900
2025-08-29 00:00:00-04:00,573.2560108987077,573.6251629601264,567.1509676530454,569.0064697265625,56030400
2025-09-02 00:00:00-04:00,559.938570005311,564.5871576131589,558.1728750960445,564.238037109375,65876800
2025-09-03 00:00:00-04:00,567.8392715420716,570.30326864531,565.3453793937941,568.67724609375,54230200
2025-09-04 00:00:00-04:00,569.3455646209001,574.1936761101587,567.6397814409955,573.8245849609375,47526300
2025-09-05 00:00:00-04:00,579.0717573630119,579.7002230398967,570.1336870891607,574.652587890625,68342500
2025-09-08 00:00:00-04:00,576.9569100864685,579.4209069942706,576.3584003727692,577.4556884765625,46371400
2025-09-09 00:00:00-04:00,578.2537612972826,579.5206779783559,575.6301819149563,579.0917358398438,44007600
2025-09-10 00:00:00-04:00,582.3138007742962,582.3437567038031,577.1364785105435,579.28125,49308000
2025-09-11 00:00:00-04:00,581.8150406027271,583.4510484301161,580.1990033956353,582.6530151367188,44745800
2025-09-12 00:00:00-04:00,583.6105864506874,586.423703827438,582.6728806584372,585.2266235351562,50745900
2025-09-15 00:00:00-04:00,587.0023615482407,590.3441526771844,586.8527036647196,590.2344360351562,44360300
2025-09-16 00:00:00-04:00,591.1620945578748,591.4114837468736,589.0472791060467,589.735595703125,36942100
2025-09-17 00:00:00-04:00,589.6558208790498,590.3042571762861,582.942282862292,588.5585327148438,69384800
2025-09-18 00:00:00-04:00,593.4565071541567,596.678657118695,591.5113200438022,593.8655395507812,61069300
2025-09-19 00:00:00-04:00,595.8705968632576,598.583922026821,594.3941714550525,597.8856201171875,58196100
2025-09-22 00:00:00-04:00,596.9708269829692,602.0942306490323,596.9508332125652,601.4251098632812,57154800
2025-09-23 00:00:00-04:00,601.5949151722127,601.7946700200599,596.2118359493293,597.4302978515625,64635500
2025-09-24 00:00:00-04:00,598.8085103543956,599.1281059107118,592.5964822123717,595.3329467773438,49850300
2025-09-25 00:00:00-04:00,591.4379907146171,594.354216296693,587.7427395490681,592.7662963867188,70920200
2025-09-26 00:00:00-04:00,593.585214360816,595.5327174506845,590.2994696097071,595.203125,54337400
2025-09-29 00:00:00-04:00,598.3391106571707,601.275330198043,596.6412858554952,597.9595947265625,48332900
2025-09-30 00:00:00-04:00,597.659966987958,599.9370624727763,595.3329480316206,599.5974731445312,46533800
2025-10-01 00:00:00-04:00,596.4015613877941,603.0130380816322,595.5726732971928,602.4737548828125,46899600
2025-10-02 00:00:00-04:00,606.2788672228089,606.378714165839,602.1541765957764,604.9505615234375,43765400
2025-10-03 00:00:00-04:00,605.7296019230981,606.5485541284623,600.6161947999731,602.4038696289062,46482100
2025-10-06 00:00:00-04:00,607.6670775886568,608.5758798079479,605.1902273252953,606.9280395507812,41962100
2025-10-07 00:00:00-04:00,608.2363844032766,608.9254990082667,602.2541015785323,603.732177734375,58209500
2025-10-08 00:00:00-04:00,604.6309888518371,610.9628579603992,604.481218431623,610.6532592773438,50629800
2025-10-09 00:00:00-04:00,610.6931491958702,610.8229867928995,606.6982962574127,609.9141845703125,45551000
2025-10-10 00:00:00-04:00,610.6132994204178,612.3909772904724,588.2920219287263,588.741455078125,97614800
2025-10-13 00:00:00-04:00,598.9083327066105,602.1741444216893,596.4614731416003,601.2353515625,65872600
2025-10-14 00:00:00-04:00,594.5439886761187,601.9144974152143,589.3706613014698,597.2305297851562,69203200
2025-10-15 00:00:00-04:00,603.232804101606,605.9193452011472,595.1631839173533,601.445068359375,62805500
2025-10-16 00:00:00-04:00,604.3313635356964,607.5272581453062,594.7337437778706,599.2179565429688,70982000
2025-10-17 00:00:00-04:00,597.1806072651552,604.7308770883808,595.6026232431807,603.1528930664062,72024900
2025-10-20 00:00:00-04:00,606.3587502275053,612.0114401498232,606.2888329883251,610.7530517578125,45761700
2025-10-21 00:00:00-04:00,610.8529979566828,611.9315643975107,608.5359758597962,610.5933227539062,44538200
2025-10-22 00:00:00-04:00,610.034035159382,610.6232418416384,598.9682752728291,604.7108764648438,61478800
2025-10-23 00:00:00-04:00,604.1316243630486,610.5833341066889,603.7421725102494,609.7943725585938,42844300
2025-10-24 00:00:00-04:00,615.1973511503762,617.6242169779957,614.3384724044602,616.305908203125,47632500
2025-10-27 00:00:00-04:00,623.7164465731967,627.7412294550786,623.2270868116484,627.2818603515625,54098600
2025-10-28 00:00:00-04:00,629.5488872669928,633.8633359425862,628.4403301580431,632.1055908203125,61195700
2025-10-29 00:00:00-04:00,634.77220425535,636.190360053584,629.4390484873167,634.9519653320312,67422800
2025-10-30 00:00:00-04:00,631.3565662863019,632.6848720357782,625.1346019679808,625.2444458007812,61628600
2025-10-31 00:00:00-04:00,633.3539723359148,633.3839629929544,625.883616641787,628.2605590820312,66305100
2025-11-03 00:00:00-05:00,634.2927319253315,635.001840248536,629.0394906897283,631.2666625976562,37154300
2025-11-04 00:00:00-05:00,622.478029730703,626.1432903257465,617.6642245044198,618.4531860351562,63830800
2025-11-05 00:00:00-05:00,617.6941518361581,625.7937017112316,616.4158305661566,622.47802734375,48688500
2025-11-06 00:00:00-05:00,620.9899080817669,621.2395864016282,609.5147022540025,610.8829345703125,72115100
2025-11-07 00:00:00-05:00,607.5272307243642,609.1651350193971,597.899620744235,608.9553833007812,81835400
2025-11-10 00:00:00-05:00,618.1235878797521,623.5066669290842,616.0962316788492,622.4280395507812,55919900
2025-11-11 00:00:00-05:00,619.7714893858831,621.9186863012081,616.7254261621581,620.7702026367188,44868800
2025-11-12 00:00:00-05:00,624.0359942081623,624.0559270220305,617.0150110236092,620.2808227539062,47444400
2025-11-13 00:00:00-05:00,616.74538060573,617.324651379383,605.3001653620098,607.6171875,71333600
2025-11-14 00:00:00-05:00,598.7785201159286,612.5607508498654,596.4015776914192,608.0765380859375,80087300
2025-11-17 00:00:00-05:00,605.5198574697043,611.6918983068232,599.098138309288,602.8832397460938,63850400
2025-11-18 00:00:00-05:00,598.8484631892511,601.5350044005672,590.5791487748494,595.542724609375,83327300
2025-11-19 00:00:00-05:00,596.3017594726007,605.3800292662713,593.824969985886,599.09814453125,73111500
2025-11-20 00:00:00-05:00,610.8330032979317,613.239936406368,583.997582698434,584.9163818359375,117743200
2025-11-21 00:00:00-05:00,586.7140389774793,596.2118116612933,579.992718365408,589.3107299804688,103344200
2025-11-24 00:00:00-05:00,594.5140557410294,605.8993502749281,594.3941540703303,604.3812866210938,60168100
2025-11-25 00:00:00-05:00,602.7334243546638,609.4747385807095,596.5513870928105,608.1065063476562,57560900
2025-11-26 00:00:00-05:00,611.7218691656304,615.3971266508202,609.6046019291258,613.4796142578125,42393600
2025-11-28 00:00:00-05:00,615.3172117702823,618.5231032781257,614.6280971828623,618.4531860351562,23034400
2025-12-01 00:00:00-05:00,612.8404314452031,618.642953131189,611.7318743402105,616.3758544921875,40957600
2025-12-02 00:00:00-05:00,618.6629362671166,622.9473941962435,616.7953473526289,621.1996459960938,54541800
2025-12-03 00:00:00-05:00,618.8227062993094,623.4167629201941,617.2347863490129,622.7177124023438,47841600
2025-12-04 00:00:00-05:00,624.125857327544,624.1358542129962,618.7427783380717,622.138427734375,47067800
2025-12-05 00:00:00-05:00,623.576610658964,628.1107470640665,622.9074898206164,624.6751708984375,53614200
2025-12-08 00:00:00-05:00,626.4029681537079,628.0308756502869,620.8900514312259,623.4767456054688,43462400
2025-12-09 00:00:00-05:00,622.2083743789747,625.0646797487918,620.2009509200387,624.2457275390625,37156000
2025-12-10 00:00:00-05:00,623.0472575003708,628.4004070267185,620.1909521392804,626.8024291992188,55031400
2025-12-11 00:00:00-05:00,623.0173402820615,624.9748403012362,616.9251525569541,624.7750854492188,58272800
2025-12-12 00:00:00-05:00,621.2795807165155,622.7376631081598,610.5733425467316,612.8304443359375,75158700
2025-12-15 00:00:00-05:00,617.5743367162205,617.6242601897563,608.5359935678383,609.75439453125,49538200
2025-12-16 00:00:00-05:00,607.4773301066649,612.7205746597449,606.1290306476157,610.9628295898438,55152800
2025-12-17 00:00:00-05:00,612.2711370165166,612.8604046495489,599.5076134954934,599.6373901367188,70654300
2025-12-18 00:00:00-05:00,609.015347513387,612.1413249643276,606.1390483830863,608.3262329101562,78875800
2025-12-19 00:00:00-05:00,611.1625683957468,616.825255296648,611.0826542701337,616.2559814453125,60369800
2025-12-22 00:00:00-05:00,621.3499755859375,621.6500244140625,617.77001953125,619.2100219726562,43703100
2025-12-23 00:00:00-05:00,618.2000122070312,622.4099731445312,617.780029296875,622.1099853515625,41120400
2025-12-24 00:00:00-05:00,621.989990234375,624.280029296875,621.719970703125,623.9299926757812,18468700
2025-12-26 00:00:00-05:00,624.6599731445312,625.52001953125,623.1400146484375,623.8900146484375,28959800
2025-12-29 00:00:00-05:00,620.0999755859375,622.780029296875,618.72998046875,620.8699951171875,32458300
2025-12-30 00:00:00-05:00,619.8400268554688,622.1799926757812,619.219970703125,619.4299926757812,31226800
2025-12-31 00:00:00-05:00,619.6500244140625,619.9600219726562,614.0499877929688,614.3099975585938,40746500
2026-01-02 00:00:00-05:00,620.0599975585938,622.8499755859375,610.1500244140625,613.1199951171875,61859200
2026-01-05 00:00:00-05:00,619.3200073242188,620.8099975585938,616.719970703125,617.989990234375,46828400
2026-01-06 00:00:00-05:00,619.22998046875,624.02001953125,618.5399780273438,623.4199829101562,43137500
2026-01-07 00:00:00-05:00,623.0399780273438,627.9400024414062,622.5599975585938,624.02001953125,44880300
2026-01-08 00:00:00-05:00,623.030029296875,623.4199829101562,617.7999877929688,620.469970703125,50435900
2026-01-09 00:00:00-05:00,621.4099731445312,627.8900146484375,619.0599975585938,626.6500244140625,49622600
