Date,open,high,low,close,volume
2021-01-12 00:00:00-05:00,353.68482550183654,354.5902701047907,351.32310327167943,353.5727844238281,52547700
2021-01-13 00:00:00-05:00,353.49813377625406,355.5237613452979,352.7140171217111,354.52496337890625,45303600
2021-01-14 00:00:00-05:00,355.27172573626217,355.77581089223776,352.9473789690196,353.2834167480469,49989100
2021-01-15 00:00:00-05:00,351.65919735021674,352.4619733044625,348.8401091438219,350.7070617675781,107160000
2021-01-19 00:00:00-05:00,353.1714400392003,354.0022476674901,351.68721605615525,353.4608154296875,51233300
2021-01-20 00:00:00-05:00,355.7571424001168,359.19235686721606,355.3650983033549,358.35223388671875,61836100
2021-01-21 00:00:00-05:00,358.91229363565395,359.3417132448048,357.7547921391025,358.6789245605469,47840100
2021-01-22 00:00:00-05:00,356.82135964624223,358.576299864494,356.4386308975861,357.4094543457031,52860500
2021-01-25 00:00:00-05:00,358.1468656490129,359.1736667921993,353.2834336002094,358.8189697265625,70402000
2021-01-26 00:00:00-05:00,359.7711996170395,360.18193157696527,358.0256030310765,358.25897216796875,42665300
2021-01-27 00:00:00-05:00,354.9263637345536,355.01971706304266,347.2625312057877,349.50286865234375,123351100
2021-01-28 00:00:00-05:00,351.3231338347947,356.5226037699403,350.88442731269146,352.5086669921875,94198100
2021-01-29 00:00:00-05:00,350.6417872918386,351.61261084227345,343.77138533963864,345.45166015625,126765100
2021-02-01 00:00:00-05:00,348.85868707888625,352.23786598204646,345.74088034261604,351.20172119140625,75817600
2021-02-02 00:00:00-05:00,354.3943082588558,357.72682583158235,351.2858443927636,356.16790771484375,64450700
2021-02-03 00:00:00-05:00,356.99862349028143,358.17481256318405,355.1690182004352,356.4478759765625,52427100
2021-02-04 00:00:00-05:00,357.48403764334273,360.54583844042634,356.55990532114595,360.4991760253906,47142600
2021-02-05 00:00:00-05:00,362.3755135819587,362.62754192923927,360.45255466954404,361.9180908203125,48669800
2021-02-08 00:00:00-05:00,363.3743303003986,364.57852277431755,362.5155480071299,364.5318603515625,38365200
2021-02-09 00:00:00-05:00,363.69159363076557,364.8864703340781,363.28089037328755,364.2890319824219,35551100
2021-02-10 00:00:00-05:00,366.03476248455763,366.18412212748876,361.7221060618875,364.1304626464844,59154400
2021-02-11 00:00:00-05:00,365.213277702474,365.63335345454,362.28217677979495,364.7185363769531,42913300
2021-02-12 00:00:00-05:00,363.91585599720855,366.7629482149384,363.84116191669295,366.520263671875,50593300
2021-02-16 00:00:00-05:00,367.7523022937143,367.94835282080294,365.48396180113076,366.2027282714844,50972400
2021-02-17 00:00:00-05:00,364.44785462236365,366.53883256205916,363.4303403165047,366.28680419921875,52290600
2021-02-18 00:00:00-05:00,363.67307236862246,365.4746750089571,361.94613530686405,364.7279052734375,59712800
2021-02-19 00:00:00-05:00,365.98803975869316,366.2774151168697,363.6356613794077,364.083740234375,83241000
2021-02-22 00:00:00-05:00,361.3113588642894,363.7010560751068,361.01263959107774,361.2833557128906,67414200
2021-02-23 00:00:00-05:00,359.07103736191505,363.0756591158048,354.907740572143,361.72210693359375,107284100
2021-02-24 00:00:00-05:00,360.62995453782383,366.13748853769215,359.6404717519869,365.70806884765625,72433900
2021-02-25 00:00:00-05:00,364.438532027057,365.810743501983,355.4491495573829,356.8960266113281,146670500
2021-02-26 00:00:00-05:00,358.7816272202917,359.9297848553106,353.0687567328293,355.0570373535156,152701600
2021-03-01 00:00:00-05:00,359.9391348464769,364.9145796408334,355.2530939230072,363.6636962890625,105348800
2021-03-02 00:00:00-05:00,363.88775955697247,364.1211286457314,360.3218730437514,360.8259582519531,79595300
2021-03-03 00:00:00-05:00,360.1258878731515,361.0966828708714,355.9439031187562,356.0466003417969,119940200
2021-03-04 00:00:00-05:00,355.8598978334079,358.45496125717835,347.1412311004892,351.6405944824219,183433000
2021-03-05 00:00:00-05:00,355.1503950992835,359.16436039451537,347.85063187865177,358.1095275878906,152039600
2021-03-08 00:00:00-05:00,359.0709604074307,361.8900482908478,356.0465066194313,356.3265380859375,123149200
2021-03-09 00:00:00-05:00,360.1817756010875,363.97168646400985,359.677690507209,361.4139709472656,113633600
2021-03-10 00:00:00-05:00,363.7663934988811,365.3626300474982,362.3475197320477,363.6636962890625,109899400
2021-03-11 00:00:00-05:00,366.1374746877618,369.32994816283093,365.6800518602389,367.3509826660156,86245000
2021-03-12 00:00:00-05:00,365.988063865654,367.98568835649854,365.17594403357333,367.8456726074219,64653600
2021-03-15 00:00:00-04:00,368.0977512494196,370.3007704564928,365.9507668370694,370.0393981933594,73427200
2021-03-16 00:00:00-04:00,370.655498447022,371.3649211729853,368.7978609520479,369.5726623535156,73722500
2021-03-17 00:00:00-04:00,368.2844240106245,371.6356006957716,367.13623784220084,370.83282470703125,97959300
2021-03-18 00:00:00-04:00,368.237776582105,370.3287545797214,364.75589939193253,365.4373474121094,115349100
2021-03-19 00:00:00-04:00,365.13574666256363,366.71849082891276,362.57899949059845,364.7611389160156,113624500
2021-03-22 00:00:00-04:00,365.2763340258947,369.05993917252704,365.2201442755621,367.6738586425781,73778600
2021-03-23 00:00:00-04:00,367.0369263591319,368.48854216406016,363.9931918294677,364.7798767089844,90686600
2021-03-24 00:00:00-04:00,366.1846847460537,367.82361875706545,362.8787218556425,362.925537109375,97588600
2021-03-25 00:00:00-04:00,361.4833173294105,365.76325496649565,359.5353110691454,364.96722412109375,116128600
2021-03-26 00:00:00-04:00,366.1190902486819,371.25130490208966,365.519723579064,370.8486022949219,114409100
2021-03-29 00:00:00-04:00,369.36892521787905,371.569785365303,367.8798399047054,370.6613464355469,108107600
2021-03-30 00:00:00-04:00,369.3876858323405,370.3523145340844,368.0765156056449,369.6780090332031,76262200
2021-03-31 00:00:00-04:00,370.24917149456826,372.7403541757832,370.2210766312015,371.17633056640625,112734200
2021-04-01 00:00:00-04:00,373.11502193486143,375.2409717344866,372.90898337676424,375.18475341796875,99682900
2021-04-05 00:00:00-04:00,377.85388217916733,381.11302977511093,377.7789720579834,380.56982421875,91684800
2021-04-06 00:00:00-04:00,380.0079238420964,381.3939754285536,379.670756847593,380.3450622558594,62021000
2021-04-07 00:00:00-04:00,380.17650659126247,381.1317607116918,379.71761420704763,380.7852478027344,55836300
2021-04-08 00:00:00-04:00,382.04013051081506,382.64887161223606,381.1035969453254,382.5926818847656,57863100
2021-04-09 00:00:00-04:00,382.47097521271746,385.5428043143524,382.3492212703383,385.37420654296875,61104600
2021-04-12 00:00:00-04:00,384.7748399171258,385.786283641801,384.1660987859309,385.51470947265625,56704900
2021-04-13 00:00:00-04:00,385.41167993956725,387.284747181726,385.0276977252362,386.6572570800781,56551000
2021-04-14 00:00:00-04:00,386.629184455803,387.68747208141957,384.7935864554999,385.3367919921875,61659900
2021-04-15 00:00:00-04:00,387.4814360108745,389.7478600943017,387.4346207591229,389.47625732421875,60229800
2021-04-16 00:00:00-04:00,390.7686711718235,391.38678681954315,389.34515029209115,390.7780456542969,82037300
2021-04-19 00:00:00-04:00,389.8415318422619,390.29104973204716,387.5282924319391,388.858154296875,78498500
2021-04-20 00:00:00-04:00,387.64066789352995,388.74577080213885,384.53136914456286,386.0111083984375,81851800
2021-04-21 00:00:00-04:00,385.3929829340343,389.8696127711152,385.2524800177592,389.66357421875,66793000
2021-04-22 00:00:00-04:00,389.4950123134233,390.32851244037596,385.03710277731346,386.104736328125,97582800
2021-04-23 00:00:00-04:00,386.6666652858134,391.7052211795834,386.59175516511834,390.2910461425781,73209200
2021-04-26 00:00:00-04:00,390.9465182123658,391.6770131462307,390.3564975771802,391.105712890625,52182400
2021-04-27 00:00:00-04:00,391.40549711447903,391.6021897569146,389.87894270910715,391.0215148925781,51303100
2021-04-28 00:00:00-04:00,391.2931314053205,392.4169832445719,390.44088233369035,390.9091491699219,51238900
2021-04-29 00:00:00-04:00,393.6438680253927,394.0184758048344,390.01011254525065,393.4003601074219,78544300
2021-04-30 00:00:00-04:00,391.12450175686104,391.97675069677933,389.9163655034895,390.8154296875,85527000
2021-05-03 00:00:00-04:00,392.81030433526104,393.1942865637714,391.16202453619707,391.65838623046875,68128300
2021-05-04 00:00:00-04:00,389.6635475057194,390.1599091777435,385.5428053216485,389.2420959472656,101591200
2021-05-05 00:00:00-04:00,390.8903542166454,391.12448759009624,388.80187423639916,389.3638000488281,60162200
2021-05-06 00:00:00-04:00,389.43881678077094,392.60430542945204,387.42527493393436,392.47320556640625,74321400
2021-05-07 00:00:00-04:00,393.2410773299601,395.9851137113868,392.5573975645179,395.32952880859375,67733800
2021-05-10 00:00:00-04:00,395.6855085973349,395.91026755105577,391.29316303200807,391.4149169921875,81852400
2021-05-11 00:00:00-04:00,386.882061695176,388.91432373758846,384.03499135856697,387.9216003417969,116888000
2021-05-12 00:00:00-04:00,385.1307475097692,386.40441956933836,378.3595988550545,379.68011474609375,134811000
2021-05-13 00:00:00-04:00,381.2347930730612,386.17969003386344,381.1879492380252,384.2410583496094,106394000
2021-05-14 00:00:00-04:00,386.98506049711693,390.9934233653557,386.9569656309203,390.14117431640625,82201600
2021-05-17 00:00:00-04:00,389.02677315390787,389.9633069159993,387.12558217934975,389.14849853515625,65129200
2021-05-18 00:00:00-04:00,389.41069108540063,389.6541989870204,385.63646151399263,385.7956848144531,59810200
2021-05-19 00:00:00-04:00,381.0943240619195,384.9621844206521,379.60521025643015,384.78424072265625,106467100
2021-05-20 00:00:00-04:00,385.6645888163089,390.18806285746604,385.54286343600126,388.9237365722656,78022200
2021-05-21 00:00:00-04:00,390.4128194386064,391.6584253302021,388.1464237708593,388.6053161621094,76578700
2021-05-24 00:00:00-04:00,390.8529304796665,393.64381090590996,390.6094225970298,392.5668029785156,51376700
2021-05-25 00:00:00-04:00,393.6531525608854,394.00903989913496,391.1151545265216,391.69580078125,57451400
2021-05-26 00:00:00-04:00,392.2858873840644,392.9789132133939,391.2463486400701,392.47320556640625,43088600
2021-05-27 00:00:00-04:00,393.5033533975978,394.0184354690083,392.3982219773763,392.67919921875,56707700
2021-05-28 00:00:00-04:00,394.2526529640729,394.51488129683867,393.1475498888991,393.3816833496094,58520200
2021-06-01 00:00:00-04:00,395.7510371233868,395.89151145679193,392.59492324968153,393.03509521484375,54216600
2021-06-02 00:00:00-04:00,393.690698113344,394.49613202119497,392.67925421266847,393.6532287597656,49097100
2021-06-03 00:00:00-04:00,391.3306351753736,393.3348025487419,389.86027032089925,392.1922302246094,58138800
2021-06-04 00:00:00-04:00,394.046551239309,396.07884192817824,392.25776845640075,395.7791442871094,55938800
2021-06-07 00:00:00-04:00,395.769810436144,395.94775414250097,394.4586688477843,395.39520263671875,51555000
2021-06-08 00:00:00-04:00,396.256741511377,396.3504005931343,393.64383318900553,395.47943115234375,47134300
2021-06-09 00:00:00-04:00,396.3223302537251,396.39726895606424,394.66467586891736,394.8894348144531,48436300
2021-06-10 00:00:00-04:00,396.1162954173843,397.6803193100831,394.79577943846573,396.72503662109375,51020100
2021-06-11 00:00:00-04:00,397.2776102452818,397.4929947063824,395.98518915571566,397.380615234375,45570800
2021-06-14 00:00:00-04:00,397.4929248259148,398.37326864285967,396.24734778915507,398.270263671875,42358500
2021-06-15 00:00:00-04:00,398.42016938215374,398.4576101510953,396.6594814967525,397.5398254394531,51508500
2021-06-16 00:00:00-04:00,397.68030413045653,397.90506306952614,393.2692384667754,395.3202209472656,80386100
2021-06-17 00:00:00-04:00,394.90816876040657,396.1724663616995,392.70730889994087,395.1891174316406,90949700
2021-06-18 00:00:00-04:00,391.89672917997007,392.5920221743428,389.6511060005614,389.8578186035156,118676300
2021-06-21 00:00:00-04:00,391.6242619775581,395.62695686561256,390.8068166664467,395.43902587890625,72822000
2021-06-22 00:00:00-04:00,395.42969035743977,398.389417322035,394.7061817905028,397.55316162109375,57700300
2021-06-23 00:00:00-04:00,397.62833378473624,398.4363740041373,396.98941426136173,397.073974609375,49445400
2021-06-24 00:00:00-04:00,399.225696654204,399.84580592793344,398.9719869134309,399.4230041503906,45110300
2021-06-25 00:00:00-04:00,400.1746600103502,401.292783582141,399.84579507613284,400.8417663574219,58129500
2021-06-28 00:00:00-04:00,401.3679429641706,401.81893148712265,400.1652591125572,401.6498107910156,53159600
2021-06-29 00:00:00-04:00,402.0350569786464,402.6739765145748,401.33035872377803,401.8659362792969,35970500
2021-06-30 00:00:00-04:00,401.4054988705683,402.8806740439344,401.37731208840023,402.20416259765625,64827900
2021-07-01 00:00:00-04:00,402.9652297515047,404.59074396913576,402.89945103578833,404.4309997558594,53441000
2021-07-02 00:00:00-04:00,405.59611419519825,407.87932951282806,404.5155540009205,407.52227783203125,57697700
2021-07-06 00:00:00-04:00,407.57866250692047,407.79478028651687,404.036389732283,406.7799987792969,68710400
2021-07-07 00:00:00-04:00,407.46589321419077,408.4994562952336,405.44576413602323,408.2175598144531,63549500
2021-07-08 00:00:00-04:00,402.8806657894251,405.6524902342203,401.6967636141339,404.89141845703125,97595200
2021-07-09 00:00:00-04:00,406.4042044959093,409.5142706843359,404.6941297476529,409.2135925292969,76238600
2021-07-12 00:00:00-04:00,409.1289909276716,410.93303100178167,408.69678404478105,410.6793212890625,52889600
2021-07-13 00:00:00-04:00,409.8900601160083,411.3934220558517,409.0162412036738,409.2793273925781,52911300
2021-07-14 00:00:00-04:00,410.98001241451976,411.4686215512165,408.6404234073977,409.89007568359375,64130400
2021-07-15 00:00:00-04:00,408.54645535264586,409.22296681332864,406.58269968847173,408.4900817871094,55126400
2021-07-16 00:00:00-04:00,409.6739748407586,409.7209432529059,404.89142630984423,405.2860412597656,75874700
2021-07-19 00:00:00-04:00,400.4471220397971,405.3518228866035,396.4820188366375,399.3008117675781,147987000
2021-07-20 00:00:00-04:00,399.96790941735486,406.3008168970858,399.1692457026754,405.02294921875,99608200
2021-07-21 00:00:00-04:00,406.2256517266708,408.44311713039826,404.97599944679223,408.3021545410156,64724400
2021-07-22 00:00:00-04:00,408.4807150382148,409.40153115228975,407.49414887432897,409.1572265625,47878500
2021-07-23 00:00:00-04:00,411.0927383028575,413.7048185262917,410.4068503952386,413.3665771484375,63766600
2021-07-26 00:00:00-04:00,412.77467409357666,414.390783326833,412.7277056770462,414.3813781738281,43719200
2021-07-27 00:00:00-04:00,413.3383688913494,413.36655567137274,409.65513381425745,412.49273681640625,67397100
2021-07-28 00:00:00-04:00,413.12227210530915,413.7048180381999,410.8954303476653,412.3236083984375,52472400
2021-07-29 00:00:00-04:00,413.25380752713005,415.11419235254596,413.2444023757315,414.0336608886719,47435300
2021-07-30 00:00:00-04:00,411.4591544529141,413.47928339111706,411.32759703614965,412.0229187011719,68951200
2021-08-02 00:00:00-04:00,413.74240168794654,414.2967608282837,410.80145662667593,411.15850830078125,58783300
2021-08-03 00:00:00-04:00,411.9572078453096,414.62566180738776,409.75855272178563,414.5035095214844,58053900
2021-08-04 00:00:00-04:00,413.2162357099742,414.47529306625523,412.22966968933605,412.4645690917969,46732200
2021-08-05 00:00:00-04:00,413.62970218164946,415.1612510262335,413.3102424033691,415.0766906738281,38969700
2021-08-06 00:00:00-04:00,415.39608407182965,416.18534257573646,415.11418760127896,415.76251220703125,46930000
2021-08-09 00:00:00-04:00,415.7343710161899,416.0538307784521,414.6538394461939,415.42431640625,41222600
2021-08-10 00:00:00-04:00,415.87529184094507,416.6551739287781,415.1894039248862,415.9410705566406,43339300
2021-08-11 00:00:00-04:00,417.012231826999,417.0686053915082,415.88470318832685,416.9746398925781,44034300
2021-08-12 00:00:00-04:00,416.82422160352843,418.36517520520897,415.9222160685812,418.2242126464844,38909400
2021-08-13 00:00:00-04:00,418.67520732384656,419.0040721528561,418.1866269923884,418.98529052734375,39470300
2021-08-16 00:00:00-04:00,417.6792731297716,420.1034220491868,416.11953784781855,419.9718933105469,73740000
2021-08-17 00:00:00-04:00,417.40683542397306,418.0833468539245,414.2216144188741,417.21893310546875,92673900
2021-08-18 00:00:00-04:00,416.2041743706888,417.7733150905875,412.40822044306,412.6524963378906,89351900
2021-08-19 00:00:00-04:00,409.9182299315039,414.49409427742756,409.7772960279677,413.2913818359375,92812200
2021-08-20 00:00:00-04:00,413.6390701113293,416.9088514737455,413.15046099796143,416.5799865722656,72008700
2021-08-23 00:00:00-04:00,418.2712546656788,421.1558260664564,416.65514571004115,420.2444152832031,54973000
2021-08-24 00:00:00-04:00,420.91156005859375,421.44713760045585,420.3947928212322,420.91156005859375,38744700
2021-08-25 00:00:00-04:00,421.0994152924039,422.31147539633605,420.723553360955,421.7947082519531,40529700
2021-08-26 00:00:00-04:00,421.5129328963187,421.7478323338368,419.2109356131901,419.3049011230469,57829600
2021-08-27 00:00:00-04:00,420.1128272264782,423.42960523567405,420.05645367073754,423.05377197265625,77235100
2021-08-30 00:00:00-04:00,423.73034341850786,425.70350417202803,423.4860388594857,424.91424560546875,48357400
2021-08-31 00:00:00-04:00,424.82024545480607,425.1584868096362,423.683340446527,424.28466796875,59300200
2021-09-01 00:00:00-04:00,425.22432680633483,425.7410940643304,424.2753239669928,424.5102233886719,48721400
2021-09-02 00:00:00-04:00,425.93843646863075,426.624324438472,424.6136002700282,425.8162841796875,42501000
2021-09-03 00:00:00-04:00,424.67938659293344,426.22971709164716,424.2753377820622,425.7129211425781,47170500
2021-09-07 00:00:00-04:00,425.3652318920659,425.45919738921737,423.5142234277316,424.19073486328125,51671500
2021-09-08 00:00:00-04:00,423.6552295988036,424.3881146731991,421.7478187005373,423.67401123046875,56181900
2021-09-09 00:00:00-04:00,423.47667429804756,425.233717323856,421.6162606196501,421.8605651855469,57970400
2021-09-10 00:00:00-04:00,423.7961769601356,424.21897874285884,418.41227153281125,418.534423828125,89948200
2021-09-13 00:00:00-04:00,421.54109677619476,421.8041829670538,417.28469196190423,419.6054992675781,83738600
2021-09-14 00:00:00-04:00,421.05248843166396,421.259201058738,416.44846574600996,417.3410949707031,78197100
2021-09-15 00:00:00-04:00,417.7638983655694,421.32498145214555,416.6551800315069,420.8269958496094,78792200
2021-09-16 00:00:00-04:00,420.30084602817857,421.27800698138066,417.20015644327026,420.159912109375,77786700
2021-09-17 00:00:00-04:00,419.3850447458292,419.8092009655331,415.70885157843173,416.0670471191406,118425000
2021-09-20 00:00:00-04:00,409.9213343151068,411.5049087070392,404.2468162615164,409.1295471191406,166445500
2021-09-21 00:00:00-04:00,411.4765682514919,412.7773715752907,408.21515342525714,408.7430114746094,92526100
2021-09-22 00:00:00-04:00,411.0241068459511,414.7756961285755,408.85612048010717,412.730224609375,102350100
2021-09-23 00:00:00-04:00,414.6060020669827,419.35675292340466,414.3703501422846,417.744873046875,76396000
2021-09-24 00:00:00-04:00,416.10483229526034,419.14946615794776,415.8880221231808,418.4330749511719,62094800
2021-09-27 00:00:00-04:00,417.3961280845496,418.56495246869713,416.5383515953073,417.23590087890625,61371100
2021-09-28 00:00:00-04:00,414.45525091590594,414.78516941905406,408.0926478816121,408.827880859375,130436300
2021-09-29 00:00:00-04:00,410.21345067442644,411.9572806871439,408.95035979785877,409.51593017578125,82329200
2021-09-30 00:00:00-04:00,410.9958909687572,411.70284690195615,404.1714188987651,404.5107727050781,140506000
2021-10-01 00:00:00-04:00,406.24508107387715,411.0052385013216,402.71030216257543,409.3179626464844,129240100
2021-10-04 00:00:00-04:00,408.14924664359336,409.0541422306013,401.8903159820179,404.03948974609375,128570000
2021-10-05 00:00:00-04:00,405.54750485664374,410.4961950035953,404.74631136954315,408.2433776855469,90682500
2021-10-06 00:00:00-04:00,404.63323802045085,410.147499377374,403.00254494453645,409.94012451171875,113032200
2021-10-07 00:00:00-04:00,413.2298202312821,416.33097897892,413.05072245970354,413.48431396484375,72437500
2021-10-08 00:00:00-04:00,414.25727336121037,414.64374599907245,412.0986935121197,412.730224609375,74557400
2021-10-11 00:00:00-04:00,412.07039922916306,414.99248894914547,409.6761675373717,409.7421569824219,65233300
2021-10-12 00:00:00-04:00,410.6659754162395,411.0712898886133,407.9418249170345,408.7336120605469,71181200
2021-10-13 00:00:00-04:00,409.76098324225165,411.0240741022459,406.7729329566373,410.2040100097656,72974000
2021-10-14 00:00:00-04:00,413.88021160469805,417.2547635679065,413.4089077144482,417.10394287109375,70236800
2021-10-15 00:00:00-04:00,419.22480148892544,420.6481484124566,418.602676915053,420.280517578125,66260200
2021-10-18 00:00:00-04:00,418.4895820363863,421.86410527039766,417.8297450763768,421.5247802734375,62213200
2021-10-19 00:00:00-04:00,423.1554774596146,424.842724595289,422.54275941839205,424.7767639160156,46996800
2021-10-20 00:00:00-04:00,425.23865361845753,426.7468318240217,425.1255452871089,426.4451904296875,49571600
2021-10-21 00:00:00-04:00,425.84191151559463,427.78368126436493,425.4083199861109,427.5574645996094,41305400
2021-10-22 00:00:00-04:00,427.123876201105,428.5755002648435,425.1632358718283,427.11444091796875,58845100
2021-10-25 00:00:00-04:00,428.2078971538363,429.73491728325956,426.42638325821224,429.4049987792969,45214500
2021-10-26 00:00:00-04:00,430.9602960997976,432.17623944578014,429.4144055056858,429.79144287109375,56075100
2021-10-27 00:00:00-04:00,430.25334493703315,430.92258842537706,427.8119654031517,427.88739013671875,72438000
2021-10-28 00:00:00-04:00,429.3201484126634,432.0914176968122,429.31074189544364,432.0160217285156,51437900
2021-10-29 00:00:00-04:00,429.7065898490118,433.18481474342184,429.41438374816806,432.8926086425781,70162400
2021-11-01 00:00:00-04:00,433.88232651519985,434.2593926199993,431.9028732955281,433.63726806640625,48433600
2021-11-02 00:00:00-04:00,433.80695926029597,435.70161012769955,433.6749803616617,435.3905334472656,48908400
2021-11-03 00:00:00-04:00,434.82500495506815,438.4540510581206,434.3819780993795,438.0487365722656,52509800
2021-11-04 00:00:00-04:00,438.6519472579283,440.19783784094693,438.303186978276,440.1130065917969,52847100
2021-11-05 00:00:00-04:00,442.34700103807825,443.63836916180196,440.12246036838644,441.6400451660156,66390600
2021-11-08 00:00:00-05:00,442.7428857270056,443.24246669971006,441.3289740571507,442.0170593261719,50405200
2021-11-09 00:00:00-05:00,442.3847223182138,442.6203742803155,439.1421490184052,440.5560607910156,51149100
2021-11-10 00:00:00-05:00,438.8593134798678,440.5560247277753,435.52250268125164,437.0118103027344,69429700
2021-11-11 00:00:00-05:00,438.51058635425227,438.5860110906729,437.13438695871474,437.1532287597656,34848500
2021-11-12 00:00:00-05:00,438.4256697939867,441.008405574744,437.47362685315153,440.4522705078125,53466700
2021-11-15 00:00:00-05:00,441.74378673704854,441.9040139734473,439.47209821179746,440.60321044921875,46980500
2021-11-16 00:00:00-05:00,440.339195278399,443.4875016443956,440.26379931709175,442.3469543457031,48857500
2021-11-17 00:00:00-05:00,442.08305932224823,442.26215710599143,440.6503058184097,441.2724304199219,47858300
2021-11-18 00:00:00-05:00,442.3092208375317,443.0350471651785,439.5756643046647,442.7711181640625,50625600
2021-11-19 00:00:00-05:00,442.65811178795417,443.9117964880254,441.61183075654225,441.9794616699219,57315600
2021-11-22 00:00:00-05:00,443.86460275344604,446.36250768150074,440.5277630718727,440.7351379394531,72762000
2021-11-23 00:00:00-05:00,440.4052188410492,442.17732611315665,437.79420558269936,441.3195495605469,73206500
2021-11-24 00:00:00-05:00,439.31169291168294,442.62025477142373,438.49162890756617,442.4977111816406,61858800
2021-11-26 00:00:00-05:00,435.80524549170127,437.2757112190327,431.49752135014876,432.628662109375,112669600
2021-11-29 00:00:00-05:00,437.43599642318605,439.78308057442894,435.23029768476994,437.9355773925781,86268800
2021-11-30 00:00:00-05:00,435.48482555019865,437.39831833000216,429.1693414654298,429.4144287109375,148559600
2021-12-01 00:00:00-05:00,435.145532954753,438.00163379487077,424.4469273351443,424.6448669433594,131939200
2021-12-02 00:00:00-05:00,424.86159569596447,432.72294077139185,424.46568778929884,431.1487731933594,127637800
2021-12-03 00:00:00-05:00,432.8172113357215,433.8823339250444,423.15548194038644,427.397216796875,137331600
2021-12-06 00:00:00-05:00,429.9517051824305,434.3442610310532,427.52919620571214,432.45904541015625,98977500
2021-12-07 00:00:00-05:00,437.7565007699795,441.9699588724803,432.32707052619116,441.4043884277344,95484700
2021-12-08 00:00:00-05:00,441.8002646583124,443.02564322888617,440.03756399938356,442.57318115234375,72238800
2021-12-09 00:00:00-05:00,441.28182654086095,442.6768964113346,439.38720446363953,439.58514404296875,61272600
2021-12-10 00:00:00-05:00,442.2998872884148,443.87402627279704,439.7359928119884,443.72320556640625,77159800
2021-12-13 00:00:00-05:00,443.2047464865836,443.55350675639556,439.50971139770047,439.7925109863281,87724700
2021-12-14 00:00:00-05:00,436.5121688904579,439.0100733851532,433.83516664273697,436.76666259765625,97264100
2021-12-15 00:00:00-05:00,436.8233302887185,443.836306031787,434.29711945911913,443.59124755859375,116899300
2021-12-16 00:00:00-05:00,445.4481369657299,445.73090777517467,438.12405657395834,439.67938232421875,116568600
2021-12-17 00:00:00-05:00,436.5890765889238,439.60656170872556,433.28782720309647,434.99993896484375,135511600
2021-12-20 00:00:00-05:00,429.9014909487797,430.77172069522163,426.74212338428225,430.37445068359375,107134800
2021-12-21 00:00:00-05:00,433.8080425274013,438.15927714312926,431.6324396531206,438.01739501953125,69806300
2021-12-22 00:00:00-05:00,437.7620647368325,442.5105699227821,437.5634008705162,442.3970642089844,58890200
2021-12-23 00:00:00-05:00,443.3997320049562,446.65369714760357,443.29569472408735,445.1496887207031,56439700
2021-12-27 00:00:00-05:00,446.5307010758358,451.49677783042705,446.48341665361187,451.4494934082031,56808600
2021-12-28 00:00:00-05:00,451.8846036460607,452.91565229770765,450.3143740241347,451.08056640625,47274600
2021-12-29 00:00:00-05:00,451.18463308676866,452.67917299508804,450.1819608604042,451.6575927734375,54503000
2021-12-30 00:00:00-05:00,452.08320230898494,453.09534288404825,449.9454443292258,450.408935546875,55329000
2021-12-31 00:00:00-05:00,449.9170813081463,451.07107517141947,448.9995384088033,449.2738342285156,65237400
2022-01-03 00:00:00-05:00,450.5414027577386,452.0075951613326,448.22391752702976,451.8751525878906,72668200
2022-01-04 00:00:00-05:00,453.30354470475135,454.0224527634519,449.8603838627355,451.7238464355469,71178700
2022-01-05 00:00:00-05:00,451.3549772050528,452.13063816634497,442.95520695880055,443.0498046875,104538900
2022-01-06 00:00:00-05:00,442.5861994681221,445.35773611614786,440.259217182971,442.63348388671875,86858900
2022-01-07 00:00:00-05:00,442.6430311967215,443.82543054400713,439.5214795995845,440.88360595703125,85111600
2022-01-10 00:00:00-05:00,437.6769296616079,440.55250393034436,431.9068153934691,440.3349609375,119362000
2022-01-11 00:00:00-05:00,440.0701572039839,444.4403008522665,437.06211113308007,444.345703125,74303100
2022-01-12 00:00:00-05:00,446.0860864554399,447.6090315640581,443.5794060432317,445.5469055175781,67605400
2022-01-13 00:00:00-05:00,446.65367438215316,447.30636106377136,438.3768798065865,439.4079284667969,91173100
2022-01-14 00:00:00-05:00,436.24855229559944,439.9376320291072,435.0283082374195,439.587646484375,95890900
2022-01-18 00:00:00-05:00,434.8769724015517,435.0850758226512,430.68655641963403,431.802734375,109709100
2022-01-19 00:00:00-05:00,433.3541241249757,434.75406657127166,427.0448280822137,427.31915283203125,109357600
2022-01-20 00:00:00-05:00,429.2109131132616,433.93104152080394,420.4611589616414,422.5894775390625,122379700
2022-01-21 00:00:00-05:00,421.46384913598195,423.8286476560766,414.265416297055,414.2937927246094,202271200
2022-01-24 00:00:00-05:00,408.6655338392634,416.5639661506676,398.00503320354795,416.05316162109375,251783900
2022-01-25 00:00:00-05:00,409.6398828972748,415.9397100242834,404.0494953719495,410.9736328125,167997300
2022-01-26 00:00:00-05:00,416.88561104852806,420.02607047448777,405.6669916326692,409.94256591796875,186391100
2022-01-27 00:00:00-05:00,414.55867762115867,417.7085767658078,406.2251293704537,407.9183044433594,149878300
2022-01-28 00:00:00-05:00,409.28041120998864,418.0963872077387,404.68325664580124,418.0491027832031,164457400
2022-01-31 00:00:00-05:00,417.3774492101084,425.9285683081596,416.02479145329517,425.5785827636719,152251400
2022-02-01 00:00:00-05:00,426.30693765567827,429.09741136310794,422.76920842520514,428.4541931152344,123155400
2022-02-02 00:00:00-05:00,430.8662544052309,433.3445584287272,428.5487405020681,432.6162109375,117361000
2022-02-03 00:00:00-05:00,426.5623563990489,428.47310315644444,421.60571921304773,422.4476013183594,118024400
2022-02-04 00:00:00-05:00,422.21110476532647,428.293359216209,419.82736954460256,424.43402099609375,118454400
2022-02-07 00:00:00-05:00,425.2002179600923,426.60016012871563,421.738149661157,423.0718994140625,84472900
2022-02-08 00:00:00-05:00,422.5706046938253,427.4799289301471,421.1422570922283,426.55291748046875,81012000
2022-02-09 00:00:00-05:00,430.6014195917351,433.1175685965065,430.4027846055387,432.79595947265625,92589900
2022-02-10 00:00:00-05:00,426.9312545906798,432.95675649430774,423.0151633217596,425.0205078125,140103700
2022-02-11 00:00:00-05:00,425.1056385655254,427.18664391321806,415.20186134997584,416.6396484375,153214600
2022-02-14 00:00:00-05:00,416.1288774138365,417.7180150863629,411.7965503726483,415.27752685546875,123006300
2022-02-15 00:00:00-05:00,419.7328155876255,422.14489845233356,419.2125426099258,421.9746398925781,88482700
2022-02-16 00:00:00-05:00,419.921983869593,423.82863553178055,418.0396135389401,422.4476013183594,84863600
2022-02-17 00:00:00-05:00,419.2503588609792,422.419194331439,412.81811908253826,413.4234924316406,102259100
2022-02-18 00:00:00-05:00,413.6789090102442,414.9369979489971,408.46691286548753,410.74658203125,132642900
2022-02-22 00:00:00-05:00,408.5331937704951,411.9479493682577,402.82927137444875,406.3386535644531,124391800
2022-02-23 00:00:00-05:00,409.26146429806397,409.8290216743736,398.5631188932216,399.13067626953125,132578000
2022-02-24 00:00:00-05:00,388.7918112514867,405.57244232576124,388.43238610030824,405.1372985839844,213942900
2022-02-25 00:00:00-05:00,406.3764647986721,414.1613927191471,404.7211056644664,414.0762634277344,121804500
2022-02-28 00:00:00-05:00,408.66557993038384,414.501915654171,407.4075197600478,413.0168151855469,145615000
2022-03-01 00:00:00-05:00,411.51282123663765,413.52763436039083,404.0116577742562,406.7264709472656,137785900
2022-03-02 00:00:00-05:00,408.9871853932259,415.9396990802248,408.23046138487615,414.20867919921875,117726500
2022-03-03 00:00:00-05:00,416.6491311196768,417.254504541962,410.33983584072405,412.14654541015625,105501700
2022-03-04 00:00:00-05:00,408.40067480868873,409.9330595198553,404.7399715837537,408.7979736328125,113978200
2022-03-07 00:00:00-05:00,408.21151760843173,408.92095717943505,396.6807574716845,396.7469787597656,137896600
2022-03-08 00:00:00-05:00,396.92666565064377,404.106189919639,392.67002865476115,393.7389221191406,164772700
2022-03-09 00:00:00-05:00,402.1481835320033,406.28184664972684,399.9536436179305,404.29541015625,116990800
2022-03-10 00:00:00-05:00,399.6698454526476,403.3683936870223,397.7023458467199,402.46978759765625,93972700
2022-03-11 00:00:00-05:00,404.9669642223323,405.5818059910525,396.8415209370115,397.3523254394531,95636300
2022-03-14 00:00:00-04:00,398.12800434178155,401.5900437184911,393.3038099407346,394.4483642578125,95729200
2022-03-15 00:00:00-04:00,397.06862015150375,403.7562779787934,395.79165191371726,403.1225280761719,106219100
2022-03-16 00:00:00-04:00,406.6413318363514,412.1181847431763,401.8265763662033,412.0614318847656,144954800
2022-03-17 00:00:00-04:00,410.1411873324134,417.2166748046875,409.7628253475534,417.2166748046875,102676900
2022-03-18 00:00:00-04:00,415.5998027190798,422.1089546797308,414.85969463963477,421.7863464355469,106345500
2022-03-21 00:00:00-04:00,421.6155341135983,423.6271083158259,418.1427105740209,421.6629943847656,88349800
2022-03-22 00:00:00-04:00,423.0578558191134,427.5364671803006,423.0578558191134,426.59710693359375,74650400
2022-03-23 00:00:00-04:00,424.0541434470879,425.55332638564335,421.0177861842086,421.1031799316406,79426100
2022-03-24 00:00:00-04:00,423.1336666710074,427.46045609652464,422.0140213716067,427.4509582519531,64736900
2022-03-25 00:00:00-04:00,428.0867920742761,429.81372063765116,425.4963992292135,429.5385437011719,77101300
2022-03-28 00:00:00-04:00,428.94076282849704,432.5938720703125,427.04304675034354,432.5938720703125,68529800
2022-03-29 00:00:00-04:00,436.49365245199573,438.43882875157925,433.7988991715261,437.9454040527344,86581500
2022-03-30 00:00:00-04:00,436.7973537508844,437.6133868108244,433.1252773732855,435.2412414550781,79666900
2022-03-31 00:00:00-04:00,434.47253688341806,435.2980385837136,428.08671309835853,428.54217529296875,121699900
2022-04-01 00:00:00-04:00,430.12684500588364,430.26916792356127,426.1701231101965,429.7568054199219,89048800
2022-04-04 00:00:00-04:00,429.9560313211461,433.54271341244913,429.13052949203757,433.4383239746094,59601000
2022-04-05 00:00:00-04:00,431.939157439223,434.41566302039155,426.8153298227524,427.96343994140625,74214500
2022-04-06 00:00:00-04:00,424.0351838301639,425.9708333848193,420.790076589019,423.68408203125,106898000
2022-04-07 00:00:00-04:00,422.8016387112071,427.640820370861,420.8469935201735,425.8190002441406,78097200
2022-04-08 00:00:00-04:00,425.05995736438757,427.5839233445298,423.1337766107068,424.680419921875,79272700
2022-04-11 00:00:00-04:00,421.3973501116836,422.2418477063847,416.9187677503184,417.4216613769531,89770500
2022-04-12 00:00:00-04:00,420.42000917950406,422.95347289670224,414.3188589093481,415.875,84363600
2022-04-13 00:00:00-04:00,415.62830561832044,421.3973500313862,415.4480202657074,420.6382751464844,74070400
2022-04-14 00:00:00-04:00,420.86594548757074,421.98561991128474,415.29615377751963,415.4005432128906,97869500
2022-04-18 00:00:00-04:00,414.4707017512987,417.2603468643932,413.33206045568215,415.5713806152344,66002500
2022-04-19 00:00:00-04:00,415.4669024532441,423.00083642794516,415.2961149824249,422.27972412109375,77821000
2022-04-20 00:00:00-04:00,424.06367204101167,424.680424010639,420.79959788164615,421.9666748046875,65224400
2022-04-21 00:00:00-04:00,425.6007806681519,426.9956031035997,414.745842697952,415.65673828125,85417300
2022-04-22 00:00:00-04:00,414.56557782438404,415.67572553702075,403.68217473484395,404.2514953613281,132471800
2022-04-25 00:00:00-04:00,402.00268452995533,406.7659413001945,397.4196841407292,406.59515380859375,119647700
2022-04-26 00:00:00-04:00,404.05216290337904,404.25144391924186,394.79132912131234,394.8197937011719,103996300
2022-04-27 00:00:00-04:00,395.9014975768421,401.2910329549323,393.7855627963593,395.9299621582031,122030000
2022-04-28 00:00:00-04:00,400.69328310824267,407.6673957249043,396.24313643650856,405.93096923828125,105449100
2022-04-29 00:00:00-04:00,401.9267653758565,404.0901605040377,390.17989845051727,390.92950439453125,145491100
2022-05-02 00:00:00-04:00,390.9958419924472,394.6489503268661,384.3063771044443,393.2825927734375,158312500
2022-05-03 00:00:00-04:00,393.7856098060658,397.5051173465634,392.2199707737604,395.0855407714844,100028200
2022-05-04 00:00:00-04:00,395.7496753190645,407.68632497643506,392.5520285453258,407.11700439453125,144247900
2022-05-05 00:00:00-04:00,402.83766819412307,403.26466589369136,388.5004371483432,392.6469421386719,172929100
2022-05-06 00:00:00-04:00,390.07553651597715,393.5862938041911,384.9801735986201,390.3032531738281,151770800
2022-05-09 00:00:00-04:00,384.3824030885751,385.6254048215441,376.222218040834,377.80682373046875,155586100
2022-05-10 00:00:00-04:00,383.80354518634044,385.3122258608909,374.6281049717166,378.6797180175781,132497200
2022-05-11 00:00:00-04:00,377.71190234105785,383.37658562932586,371.9143650365518,372.6639709472656,142361000
2022-05-12 00:00:00-04:00,369.4568235292296,375.5579733330181,365.4526417334001,372.2749328613281,125090800
2022-05-13 00:00:00-04:00,376.42147428654954,382.5605871160499,375.3777246252647,381.1752624511719,104174400
2022-05-16 00:00:00-04:00,379.52421008230226,383.3101440048578,377.2659235471476,379.6285705566406,78622400
2022-05-17 00:00:00-04:00,385.73924965956155,387.6749281280144,381.99124889833473,387.4377136230469,83029700
2022-05-18 00:00:00-04:00,382.86420973908423,383.1488555613553,370.57648684005943,371.8194885253906,117674500
2022-05-19 00:00:00-04:00,368.7451990662184,373.9829138685316,367.31241418995535,369.542236328125,98510700
2022-05-20 00:00:00-04:00,373.1384136201305,376.72509575107233,361.07843638256344,369.70355224609375,131432200
2022-05-23 00:00:00-04:00,372.7398728634355,377.38930019728645,370.415188153358,376.6207275390625,76414900
2022-05-24 00:00:00-04:00,372.4836692325388,374.9412078132301,367.1700589968174,373.74566650390625,91448800
2022-05-25 00:00:00-04:00,372.2464195513246,379.02127847657516,371.8479154715119,377.0476379394531,91472900
2022-05-26 00:00:00-04:00,378.2812024273643,386.2231386417738,378.0724525251895,384.58160400390625,82168300
2022-05-27 00:00:00-04:00,387.0486842866544,394.13665496189145,386.84943220734834,394.0227966308594,84768700
2022-05-31 00:00:00-04:00,392.40023804607233,395.1614184678653,389.06026810856656,391.81195068359375,95937000
2022-06-01 00:00:00-04:00,393.93737437755783,394.9526303936965,386.1187650491988,388.6427307128906,86585800
2022-06-02 00:00:00-04:00,388.48145435599463,396.0912850769354,386.2231676872298,396.0438537597656,79609600
2022-06-03 00:00:00-04:00,391.3090515155026,392.8651926067963,388.56686682617567,389.544189453125,71874300
2022-06-06 00:00:00-04:00,393.56736210124245,395.3037596856171,389.5536819082535,390.73028564453125,57508900
2022-06-07 00:00:00-04:00,387.22898043918536,394.93370326048847,386.76402029869297,394.4782409667969,59272400
2022-06-08 00:00:00-04:00,392.76078918941744,394.55414472787754,389.39235483614425,390.18939208984375,64350000
2022-06-09 00:00:00-04:00,388.4054869539983,390.68274010880896,380.9095153808594,380.9095153808594,86289800
2022-06-10 00:00:00-04:00,374.6850215978316,375.53898793791575,369.81737581545275,369.86480712890625,132893900
2022-06-13 00:00:00-04:00,360.42371387649325,362.28346743198733,354.2086766578207,355.8217468261719,170004900
2022-06-14 00:00:00-04:00,357.57711879105614,358.6113704659484,351.6372588485272,354.74951171875,104011800
2022-06-15 00:00:00-04:00,358.06105206229864,364.2665916822706,353.089045254612,359.8069763183594,125666800
2022-06-16 00:00:00-04:00,351.56141089908436,351.9694129173552,345.4602315344534,347.8988037109375,134473300
2022-06-17 00:00:00-04:00,348.3152005903648,352.0031382377941,345.1323288130653,348.6487121582031,111113900
2022-06-21 00:00:00-04:00,354.39508075105675,358.8167847118206,354.3188279292555,357.42547607421875,76811900
2022-06-22 00:00:00-04:00,353.18480051988905,360.90375545370335,352.7654972536225,356.7774658203125,90059400
2022-06-23 00:00:00-04:00,358.9216589541497,361.00860756659887,355.3480709955404,360.27484130859375,79292100
2022-06-24 00:00:00-04:00,363.45771219814634,371.7389089912618,363.4291246578567,371.7293701171875,98050300
2022-06-27 00:00:00-04:00,372.65374434063085,372.9491586215477,369.21358425811263,370.3094787597656,66009600
2022-06-28 00:00:00-04:00,371.87232290504204,374.6644792020002,362.6286308001763,362.74298095703125,86548900
2022-06-29 00:00:00-04:00,363.29571627695856,364.2867703688928,360.61791010649307,362.44757080078125,65676000
2022-06-30 00:00:00-04:00,358.5404645110338,362.75254644984545,355.0335903944629,359.5029602050781,112508300
2022-07-01 00:00:00-04:00,358.8453758820179,363.74358732379653,356.21520605993095,363.3052062988281,74839700
2022-07-05 00:00:00-04:00,358.197399099367,364.0104412734267,355.3575774256308,363.9913635253906,81438000
2022-07-06 00:00:00-04:00,364.1343183853388,367.717445353006,361.7424165306726,365.220703125,70426200
2022-07-07 00:00:00-04:00,367.0026750631787,371.4910929211307,365.2396993738306,370.69061279296875,64525900
2022-07-08 00:00:00-04:00,369.0515185508626,372.26300695261864,367.5172722738607,370.38568115234375,72397800
2022-07-11 00:00:00-04:00,367.69835676876295,368.6703621550962,365.45890265708556,366.1545715332031,58366900
2022-07-12 00:00:00-04:00,365.6018653816874,367.9937962223962,361.16108326606883,362.9145202636719,62219200
2022-07-13 00:00:00-04:00,357.4541259795869,363.9532987804005,357.0348226323127,361.0086364746094,84224600
2022-07-14 00:00:00-04:00,356.03419557677825,361.21828317909234,353.5851185689936,360.1319274902344,89704800
2022-07-15 00:00:00-04:00,364.5536534757757,367.1266487598198,362.63822986665895,367.0122985839844,79060400
2022-07-18 00:00:00-04:00,370.10934695957155,370.78593810865794,362.75251969143335,363.9818420410156,63203600
2022-07-19 00:00:00-04:00,367.9175404264999,374.38812509860895,367.26002700439284,373.81634521484375,78506000
2022-07-20 00:00:00-04:00,374.00700222845904,377.6187170853848,372.63474194197374,376.19879150390625,71843800
2022-07-21 00:00:00-04:00,375.61746830171614,380.0772992947523,373.20648868060636,380.0296630859375,64903900
2022-07-22 00:00:00-04:00,380.15353339871814,381.354239171884,374.273777240293,376.5036926269531,72197300
2022-07-25 00:00:00-04:00,377.1326153148139,377.81874530443775,374.71209714559507,376.9610900878906,53631500
2022-07-26 00:00:00-04:00,375.31245598219533,375.5221076154194,371.605469613467,372.5012512207031,52946400
2022-07-27 00:00:00-04:00,375.8080241745554,383.9272346038622,375.51260989744463,382.1737976074219,82342100
2022-07-28 00:00:00-04:00,382.9838711686013,387.6628640613991,379.4197925062167,386.96722412109375,73966600
2022-07-29 00:00:00-04:00,388.40609981595657,393.5997257422066,387.63420717412276,392.608642578125,87003700
2022-08-01 00:00:00-04:00,389.90225959583773,393.9618647731453,389.18754201289954,391.446044921875,69997500
2022-08-02 00:00:00-04:00,389.8736878063429,393.5711649045606,387.6818987628926,388.8635559082031,63435400
2022-08-03 00:00:00-04:00,390.99820848816455,396.1251213163918,390.7123330479774,394.9530029296875,67820600
2022-08-04 00:00:00-04:00,394.8767311502338,395.5628612557088,393.0375313820632,394.6861572265625,45656600
2022-08-05 00:00:00-04:00,390.38827994526997,394.6670466027406,390.3311048647374,394.01904296875,56814900
2022-08-08 00:00:00-04:00,395.7153066396332,397.973809576496,392.45618162514177,393.5616149902344,53886100
2022-08-09 00:00:00-04:00,392.8278470466538,393.33291297938877,390.9219334767961,391.998779296875,44931800
2022-08-10 00:00:00-04:00,399.07926069918796,400.3752971125264,397.11617195301557,400.2323303222656,68665700
2022-08-11 00:00:00-04:00,403.0912008165285,404.95901714510643,399.4890251570347,400.2323303222656,59489700
2022-08-12 00:00:00-04:00,402.1763753606097,407.1126848285764,401.2234185174377,407.00787353515625,61694500
2022-08-15 00:00:00-04:00,404.7873779078666,409.20911063751726,404.73020283652875,408.6849670410156,54048300
2022-08-16 00:00:00-04:00,407.60823905019834,411.4200664046575,406.79821992098886,409.4855651855469,59289000
2022-08-17 00:00:00-04:00,405.87383128900353,409.29494268682157,404.56828513540523,406.5790100097656,63563400
2022-08-18 00:00:00-04:00,406.7791382170342,408.4468126683968,405.4831308884467,407.7607116699219,49023200
2022-08-19 00:00:00-04:00,404.98758272951426,405.25440946456814,401.4044559314192,402.28118896484375,68016900
2022-08-22 00:00:00-04:00,397.4306778466823,397.6022321971417,392.9994339182443,393.9047546386719,77695600
2022-08-23 00:00:00-04:00,393.47583577048323,395.8773053899406,392.39898999121,392.95172119140625,49105200
2022-08-24 00:00:00-04:00,392.72301638510424,395.5818868105569,392.0369154016521,394.20965576171875,49177800
2022-08-25 00:00:00-04:00,395.705788546093,399.8225690705073,394.60989399755806,399.7749328613281,50942300
2022-08-26 00:00:00-04:00,399.66063116419394,400.20379452606346,386.1858058663081,386.24298095703125,103087000
2022-08-29 00:00:00-04:00,383.27926140804027,386.74800926201755,382.3263045463414,383.68902587890625,65370800
2022-08-30 00:00:00-04:00,384.8515882073733,385.0898273941945,377.37087192480084,379.4768981933594,85652400
2022-08-31 00:00:00-04:00,381.11596076613347,382.364331699267,376.45601769036006,376.58941650390625,76029700
2022-09-01 00:00:00-04:00,374.4072728216257,378.11426026201076,371.69133967759535,377.7712097167969,78740100
2022-09-02 00:00:00-04:00,381.44946845140964,382.66925174178203,371.967538604723,373.7876892089844,99632100
2022-09-06 00:00:00-04:00,374.6359138662064,375.57933179810465,370.1474954520454,372.3774108886719,76637400
2022-09-07 00:00:00-04:00,372.06293062608904,379.83906190032036,371.8437691661729,379.0671691894531,70964200
2022-09-08 00:00:00-04:00,376.78964569422635,382.0022920606775,375.5793718090097,381.5448913574219,80821700
2022-09-09 00:00:00-04:00,383.79380074430213,388.33942315556953,383.52697401163135,387.47222900390625,76706900
2022-09-12 00:00:00-04:00,389.5497103488156,392.3609447639195,389.2447571690339,391.6366882324219,69256300
2022-09-13 00:00:00-04:00,382.9266871071617,384.13696107355094,373.482909110584,374.6073913574219,122947100
2022-09-14 00:00:00-04:00,375.9129151472498,377.56154107848636,372.72050366795696,376.03680419921875,85023700
2022-09-15 00:00:00-04:00,374.473911020677,377.3327815354644,370.4905584164042,371.76751708984375,87633800
2022-09-16 00:00:00-04:00,367.57259441105026,369.59157905276464,365.63011743148934,368.93133544921875,103084800
2022-09-19 00:00:00-04:00,365.7736585180336,371.7923583984375,365.69709245580265,371.7923583984375,73278500
2022-09-20 00:00:00-04:00,368.45291622543897,369.467197620889,364.75940646491324,367.5247497558594,77274900
2022-09-21 00:00:00-04:00,369.45756777486804,372.5195676498082,361.1040999209618,361.1136779785156,106746600
2022-09-22 00:00:00-04:00,360.33861628892794,361.98443625276843,357.3340552999548,358.0804138183594,89472600
2022-09-23 00:00:00-04:00,354.5974190369315,354.6357020723969,347.6218469958117,352.08087158203125,122346900
2022-09-26 00:00:00-04:00,350.6072445688274,354.24334411898207,347.37301464402196,348.5978088378906,92581200
2022-09-27 00:00:00-04:00,352.14778414446056,354.42514263246454,345.3061598238864,347.7079162597656,108294100
2022-09-28 00:00:00-04:00,348.6647472239629,356.24315109460287,346.96151758422974,354.54949951171875,110802200
2022-09-29 00:00:00-04:00,350.9899839667711,351.27703369645445,344.18664256070633,347.14337158203125,112952300
2022-09-30 00:00:00-04:00,346.19604000195835,350.1287964039732,341.64135226905466,341.7752990722656,153711200
2022-10-03 00:00:00-04:00,345.50714681640204,352.6549780572887,343.7178017916793,350.79864501953125,89756500
2022-10-04 00:00:00-04:00,356.3388901479635,361.6973756271638,350.7603429439157,361.6686706542969,103602800
2022-10-05 00:00:00-04:00,357.2862230097623,363.0944101650707,354.9514544776004,360.8266296386719,88065700
2022-10-06 00:00:00-04:00,359.4200436718051,362.3863509600016,356.6068393173464,357.10443115234375,82333500
2022-10-07 00:00:00-04:00,353.0568296246811,357.19052094050096,345.3731537119263,347.14337158203125,107789500
2022-10-10 00:00:00-04:00,348.2629039933855,348.50212184161734,342.24420395687974,344.4928283691406,76042800
2022-10-11 00:00:00-04:00,342.7895317948275,347.372953051993,340.36864880957154,342.31109619140625,92482800
2022-10-12 00:00:00-04:00,342.7226153717063,344.3014472178976,340.9332414645344,341.1820373535156,76991800
2022-10-13 00:00:00-04:00,334.14904467296265,351.6598083555464,333.09648032022864,350.18621826171875,147254500
2022-10-14 00:00:00-04:00,352.6549207827784,354.2911917996768,341.5647854530019,342.2059020996094,123737000
2022-10-17 00:00:00-04:00,348.31076646522916,352.1095470782715,341.8710114527869,350.99957275390625,93168200
2022-10-18 00:00:00-04:00,358.95114250184974,359.2573483322076,351.6693365808902,355.1236572265625,97162900
2022-10-19 00:00:00-04:00,353.07594379032565,355.8126109872074,349.7843040689634,352.6070861816406,79746900
2022-10-20 00:00:00-04:00,352.1574198205979,356.5973176331222,348.8849064155562,349.6504211425781,88283100
2022-10-21 00:00:00-04:00,349.3728168881289,358.6353233348347,347.8609732017247,358.1473388671875,131038400
2022-10-24 00:00:00-04:00,359.6783882377217,363.6685254418361,357.01825783311693,362.52984619140625,85436900
2022-10-25 00:00:00-04:00,362.45331306063844,368.6346939112867,362.3384931688921,368.3189392089844,78846300
2022-10-26 00:00:00-04:00,365.1613245943351,370.86427098643634,364.90297978242853,365.5440673828125,104087300
2022-10-27 00:00:00-04:00,366.5487088981551,368.39546356431134,362.9699902522956,363.59197998046875,81971800
2022-10-28 00:00:00-04:00,363.4867286085135,372.7205316401089,363.30492070912123,372.2420959472656,100302000
2022-10-31 00:00:00-04:00,369.773405154798,371.6488650187867,368.64430385310885,369.5533142089844,96631300
2022-11-01 00:00:00-04:00,373.313829651351,373.55304750624583,366.759254586953,367.9361877441406,85407600
2022-11-02 00:00:00-04:00,367.34297177891386,371.8689845944629,358.5971812448632,358.7024230957031,126990400
2022-11-03 00:00:00-04:00,355.4490027437404,358.0612720504973,352.8845945254816,355.00885009765625,87100100
2022-11-04 00:00:00-04:00,360.74052136688584,362.5298662303547,354.04242150065716,360.1185607910156,103505200
2022-11-07 00:00:00-05:00,361.41991204096684,364.1565796093266,359.3339392603805,363.5633239746094,68286900
2022-11-08 00:00:00-05:00,364.6732727169054,368.51033666449064,361.4294936112006,365.52490234375,84641100
2022-11-09 00:00:00-05:00,363.5441355230192,364.70197091504775,357.4967014075901,357.9942932128906,78495500
2022-11-10 00:00:00-05:00,371.31393196232233,378.0024828489434,369.0078976049732,377.6675720214844,141455800
2022-11-11 00:00:00-05:00,378.5287377221533,382.1265833794771,376.6341219172314,381.32281494140625,93839900
2022-11-14 00:00:00-05:00,379.55263072845537,382.9208077010258,377.8015396320112,378.07904052734375,71903500
2022-11-15 00:00:00-05:00,383.8489311640371,384.9589054196068,377.47616455268087,381.30364990234375,93194500
2022-11-16 00:00:00-05:00,379.6674320185533,380.62430341627146,377.76326728154146,378.3948059082031,68508500
2022-11-17 00:00:00-05:00,373.6199962931831,377.9163687088292,373.3138196401911,377.2369689941406,74496300
2022-11-18 00:00:00-05:00,380.58607123388674,380.65305924901264,376.0887925845708,378.9498291015625,92922500
2022-11-21 00:00:00-05:00,377.6197605070804,378.7488618021571,375.72514453630845,377.5718994140625,51243200
2022-11-22 00:00:00-05:00,379.52393388792524,382.81557406409473,378.1077536070245,382.65289306640625,60429000
2022-11-23 00:00:00-05:00,382.31790288493863,385.5521324382313,382.08826312540333,385.06414794921875,68261600
2022-11-25 00:00:00-05:00,384.49965264054777,385.53309018818607,384.2221809373079,384.97808837890625,30545400
2022-11-28 00:00:00-05:00,381.8777742301874,383.52359408000194,378.0694158378015,378.8349304199219,67881600
2022-11-29 00:00:00-05:00,378.9688468510178,380.1649359134202,376.33745091373254,378.1842346191406,52310000
2022-11-30 00:00:00-05:00,378.4330263925904,390.0972900390625,376.5097349096026,390.0972900390625,144566700
2022-12-01 00:00:00-05:00,391.14033888821655,392.3173013046343,387.29372610500184,389.810302734375,76398200
2022-12-02 00:00:00-05:00,384.9015407248155,390.26957554211833,384.7962988819975,389.3605651855469,85342700
2022-12-05 00:00:00-05:00,386.52820609599246,387.46592136062503,380.99749068100294,382.3562316894531,77289800
2022-12-06 00:00:00-05:00,382.1935097100278,382.7389041040488,374.7490529000608,376.8445739746094,77972200
2022-12-07 00:00:00-05:00,375.9930698766285,378.57663447203373,375.06490340212804,376.2035827636719,65927900
2022-12-08 00:00:00-05:00,378.0981606729528,380.22238704457504,376.30878671257267,379.15069580078125,60737900
2022-12-09 00:00:00-05:00,377.9067080105666,380.47111577715435,376.1939004136138,376.31829833984375,81447700
2022-12-12 00:00:00-05:00,377.112582581271,381.7438659667969,376.442790105869,381.7438659667969,75405800
2022-12-13 00:00:00-05:00,392.52779517391076,392.78613994486886,381.85868467865026,384.63360595703125,123782500
2022-12-14 00:00:00-05:00,384.28908544733156,388.01132898247715,379.2176790178847,382.1744079589844,108111300
2022-12-15 00:00:00-05:00,377.29434783488267,378.2033872647171,371.16082840278256,372.8257751464844,117705900
2022-12-16 00:00:00-05:00,370.2602148451411,371.6059805929755,366.28059118115254,368.4241943359375,119858000
2022-12-19 00:00:00-05:00,368.6163952350112,368.9528439474984,363.6274261236804,365.3000183105469,79878100
2022-12-20 00:00:00-05:00,364.5406714883894,367.4244675561658,363.2141206035338,365.7999267578125,74427200
2022-12-21 00:00:00-05:00,368.40491962893446,372.40378672559586,367.8666134174116,371.2695007324219,78167400
2022-12-22 00:00:00-05:00,368.21266617846675,371.25026808589166,360.25339056526093,365.9729309082031,100120900
2022-12-23 00:00:00-05:00,364.94439051791056,368.2223089378742,363.3871453178878,368.078125,59857300
2022-12-27 00:00:00-05:00,367.9627904177246,368.30883188044186,364.9444029828394,366.6266174316406,51638200
2022-12-28 00:00:00-05:00,366.5593138365044,368.53954750465414,361.8395266438076,362.0702209472656,70911500
2022-12-29 00:00:00-05:00,364.9251970537468,369.4623710215703,364.39648347005243,368.5876159667969,66970900
2022-12-30 00:00:00-05:00,365.89608574575635,367.76091368309494,363.77166803325207,367.6167297363281,84022200
2023-01-03 00:00:00-05:00,369.4815413852033,371.4617455709304,363.19485806302197,366.0690612792969,74850700
2023-01-04 00:00:00-05:00,368.33771324492255,370.9331418713664,365.2808959456855,368.895263671875,85934100
2023-01-05 00:00:00-05:00,366.9342023188302,367.04954946455626,364.08886516079207,364.6848449707031,76970500
2023-01-06 00:00:00-05:00,367.7897288196835,374.1725449520528,364.71369723961243,373.0478515625,104189600
2023-01-09 00:00:00-05:00,375.24918087816104,378.4502111850601,372.6537818207894,372.8363952636719,73978100
2023-01-10 00:00:00-05:00,372.2500487360848,375.5183454272887,371.3079980261493,375.4510498046875,65358100
2023-01-11 00:00:00-05:00,377.03710423821616,380.2765636489995,376.2200228551562,380.19964599609375,68881100
2023-01-12 00:00:00-05:00,381.3051469866937,383.05462766402485,377.21976916675254,381.5838928222656,90157700
2023-01-13 00:00:00-05:00,378.37322978669755,383.6409740118004,378.10407668529746,383.064208984375,63903900
2023-01-17 00:00:00-05:00,383.0450378495243,384.7272522586673,381.68002810706065,382.3625183105469,62677300
2023-01-18 00:00:00-05:00,383.55447849264397,384.6214688994839,376.12388712892096,376.32574462890625,99632300
2023-01-19 00:00:00-05:00,374.2782033859137,375.9315806997768,372.25956993864435,373.58612060546875,86958900
2023-01-20 00:00:00-05:00,374.9896330898137,380.6995518316875,373.3362554518386,380.5457458496094,91806400
2023-01-23 00:00:00-05:00,381.35317398077467,387.0534702139708,380.39190867323447,385.1117248535156,84178800
2023-01-24 00:00:00-05:00,383.42948708903174,385.6115486427706,382.2375275680186,384.6983642578125,59524900
2023-01-25 00:00:00-05:00,380.6130286416279,385.17903907302156,378.315590364586,384.84259033203125,84800300
2023-01-26 00:00:00-05:00,387.5148984088141,389.2355715689227,384.53497000924045,389.0721435546875,72287400
2023-01-27 00:00:00-05:00,388.0243192842186,392.35001274142974,387.8128397640022,389.966064453125,68346200
2023-01-30 00:00:00-05:00,387.1976608576454,389.43742549092923,384.7752828014121,385.0732727050781,74202000
2023-01-31 00:00:00-05:00,385.5923626089722,390.78318947127025,385.2462918392246,390.7351379394531,86811800
2023-02-01 00:00:00-05:00,389.5142870743959,397.6466122805927,386.7650825168854,394.88775634765625,101459200
2023-02-02 00:00:00-05:00,398.79049668604443,402.1068736088489,396.8872102220767,400.6361389160156,101654500
2023-02-03 00:00:00-05:00,395.647206038585,400.81881836953994,395.16657335854075,396.3777770996094,94736800
2023-02-06 00:00:00-05:00,393.91695380659627,395.35885189681073,392.292412944782,393.95538330078125,60295300
2023-02-07 00:00:00-05:00,393.03261370480624,400.35745199837606,391.78298030994586,399.1078186035156,90990700
2023-02-08 00:00:00-05:00,397.12757052570265,398.47333618854617,394.05150958021073,394.7436218261719,76227500
2023-02-09 00:00:00-05:00,398.3579098632502,398.511715813505,390.09102338383747,391.3214416503906,78694900
2023-02-10 00:00:00-05:00,390.13916034833926,392.6192415030363,389.3221082284389,392.2347412109375,70769700
2023-02-13 00:00:00-05:00,392.88835553423695,396.97373306906144,392.4269376283513,396.8391418457031,64913500
2023-02-14 00:00:00-05:00,395.31069936532566,398.9731175037209,392.6864640915621,396.656494140625,88389300
2023-02-15 00:00:00-05:00,394.4553036906557,398.02159048079994,393.609385357194,397.9447021484375,61555700
2023-02-16 00:00:00-05:00,392.95567830940917,396.9160869350225,392.33086168681325,392.4654235839844,76431500
2023-02-17 00:00:00-05:00,390.3314550514437,391.7253017194627,388.39930206616765,391.4849853515625,89257800
2023-02-21 00:00:00-05:00,387.4476027187317,388.5050004519839,383.37184709473024,383.6313781738281,82655900
2023-02-22 00:00:00-05:00,384.04471289617135,385.59236532715204,381.6415495785843,383.1026916503906,83742300
2023-02-23 00:00:00-05:00,386.0056662936268,386.6208901264533,380.90135023106023,385.1405334472656,96242400
2023-02-24 00:00:00-05:00,380.1035606580243,381.86266335503956,378.39250949469886,381.0263671875,108194400
2023-02-27 00:00:00-05:00,384.3811280100192,385.7461375626413,381.3819851456519,382.32403564453125,80444700
2023-02-28 00:00:00-05:00,381.8434392898417,383.81402149088365,380.8052563009639,380.9110107421875,96438600
2023-03-01 00:00:00-05:00,380.0939202853675,381.32433871048954,378.142552876725,379.4498596191406,99706800
2023-03-02 00:00:00-05:00,377.4697045932603,383.24691925442625,377.13325582336086,382.4010009765625,85127800
2023-03-03 00:00:00-05:00,384.22736466723944,388.7837823723887,383.5737112700418,388.5338439941406,90120000
2023-03-06 00:00:00-05:00,389.36056060676793,391.6676211659376,388.36086565565427,388.80303955078125,72795900
2023-03-07 00:00:00-05:00,388.75491401914974,388.99523033703184,382.22791461153497,382.8431091308594,108310600
2023-03-08 00:00:00-05:00,382.95848712046245,384.2273349889294,381.2281920235724,383.46795654296875,74746600
2023-03-09 00:00:00-05:00,384.2561789471598,385.9288005055939,375.4029338100162,376.3930358886719,111945300
2023-03-10 00:00:00-05:00,375.84516004328316,377.9311189281999,369.4335360708871,370.9619445800781,189253000
2023-03-13 00:00:00-04:00,367.0207168016272,375.2683898395796,365.9056454879313,370.4331970214844,157790000
2023-03-14 00:00:00-04:00,375.3741210898015,378.20986562096294,372.05774388118834,376.5564880371094,149752400
2023-03-15 00:00:00-04:00,370.94274137008466,374.4032735477043,368.8471603783562,374.201416015625,172996900
2023-03-16 00:00:00-04:00,371.8366809364042,381.1128859764341,371.327211458966,380.7668151855469,143254200
2023-03-17 00:00:00-04:00,379.43138394137793,380.56999909987053,374.925128785462,376.31463623046875,140553400
2023-03-20 00:00:00-04:00,377.09622742972954,380.3480800216105,376.39184439630725,379.9331359863281,93055800
2023-03-21 00:00:00-04:00,383.3103308863294,385.40425039458904,381.7085370875222,384.9217834472656,91524200
2023-03-22 00:00:00-04:00,384.7481478831017,388.376279731483,378.3216838515816,378.3602600097656,111746600
2023-03-23 00:00:00-04:00,381.2357131512333,385.2884471202859,376.6619361027595,379.383056640625,119351300
2023-03-24 00:00:00-04:00,378.09975447868356,381.9594906772583,375.745313041757,381.8726501464844,107682400
2023-03-27 00:00:00-04:00,384.15957833002693,384.931543316979,381.6893492666869,382.58673095703125,74010400
2023-03-28 00:00:00-04:00,381.89198862810855,382.5867424134429,379.88493849683937,381.72796630859375,62871700
2023-03-29 00:00:00-04:00,385.9060563665928,387.5175091402753,384.69988883904426,387.2762756347656,77497900
2023-03-30 00:00:00-04:00,389.9201626937426,390.1710549480257,387.67187951037874,389.5438537597656,69840000
2023-03-31 00:00:00-04:00,390.4702141593181,395.3334899911043,390.3640561017006,395.03436279296875,112062600
2023-04-03 00:00:00-04:00,394.51327502786114,396.94489812673964,394.1176485509198,396.5396423339844,67391100
2023-04-04 00:00:00-04:00,397.18613730495184,397.47563517993467,392.95972157826725,394.339599609375,66601500
2023-04-05 00:00:00-04:00,393.60628664996426,394.36859286211103,391.64747153327284,393.3071594238281,65200200
2023-04-06 00:00:00-04:00,392.50618591410193,395.12117821186206,391.4544114056551,394.8413391113281,63743300
2023-04-10 00:00:00-04:00,392.3518104686767,395.32382376153726,391.73426800425153,395.2466125488281,63681000
2023-04-11 00:00:00-04:00,395.87385583944314,396.76157868174016,394.5808477361319,395.352783203125,59297900
2023-04-12 00:00:00-04:00,397.42738819941474,397.7168860870642,393.15273736359126,393.7413330078125,86420400
2023-04-13 00:00:00-04:00,394.83167743693525,399.3282733011196,393.68340364910426,398.97125244140625,85814800
2023-04-14 00:00:00-04:00,398.33434529007945,400.5343933179485,395.6807771690888,397.9966125488281,78161500
2023-04-17 00:00:00-04:00,397.90985115526007,399.4440927674988,396.6747367439795,399.4248046875,66436400
2023-04-18 00:00:00-04:00,401.0072882174601,401.14239312215904,398.30548459798973,399.6853332519531,63560000
2023-04-19 00:00:00-04:00,397.76511153607095,400.52480875839643,397.70721784941026,399.6177978515625,55227300
2023-04-20 00:00:00-04:00,396.7905539322404,399.193259931611,395.8835134974897,397.43707275390625,75840400
2023-04-21 00:00:00-04:00,397.7361908451465,398.208999133114,395.78703455535725,397.745849609375,73457400
2023-04-24 00:00:00-04:00,397.54316416601694,398.58530941572457,396.2019211683217,398.1607360839844,64332100
2023-04-25 00:00:00-04:00,396.182596147338,396.7422743683408,391.7824993811231,391.84039306640625,97766700
2023-04-26 00:00:00-04:00,392.4579541121772,393.5386754708215,389.6210458220118,390.1806945800781,80447000
2023-04-27 00:00:00-04:00,392.7281590569557,398.2186361671352,392.47726678031995,397.9484558105469,92968400
2023-04-28 00:00:00-04:00,397.06066160989485,401.35462946580685,397.0027679286983,401.344970703125,89433100
2023-05-01 00:00:00-04:00,400.90112217868585,402.9757243479049,400.7081236035476,400.9397277832031,62122300
2023-05-02 00:00:00-04:00,400.22568595239403,400.2739503234408,393.5194119627244,396.4335021972656,103998500
2023-05-03 00:00:00-04:00,396.9352787160303,399.3572727392138,393.4711688178537,393.71240234375,91531800
2023-05-04 00:00:00-04:00,392.66057543093643,392.9886494487858,389.5824336944863,390.9237060546875,94901900
2023-05-05 00:00:00-04:00,394.5711802912855,399.21251064978856,394.3106587025835,398.1607360839844,87891800
2023-05-08 00:00:00-04:00,398.4887911219587,398.74931269823855,396.8580503226791,398.266845703125,50046800
2023-05-09 00:00:00-04:00,396.71338435241,397.6397128970804,396.28881096788325,396.5203857421875,49220100
2023-05-10 00:00:00-04:00,399.36692781461454,400.00378785079255,394.5325985771212,398.373046875,96142900
2023-05-11 00:00:00-04:00,397.5045416173842,397.9676910543597,395.59396184752075,397.67822265625,70157100
2023-05-12 00:00:00-04:00,398.923041820046,399.1353284857044,394.72557287711214,397.1571960449219,70481500
2023-05-15 00:00:00-04:00,397.7650986721773,398.9326605786748,395.84488941598204,398.52740478515625,54289400
2023-05-16 00:00:00-04:00,397.417726473918,398.34408437055214,395.8545380135922,395.86419677734375,57705500
2023-05-17 00:00:00-04:00,397.89057133669587,401.2774699124527,396.240542315304,400.6695861816406,87287000
2023-05-18 00:00:00-04:00,400.3511161080979,404.95387019652003,400.1292001314732,404.529296875,97177200
2023-05-19 00:00:00-04:00,405.4364004853655,405.96710249637533,402.7152790765664,403.94073486328125,103793300
2023-05-22 00:00:00-04:00,403.96000211108804,405.6486366872359,402.7152289496702,404.104736328125,60745400
2023-05-23 00:00:00-04:00,402.45469303589124,404.0371990614997,399.1739230541448,399.5695495605469,86383500
2023-05-24 00:00:00-04:00,397.9580918408348,398.3440595499911,395.50715124414705,396.6747131347656,89213700
2023-05-25 00:00:00-04:00,400.1967648529363,401.56698425113296,397.948481325118,400.10992431640625,90961600
2023-05-26 00:00:00-04:00,400.76602216064424,406.0152654358038,400.6888403981192,405.29156494140625,93830000
2023-05-30 00:00:00-04:00,407.23111777674455,407.76181972765335,404.05647649266785,405.44598388671875,72216000
2023-05-31 00:00:00-04:00,403.6126379882085,404.51967840658506,401.62487607920076,403.1977233886719,110811800
2023-06-01 00:00:00-04:00,403.42922817894714,408.0898756082437,402.1748258336311,407.0284423828125,88865000
2023-06-02 00:00:00-04:00,409.6144939735416,413.70580481996393,409.0837920383036,412.9145812988281,91426200
2023-06-05 00:00:00-04:00,413.26190599564785,414.55491393952155,411.41887863945146,412.123291015625,65460200
2023-06-06 00:00:00-04:00,411.70845567915006,413.5514539423894,411.05227809471006,413.020751953125,64022200
2023-06-07 00:00:00-04:00,413.416299093552,414.5549140739441,411.16798652558714,411.5925598144531,85373300
2023-06-08 00:00:00-04:00,411.66018977227344,414.5357040524195,410.88825425486164,414.0821838378906,61952800
2023-06-09 00:00:00-04:00,414.88299744160406,416.84181220366423,413.83122295827593,414.8251037597656,85742800
2023-06-12 00:00:00-04:00,415.80942389444124,418.66562064399164,415.08572330453325,418.5884094238281,76104300
2023-06-13 00:00:00-04:00,420.0551058951808,421.994603349192,419.38929903191627,421.3481140136719,95899700
2023-06-14 00:00:00-04:00,421.6858312205728,423.6639342094121,418.38574387055274,421.849853515625,100612100
2023-06-15 00:00:00-04:00,421.0296483104209,428.33420591477267,420.9331784663069,427.0798034667969,110303100
2023-06-16 00:00:00-04:00,429.0730147226843,429.64443703691825,425.15052699072436,425.6250915527344,114165800
2023-06-20 00:00:00-04:00,423.6783584670495,424.56937878552253,421.3345310858184,423.4168395996094,76160400
2023-06-21 00:00:00-04:00,422.4289690630937,423.2328262923549,420.65656392245774,421.24737548828125,76982300
2023-06-22 00:00:00-04:00,420.2885397836048,422.874467164617,419.9495524578209,422.7679443359375,70637200
2023-06-23 00:00:00-04:00,419.3006544152612,421.36360329009193,418.8551442371661,419.57183837890625,92074500
2023-06-26 00:00:00-04:00,419.0003578616643,420.92769970844716,417.61538386680866,417.8575134277344,72823600
2023-06-27 00:00:00-04:00,418.7389427456429,423.05852660175333,418.2837379082009,422.4386901855469,72813700
2023-06-28 00:00:00-04:00,421.35392323417744,423.6686964256791,420.73408682017543,422.6517639160156,75636000
2023-06-29 00:00:00-04:00,422.23525734843753,424.48222704472147,421.8284961877175,424.31756591796875,67882300
2023-06-30 00:00:00-04:00,427.542758817571,430.3127072151387,427.2231311982605,429.3248291015625,104964000
2023-07-03 00:00:00-04:00,428.9761498891222,430.099605137091,428.6952712987132,429.8187561035156,32793400
2023-07-05 00:00:00-04:00,427.99794136005,429.9156183055728,427.98824671850423,429.1795349121094,58418400
2023-07-06 00:00:00-04:00,425.5863211714605,426.24490651683845,423.3006026311988,425.8187561035156,80658300
2023-07-07 00:00:00-04:00,424.8212419223924,428.705010268812,424.50161428998615,424.7437438964844,86134200
2023-07-10 00:00:00-04:00,424.3853383898995,425.99308230255696,423.81391614404225,425.8187561035156,62443500
2023-07-11 00:00:00-04:00,426.5839377782571,429.02459348677553,425.60572474369303,428.5306396484375,64463800
2023-07-12 00:00:00-04:00,432.3369227617404,433.3926042220803,430.9035049555948,431.9785461425781,91924500
2023-07-13 00:00:00-04:00,433.7993604938544,436.20129662814134,433.3635449730267,435.4071044921875,72425200
2023-07-14 00:00:00-04:00,436.29815914154455,437.15043046608764,434.3707875167091,435.13592529296875,69815800
2023-07-17 00:00:00-04:00,434.99063152335657,437.70247095755104,434.9421878739544,436.64678955078125,52680200
2023-07-18 00:00:00-04:00,436.317492030114,440.54021761031777,435.88164697449844,439.8913269042969,80668200
2023-07-19 00:00:00-04:00,440.6855470187412,442.0608265336728,439.8138568520883,440.86956787109375,65891700
2023-07-20 00:00:00-04:00,439.87198216766114,440.7726971193373,437.2279164909502,437.9446105957031,70591600
2023-07-21 00:00:00-04:00,439.66857203779847,439.87198216766114,437.9349455110671,437.9446105957031,71275600
2023-07-24 00:00:00-04:00,439.09714473903944,440.7145833337671,438.0608230459974,439.9010314941406,54023400
2023-07-25 00:00:00-04:00,439.6298525277362,442.36105174998073,439.58140887722743,441.10198974609375,55191200
2023-07-26 00:00:00-04:00,440.16256290012274,442.6032186524467,439.1068813802226,441.1698303222656,71052900
2023-07-27 00:00:00-04:00,444.5692659386792,444.97605663564536,437.33443294941236,438.2448425292969,92194400
2023-07-28 00:00:00-04:00,441.5281635177411,443.3683425271831,438.2448720243851,442.5354309082031,80011800
2023-07-31 00:00:00-04:00,443.0100100324472,443.73639884087777,441.69280962360494,443.3780517578125,62040400
2023-08-01 00:00:00-04:00,441.9059038088372,442.8550625330218,441.1504605979434,442.10931396484375,55291500
2023-08-02 00:00:00-04:00,438.9809399885829,439.2424293013425,435.2037243534402,435.95916748046875,93933400
2023-08-03 00:00:00-04:00,433.93503589193,436.59846176003117,433.2861154936017,434.7098388671875,64276100
2023-08-04 00:00:00-04:00,436.53059316769526,438.6419560832141,432.2206746748888,432.7436828613281,100128900
2023-08-07 00:00:00-04:00,434.58386780867363,436.6758710264232,433.8865334027571,436.5209045410156,58357500
2023-08-08 00:00:00-04:00,433.9736993143693,436.5112422778829,431.2521650523819,434.62261962890625,71361300
2023-08-09 00:00:00-04:00,434.89377992203646,435.0584410413958,430.9519032671321,431.717041015625,78789600
2023-08-10 00:00:00-04:00,434.08026054677345,437.47976956144277,430.7001408163222,431.8720397949219,93005500
2023-08-11 00:00:00-04:00,429.9931049607352,432.6371707700478,429.39262829617013,431.6202087402344,68690900
2023-08-14 00:00:00-04:00,430.7000947107416,434.0027160644531,430.39016176478754,434.0027160644531,47867400
2023-08-15 00:00:00-04:00,432.22068028440344,432.57905690734094,428.3756611915116,428.9471130371094,75707500
2023-08-16 00:00:00-04:00,428.5306071554129,430.19645984639186,425.6928555743393,425.7994079589844,80107200
2023-08-17 00:00:00-04:00,427.27155014496947,427.53303945369214,422.0318624311896,422.55487060546875,95711300
2023-08-18 00:00:00-04:00,419.7268030238674,423.79459201752337,419.3781505964978,422.7582702636719,98852000
2023-08-21 00:00:00-04:00,423.7751635748503,426.25456801870916,421.6153867167136,425.5088195800781,68719000
2023-08-22 00:00:00-04:00,427.29090202930854,427.29090202930854,423.79456510834734,424.3562927246094,64994200
2023-08-23 00:00:00-04:00,425.4216740348195,429.70253803409815,425.27640219751186,429.0826721191406,68441000
2023-08-24 00:00:00-04:00,430.6904485230162,431.203762091387,423.10693291921746,423.1360168457031,88517300
2023-08-25 00:00:00-04:00,424.8695911823325,427.4071043420946,421.3054510122365,426.1189880371094,102325100
2023-08-28 00:00:00-04:00,428.3176100108625,429.44109501251336,426.1190836664413,428.8212585449219,61595400
2023-08-29 00:00:00-04:00,428.7147104628863,435.30065403307907,428.5306895823308,435.019775390625,83081900
2023-08-30 00:00:00-04:00,435.35871532032854,437.4507186105633,434.65168624806546,436.8114929199219,69053900
2023-08-31 00:00:00-04:00,437.43130323274573,438.5741477826128,435.9882203614193,436.1722412109375,66084600
2023-09-01 00:00:00-04:00,438.9034863550366,439.38774554402755,435.523337117232,436.9858093261719,58944100
2023-09-05 00:00:00-04:00,436.540311007373,436.8599090757818,435.02942466122306,435.0971984863281,55166200
2023-09-06 00:00:00-04:00,434.2836346985003,434.39018708961373,429.838138891174,432.1722717285156,70758500
2023-09-07 00:00:00-04:00,429.1601559057676,431.5233430664757,428.81150348377855,430.84539794921875,70355400
2023-09-08 00:00:00-04:00,430.89381655306994,433.0342338731247,430.53546948555345,431.4942932128906,61659700
2023-09-11 00:00:00-04:00,434.12865163508343,434.64196517344953,432.41438481227607,434.3320617675781,60180100
2023-09-12 00:00:00-04:00,432.87929231362625,434.4095383156122,431.36840603835697,431.9494934082031,67565400
2023-09-13 00:00:00-04:00,432.1723074064896,433.61539045037244,431.06818217735463,432.45318603515625,60199300
2023-09-14 00:00:00-04:00,434.9325783074241,436.87928025242013,433.6250725159966,436.18194580078125,83430800
2023-09-15 00:00:00-04:00,434.5908789178783,434.9213331435618,430.48931345860746,430.9266662597656,111848900
2023-09-18 00:00:00-04:00,430.6157045608602,432.48183244197975,430.1394659967776,431.179443359375,55752200
2023-09-19 00:00:00-04:00,430.2559993985934,430.84889492531386,427.59290809982576,430.28515625,66514600
2023-09-20 00:00:00-04:00,431.54872168026867,431.9666464690887,426.1253096194747,426.3294372558594,82562600
2023-09-21 00:00:00-04:00,423.47193386836017,423.7343455427682,419.12738484772433,419.28289794921875,104095800
2023-09-22 00:00:00-04:00,420.31317519118926,421.91686152279107,417.9221944600517,418.34014892578125,100829700
2023-09-25 00:00:00-04:00,417.1251866864549,420.13816022735995,416.6878042505996,420.09930419921875,70874500
2023-09-26 00:00:00-04:00,417.0474225773536,417.75694552801576,413.091641554904,413.9275207519531,96168400
2023-09-27 00:00:00-04:00,415.10362443822106,415.6673632246472,410.43834932710797,414.0928039550781,104705800
2023-09-28 00:00:00-04:00,413.53877864718345,418.1748963964089,412.94588306815257,416.4934387207031,92258300
2023-09-29 00:00:00-04:00,419.5550748773884,419.73001600884464,413.9567213820376,415.482666015625,115111300
2023-10-02 00:00:00-04:00,414.64680648403083,416.57124800501185,412.5474238232593,415.31744384765625,83798600
2023-10-03 00:00:00-04:00,413.13054906663035,415.37571578475433,408.3875031242602,409.7579345703125,103760600
2023-10-04 00:00:00-04:00,410.22451380445284,413.49020038088855,408.7568828162418,412.7418212890625,87453000
2023-10-05 00:00:00-04:00,412.45018810032917,413.4318516223271,409.34974374781166,412.5862731933594,70142700
2023-10-06 00:00:00-04:00,410.1273100617133,419.0302359835289,408.79576419213873,417.48486328125,113273300
2023-10-09 00:00:00-04:00,415.57978989546524,420.7310611548999,415.02580970699125,420.1576232910156,80374400
2023-10-10 00:00:00-04:00,420.78938108166943,424.94926011159197,420.39088432404174,422.344482421875,78607300
2023-10-11 00:00:00-04:00,423.41364596754795,424.3272372952325,421.0226652550823,424.0745544433594,62451700
2023-10-12 00:00:00-04:00,424.68683942970614,425.0658785035944,419.1273722776524,421.4891662597656,81154200
2023-10-13 00:00:00-04:00,422.9956702679193,424.20088940216954,417.8152716398533,419.3898010253906,95143100
2023-10-16 00:00:00-04:00,421.64476326814327,424.87159393209305,421.40177956744395,423.8024597167969,75433200
2023-10-17 00:00:00-04:00,420.66305688946227,425.84348547229143,420.313174633327,423.782958984375,75324700
2023-10-18 00:00:00-04:00,422.004296810028,422.96650259633606,417.0474242949097,418.135986328125,93559800
2023-10-19 00:00:00-04:00,418.8552300497727,420.67274301604505,413.7817302232839,414.4620666503906,121323000
2023-10-20 00:00:00-04:00,414.0247157104838,414.56899671901874,409.262212394168,409.369140625,123919900
2023-10-23 00:00:00-04:00,407.8334870607581,412.5376769009492,406.07428770501764,408.6596374511719,92035100
2023-10-24 00:00:00-04:00,410.7881854768129,412.89729677768196,408.931786683621,411.7406921386719,78564200
2023-10-25 00:00:00-04:00,410.0495212857847,410.0786781386675,405.31617465313394,405.831298828125,94223200
2023-10-26 00:00:00-04:00,404.7622182339897,405.6174958558433,400.0483290003127,400.9716491699219,115156800
2023-10-27 00:00:00-04:00,402.56558309414174,402.9640798283335,397.72533824344663,399.1540832519531,107367700
2023-10-30 00:00:00-04:00,401.95324361315807,404.98567461425614,400.6508548965884,403.92626953125,86562700
2023-10-31 00:00:00-04:00,404.4997467967024,406.7837991071731,402.58503439104294,406.46307373046875,79665200
2023-11-01 00:00:00-04:00,407.4350572007236,411.6143647421685,406.9004752940121,410.7979431152344,98068100
2023-11-02 00:00:00-04:00,414.60788374705487,418.8261063702263,414.58845573140115,418.67059326171875,94938900
2023-11-03 00:00:00-04:00,420.9838389044363,424.0454274860036,420.8574826390445,422.4903259277344,100167800
2023-11-06 00:00:00-05:00,423.24836192202025,423.9092703320981,421.5085906809684,423.4621887207031,67831700
2023-11-07 00:00:00-05:00,423.4621994716184,425.30886932835017,422.3153237318798,424.6673889160156,64256100
2023-11-08 00:00:00-05:00,425.2700231402192,425.7948761919887,422.6652452198862,424.97845458984375,61746000
2023-11-09 00:00:00-05:00,426.1253308443145,426.1642165380997,421.23650040437826,421.6641540527344,83174400
2023-11-10 00:00:00-05:00,423.74410780896307,428.555166852525,421.6544244424177,428.244140625,89462200
2023-11-13 00:00:00-05:00,426.90291894514576,428.9439582296362,426.11565415573483,427.8359680175781,52236100
2023-11-14 00:00:00-05:00,433.79389484093616,437.4289210638544,433.57033918584983,436.1362609863281,97176900
2023-11-15 00:00:00-05:00,437.47755619070045,438.7119323630303,436.204323982573,437.05963134765625,77327600
2023-11-16 00:00:00-05:00,436.612513692767,437.9149026510406,435.54337957445466,437.59417724609375,66665800
2023-11-17 00:00:00-05:00,437.6038458819822,438.7507513076313,436.68052576418063,438.138427734375,83133200
2023-11-20 00:00:00-05:00,437.8857204098918,442.35662577021293,437.8759915717595,441.51104736328125,69936200
2023-11-21 00:00:00-05:00,440.4613575618605,441.38470738571004,439.2755960485925,440.548828125,49244600
2023-11-22 00:00:00-05:00,442.2108387941116,443.57154137515226,441.15143358240533,442.24969482421875,59394900
2023-11-24 00:00:00-05:00,442.2983245913,442.71624938753706,441.9678703574549,442.5218505859375,29737400
2023-11-27 00:00:00-05:00,441.8900657895949,442.70648730503876,441.3360559416218,441.724853515625,50506000
2023-11-28 00:00:00-05:00,441.3360810451993,443.4646203412509,440.7723719885752,442.1622314453125,62115000
2023-11-29 00:00:00-05:00,444.31988791311386,445.45706442412455,441.45269869490653,441.8511657714844,63146000
2023-11-30 00:00:00-05:00,442.69680962338475,443.9408848017652,440.6168552136203,443.5909729003906,79752700
2023-12-01 00:00:00-05:00,442.9787115136022,446.74982326971923,442.38584552507564,446.21527099609375,89183400
2023-12-04 00:00:00-05:00,442.81342805335595,446.2346273092226,441.5887809150275,443.8728332519531,72430900
2023-12-05 00:00:00-05:00,442.482980993305,444.74757569096187,442.1039122401313,443.7853698730469,69793500
2023-12-06 00:00:00-05:00,445.93336352008924,445.96252037504996,441.5596573094173,441.9970397949219,69124700
2023-12-07 00:00:00-05:00,444.0866680393364,446.02080851674197,443.484073297296,445.36962890625,66995400
2023-12-08 00:00:00-05:00,444.6212111977086,447.81888446185815,444.3782275382068,447.2843322753906,83194400
2023-12-11 00:00:00-05:00,446.78864054401777,449.1990491481444,446.5748137350945,449.0240783691406,65002200
2023-12-12 00:00:00-05:00,448.6742406500045,451.17212006092257,447.67314905005793,451.0749206542969,68327600
2023-12-13 00:00:00-05:00,451.45392076971996,457.54797007152996,451.0943096912645,457.2952575683594,93278000
2023-12-14 00:00:00-05:00,459.2391168995005,460.4346071833905,456.0803293229431,458.76287841796875,119026000
2023-12-15 00:00:00-05:00,458.1636814623305,459.3445120086127,456.15338074265475,458.0075378417969,141553700
2023-12-18 00:00:00-05:00,459.61772484302196,461.5694752957874,458.5540244200266,460.5838317871094,70375300
2023-12-19 00:00:00-05:00,461.1303738984737,463.46273025955963,461.05231697495356,463.3846435546875,55761800
2023-12-20 00:00:00-05:00,462.5258502644597,464.41905073476056,456.5339913904281,456.96337890625,102921000
2023-12-21 00:00:00-05:00,459.95926004653603,461.5694780045962,457.5293402486141,461.2962341308594,86667500
2023-12-22 00:00:00-05:00,462.4282225788341,463.91157198973565,460.320358287861,462.2232971191406,67160400
2023-12-26 00:00:00-05:00,462.6331790630877,465.0826056476979,462.5550923668575,464.175048828125,55387000
2023-12-27 00:00:00-05:00,463.9701495554804,465.16071859872636,463.4334300593357,465.01434326171875,68000300
2023-12-28 00:00:00-05:00,465.3753906024884,466.02921033768064,464.77035271690187,465.1899719238281,77158100
2023-12-29 00:00:00-05:00,464.9947873638026,465.5217683364712,461.8817429403466,463.84326171875,122283100
2024-01-02 00:00:00-05:00,460.76932814707965,462.24290951739084,459.13960314046,461.24749755859375,123623700
2024-01-03 00:00:00-05:00,459.08101082809003,459.82268558708614,456.8755528985423,457.4805908203125,103585900
2024-01-04 00:00:00-05:00,457.0023399812352,459.5981715627642,455.7824959926227,456.0069580078125,84232200
2024-01-05 00:00:00-05:00,456.21191228687286,459.09075619444957,455.1774869016725,456.6315612792969,86118900
2024-01-08 00:00:00-05:00,457.1292574663028,463.29679648061466,457.00238891288757,463.1504211425781,74879100
2024-01-09 00:00:00-05:00,460.4862655726299,463.4724415596584,459.97882114615163,462.4477844238281,65931400
2024-01-10 00:00:00-05:00,462.7210460536215,465.9316842003945,462.4380338715852,465.0631408691406,67310600
2024-01-11 00:00:00-05:00,466.0683217976234,466.58553456069586,460.86691909658737,464.8582458496094,77940700
2024-01-12 00:00:00-05:00,466.31222516082903,467.053899879707,463.76520505733885,465.1802062988281,58026400
2024-01-16 00:00:00-05:00,463.79449814902443,465.1119059605971,461.64756060638337,463.4724426269531,85014900
2024-01-17 00:00:00-05:00,460.437486104456,461.3840863262476,458.53451737794865,460.8961486816406,68843900
2024-01-18 00:00:00-05:00,462.5746299698475,465.55103752597205,461.02299191896157,464.9947814941406,91856200
2024-01-19 00:00:00-05:00,466.1268514770496,471.0745466119852,465.04364414171863,470.7915344238281,110834500
2024-01-22 00:00:00-05:00,472.33341405568575,473.51421483133913,471.1330767139442,471.78692626953125,75844900
2024-01-23 00:00:00-05:00,472.333402154428,473.4068411336017,471.2404266096584,473.1628723144531,49945300
2024-01-24 00:00:00-05:00,476.0417162376214,476.978548164265,473.1824088250565,473.68011474609375,81765000
2024-01-25 00:00:00-05:00,475.817252905647,476.529652576822,473.6801134548218,476.25640869140625,72525000
2024-01-26 00:00:00-05:00,475.8270481167824,477.32013617897184,474.80239093382255,475.6513977050781,76641600
2024-01-29 00:00:00-05:00,475.963636023537,479.5646180000114,475.4171482779632,479.418212890625,61322800
2024-01-30 00:00:00-05:00,478.72536880060346,479.7597942015554,478.2862130177268,479.04742431640625,58618400
2024-01-31 00:00:00-05:00,476.8321663361625,477.28106061845324,471.21111529014115,471.23065185546875,126011100
2024-02-01 00:00:00-05:00,472.93843623390336,477.427468426182,472.12844308332853,477.398193359375,91891600
2024-02-02 00:00:00-05:00,477.8372942434172,484.08288967850467,477.49573196105774,482.4239196777344,99228200
2024-02-05 00:00:00-05:00,481.7896387981956,482.45322684265506,478.4033503772612,480.6673583984375,75757100
2024-02-06 00:00:00-05:00,481.6140031321535,482.39472129899326,480.1794651432731,482.06292724609375,55918600
2024-02-07 00:00:00-05:00,484.31713376491945,486.5030847840718,483.4095471530847,486.0834655761719,70556500
2024-02-08 00:00:00-05:00,486.08349349833503,486.67876313703624,485.26376181906494,486.2981872558594,52343600
2024-02-09 00:00:00-05:00,486.8055920858739,489.5477990767194,486.4640298019624,489.1086730957031,63979400
2024-02-12 00:00:00-05:00,489.0794616675323,491.3532381264676,488.1718749593102,488.89404296875,56502300
2024-02-13 00:00:00-05:00,482.59961722906473,485.097855647228,478.8815346699486,482.16046142578125,113099200
2024-02-14 00:00:00-05:00,484.8050879708214,487.0300824146668,482.4727317600331,486.5421447753906,68387800
2024-02-15 00:00:00-05:00,487.24475755676514,490.08455808264773,486.76655843722136,489.8991394042969,61683000
2024-02-16 00:00:00-05:00,489.5966725621618,490.7384300384019,486.7178283814998,487.4595031738281,75532900
2024-02-20 00:00:00-05:00,485.7126498093255,486.3860061409344,482.5215483370468,484.77581787109375,71736700
2024-02-21 00:00:00-05:00,483.4681400096849,485.3710789199038,481.6529965187708,485.2149353027344,59293400
2024-02-22 00:00:00-05:00,491.85091860629063,496.22282088243315,490.88478180969435,495.2567138671875,76402500
2024-02-23 00:00:00-05:00,496.98399282076,497.8232610473495,494.8663601420095,495.5982666015625,61321800
2024-02-26 00:00:00-05:00,496.03738103257336,496.4765368105967,493.65624302388784,493.7831115722656,50386700
2024-02-27 00:00:00-05:00,494.4759766991797,494.92487095326175,492.57300814299754,494.7004089355469,48854500
2024-02-28 00:00:00-05:00,493.1390746728501,494.6321627585008,492.778005560445,494.0466613769531,56506600
2024-02-29 00:00:00-05:00,495.8129543697353,497.4426493891131,493.15857245054144,495.82269287109375,83924800
2024-03-01 00:00:00-05:00,496.70099741172936,500.90698759184596,496.29111670133034,500.47760009765625,76844800
2024-03-04 00:00:00-05:00,499.6774721331723,501.79510491460894,499.64816728327304,499.94091796875,49799300
2024-03-05 00:00:00-05:00,497.9305728239268,498.3794968768046,492.72917089960293,494.94439697265625,72855600
2024-03-06 00:00:00-05:00,498.2331419712469,499.71649154527415,496.1545525173592,497.45245361328125,68382400
2024-03-07 00:00:00-05:00,500.76065530231244,503.444312321391,497.5109739434722,502.3903503417969,58652100
2024-03-08 00:00:00-05:00,503.02473305199794,505.7180990051288,498.7991760778728,499.37493896484375,86532500
2024-03-11 00:00:00-04:00,498.1648377894375,499.53105726392937,496.2325939589306,498.9455261230469,62557200
2024-03-12 00:00:00-04:00,501.0631241419624,504.8983064599404,498.53558121283794,504.31280517578125,73114400
2024-03-13 00:00:00-04:00,504.6349121497578,504.81056257365884,502.0781233751302,503.52239990234375,55104100
2024-03-14 00:00:00-04:00,504.4982050635474,504.654378460411,499.4724832072711,502.5269775390625,110171800
2024-03-15 00:00:00-04:00,499.44831403821377,500.906906313764,497.4024012478183,499.0763244628906,107646300
2024-03-18 00:00:00-04:00,503.15835758943143,504.6071212896662,501.6312645749848,502.0423889160156,88893300
2024-03-19 00:00:00-04:00,501.3473983051708,505.1161675164121,500.33909510581594,504.8323059082031,60755300
2024-03-20 00:00:00-04:00,504.89112356917263,509.638800886851,504.21567502677055,509.5017395019531,69594600
2024-03-21 00:00:00-04:00,512.350388103231,513.0551727931278,510.90156443882734,511.18548583984375,60256100
2024-03-22 00:00:00-04:00,511.09731990824747,511.58677360023546,509.9813511510512,510.2163391113281,79070800
2024-03-25 00:00:00-04:00,508.8360683316894,509.9618357712417,508.65007353074856,508.8067321777344,48512100
2024-03-26 00:00:00-04:00,510.23585186667015,510.5785052830904,507.46558712286134,507.8669128417969,65463700
2024-03-27 00:00:00-04:00,510.7057822180554,512.174143263585,508.53257680183424,512.1349487304688,82999800
2024-03-28 00:00:00-04:00,512.1741707527357,513.5446052867917,511.75324773349064,512.037109375,96294900
2024-04-01 00:00:00-04:00,512.781089157312,513.3194762872985,509.98136853540166,511.1462707519531,62477500
2024-04-02 00:00:00-04:00,507.3089210276351,508.03330288632185,505.58603458115783,507.89630126953125,74230300
2024-04-03 00:00:00-04:00,506.79989829415746,509.9618097488042,506.7509648748843,508.4542541503906,59155800
2024-04-04 00:00:00-04:00,512.4776104224978,512.8202041062084,501.944557459695,502.2480163574219,96858100
2024-04-05 00:00:00-04:00,503.6087005524252,509.4625474298725,503.1681802920817,507.49493408203125,74546500
2024-04-08 00:00:00-04:00,508.19982188899013,509.20806548436997,506.96638895369995,507.7788391113281,48401800
2024-04-09 00:00:00-04:00,509.52125335501194,509.76598018179146,503.50094951713095,508.36614990234375,68049200
2024-04-10 00:00:00-04:00,502.64930285767076,505.27276726014924,501.2886671147105,503.27581787109375,82652800
2024-04-11 00:00:00-04:00,504.8029329149541,508.52276887946033,501.2788903691615,507.0740051269531,70099000
2024-04-12 00:00:00-04:00,503.52057224224995,504.93999985889445,498.3421439610696,500.0748291015625,92561100
2024-04-15 00:00:00-04:00,504.26456872904316,504.43096625601453,492.95817044710765,493.8098449707031,92101400
2024-04-16 00:00:00-04:00,494.28947313511503,495.81656619092587,491.6170453505055,492.9092102050781,73484000
2024-04-17 00:00:00-04:00,495.37608674425394,495.54251414976056,488.59226550978076,489.9920959472656,75910300
2024-04-18 00:00:00-04:00,491.3919594558385,493.49660444266914,488.04408292123793,488.98382568359375,74548100
2024-04-19 00:00:00-04:00,488.90548147354247,489.9039562000147,483.4431618183188,484.71575927734375,102212600
2024-04-22 00:00:00-04:00,487.329477066226,491.78352383666635,484.9801051881098,489.17962646484375,67961000
2024-04-23 00:00:00-04:00,491.19613039401867,495.4152186955436,488.99358884976584,494.9844970703125,64633600
2024-04-24 00:00:00-04:00,495.87527965691265,496.6681921802562,492.51763478656846,494.7495422363281,55928100
2024-04-25 00:00:00-04:00,488.6509375726553,493.6335721318235,486.99658185005006,492.8700256347656,69122400
2024-04-26 00:00:00-04:00,495.66974260530816,499.1252843555603,495.03345880263834,497.5394592285156,64306100
2024-04-29 00:00:00-04:00,499.33084917999474,499.976931619229,496.55075587636594,499.3014831542969,46415400
2024-04-30 00:00:00-04:00,497.83313467029427,498.8120420500729,491.3919372558594,491.3919372558594,77483600
2024-05-01 00:00:00-04:00,490.80456853459987,497.4709251521688,489.3264088866621,489.7962951660156,80242800
2024-05-02 00:00:00-04:00,493.51618118246085,495.2195004467242,489.0132009719936,494.37762451171875,62550200
2024-05-03 00:00:00-04:00,500.37829146215523,501.73895716286734,497.83312634252997,500.50555419921875,72756700
2024-05-06 00:00:00-04:00,502.91363799336517,505.7132986021477,502.4731177477603,505.6741638183594,47264700
2024-05-07 00:00:00-04:00,506.64336319005764,507.63206932446695,505.5567902047804,506.23223876953125,52561300
2024-05-08 00:00:00-04:00,504.39178298266006,506.81945395787113,504.2743188869408,506.28106689453125,42047200
2024-05-09 00:00:00-04:00,506.46714242251056,509.23746724174026,505.8112911588816,509.1982727050781,43643700
2024-05-10 00:00:00-04:00,510.8036679931926,511.6161778645498,508.63052224416674,509.8541564941406,52233200
2024-05-13 00:00:00-04:00,511.5377978533116,511.6454633171765,508.7772720891876,509.9225769042969,36716400
2024-05-14 00:00:00-04:00,510.1184583131571,512.7811177054134,509.580071153197,512.2622680664062,57535900
2024-05-15 00:00:00-04:00,514.7388340623975,518.8991900209113,514.1025204284623,518.6055297851562,59504900
2024-05-16 00:00:00-04:00,518.7034152838155,520.3088376274046,517.3916531865508,517.5385131835938,50244800
2024-05-17 00:00:00-04:00,517.6559557052394,518.3510013823711,516.1973934194888,518.282470703125,59187600
2024-05-20 00:00:00-04:00,518.400044598472,520.3480609362231,518.0084577049123,518.8796997070312,37764200
2024-05-21 00:00:00-04:00,518.1160765100145,520.3088192688843,517.9104844709608,520.1521606445312,33437000
2024-05-22 00:00:00-04:00,519.4572522789621,520.1718355844711,516.4715368155097,518.654541015625,48390000
2024-05-23 00:00:00-04:00,521.718563447193,521.82622893288,513.6523154476542,514.8662109375,57211200
2024-05-24 00:00:00-04:00,516.7162769685657,519.0852760314796,515.7667654147743,518.2727661132812,41291100
2024-05-28 00:00:00-04:00,519.0852065742038,519.3201347726647,515.9918259671035,518.6348876953125,36269600
2024-05-29 00:00:00-04:00,514.5920494378546,516.1876733248712,514.2885905251699,515.003173828125,45190300
2024-05-30 00:00:00-04:00,513.4565079924353,514.1221578280299,510.33379112165585,511.5867614746094,46377600
2024-05-31 00:00:00-04:00,512.5460387687143,516.3735395692113,507.42631356783096,516.2462768554688,90785800
2024-06-03 00:00:00-04:00,517.8615954221938,518.1454570499837,511.5769670953754,516.6672973632812,46835700
2024-06-04 00:00:00-04:00,515.3555282041269,517.9887910753831,513.8871673409229,517.2448120117188,34632700
2024-06-05 00:00:00-04:00,519.5746920651516,523.411992286524,517.577682760377,523.3923950195312,47610400
2024-06-06 00:00:00-04:00,523.6958258756584,524.1265474920779,521.4443509593684,523.382568359375,30808500
2024-06-07 00:00:00-04:00,522.4037454552046,525.5656572802073,521.3073738449024,522.7463989257812,43224500
2024-06-10 00:00:00-04:00,521.9339007520192,524.6846284743783,521.3367815083941,524.361572265625,35686100
2024-06-11 00:00:00-04:00,522.8050098767842,525.6829996240797,520.8275980833798,525.624267578125,36383400
2024-06-12 00:00:00-04:00,530.2056082912144,532.6430781044711,528.9036447482033,529.9412841796875,63251300
2024-06-13 00:00:00-04:00,531.6936089856242,531.8698051580913,528.2087008298147,531.0083618164062,44760900
2024-06-14 00:00:00-04:00,529.4713511785463,531.3606349764045,528.4630480454178,531.331298828125,40089900
2024-06-17 00:00:00-04:00,530.6461064563005,536.9600707352853,530.1859889386527,535.5601806640625,55839500
2024-06-18 00:00:00-04:00,535.618934894809,537.0481611765176,535.1980118918142,536.9208984375,41376400
2024-06-20 00:00:00-04:00,537.8508777255481,538.5165275797466,533.6807226924603,535.4623413085938,70328200
2024-06-21 00:00:00-04:00,534.636494014271,535.8640759164524,533.2812387990208,534.7445068359375,64338600
2024-06-24 00:00:00-04:00,534.5676749075179,537.1406814551851,532.8883214982557,533.0061645507812,45528700
2024-06-25 00:00:00-04:00,534.2337544994542,535.4220752279302,532.7115650972021,535.0587158203125,37936200
2024-06-26 00:00:00-04:00,533.9391352589275,536.4433900198844,533.2909984741738,535.7265014648438,38550600
2024-06-27 00:00:00-04:00,535.589040487199,537.1505509580609,534.8426611396433,536.5711059570312,35041500
2024-06-28 00:00:00-04:00,537.3468693543182,540.4109684989184,533.2124124479245,534.4595947265625,76144500
2024-07-01 00:00:00-04:00,535.8442866316137,536.0898029530387,532.7900779788093,535.5595092773438,40297800
2024-07-02 00:00:00-04:00,533.9489922304165,539.1637573242188,533.8999009464727,539.1637573242188,40434800
2024-07-03 00:00:00-04:00,538.8494837936086,541.9331836330194,538.8102227549504,541.56982421875,32789900
2024-07-05 00:00:00-04:00,541.8742262180542,545.0953694497009,541.2358597539028,544.6927490234375,41488400
2024-07-08 00:00:00-04:00,545.4783931483458,546.273863702814,544.2508114321598,545.3212890625,36110500
2024-07-09 00:00:00-04:00,546.2838568960798,547.1873405253458,545.5571378938093,545.8517456054688,27289700
2024-07-10 00:00:00-04:00,547.0791519482386,551.5966285839402,546.7845443312167,551.2529296875,38701200
2024-07-11 00:00:00-04:00,551.3708220113514,552.2448746370588,545.8614492888662,546.499755859375,53054200
2024-07-12 00:00:00-04:00,547.6291782325719,553.5608321512885,547.1578059832891,549.9468383789062,53084400
2024-07-15 00:00:00-04:00,551.9503223190923,554.709924079379,549.5933410549901,551.4592895507812,40584300
2024-07-16 00:00:00-04:00,552.7750698341409,555.0239777080099,552.0188604006079,554.7293701171875,36475300
2024-07-17 00:00:00-04:00,548.7781042114635,550.4574575343235,546.627378702753,546.9514770507812,57119000
2024-07-18 00:00:00-04:00,548.4934101354552,549.4853058775749,540.5583041390183,542.748291015625,56270400
2024-07-19 00:00:00-04:00,542.5125813182824,544.1428435386215,538.0834565302354,539.1441040039062,65509100
2024-07-22 00:00:00-04:00,543.0822047176163,545.3115125146927,541.1377342686712,544.70263671875,43346700
2024-07-23 00:00:00-04:00,544.5944638008868,546.7550194248576,543.3571118867343,543.84814453125,34439600
2024-07-24 00:00:00-04:00,539.0163565377113,539.3207943889454,530.6000495620024,531.523193359375,74515300
2024-07-25 00:00:00-04:00,531.6411201045629,537.6415857024604,527.8111007222136,528.7538452148438,61158300
2024-07-26 00:00:00-04:00,532.5543636139134,537.3762775367582,531.778493717496,534.6755981445312,53763800
2024-07-29 00:00:00-04:00,536.2274023059714,537.2388985619386,532.9865383315928,534.989990234375,39515800
2024-07-30 00:00:00-04:00,536.463149950623,537.5237975537062,528.8619719996664,532.279541015625,46853600
2024-07-31 00:00:00-04:00,539.1342001655225,543.5731545926626,537.7593446818978,540.931396484375,65663400
2024-08-01 00:00:00-04:00,542.659905480717,544.9186439967344,529.7555512584067,533.2713623046875,76428700
2024-08-02 00:00:00-04:00,526.1416363743401,527.3593881074288,519.1198434759149,523.3427734375,82789100
2024-08-05 00:00:00-04:00,502.46399742687476,514.189861675624,501.1185425419697,508.1010437011719,146267400
2024-08-06 00:00:00-04:00,509.90795711875484,520.2491343271334,508.58219283381527,512.7854614257812,84826300
2024-08-07 00:00:00-04:00,518.9920295582846,522.0561284940978,508.75892573346465,509.35797119140625,70698300
2024-08-08 00:00:00-04:00,514.513885136989,521.7615329757872,512.4810623968182,521.133056640625,63276600
2024-08-09 00:00:00-04:00,520.3080694804698,524.9237888690128,519.0804877250338,523.4310302734375,45619600
2024-08-12 00:00:00-04:00,524.6292597384992,526.1219586169184,521.4277164507776,523.7061157226562,42542100
2024-08-13 00:00:00-04:00,526.9076558162741,532.5545327020171,526.6621394299374,532.3187866210938,52333100
2024-08-14 00:00:00-04:00,533.1141031284579,535.186306384617,530.4330841460311,533.9979858398438,42446900
2024-08-15 00:00:00-04:00,539.644898487546,543.4356562731828,539.036022778579,543.15087890625,60846800
2024-08-16 00:00:00-04:00,541.530469041351,545.0659403343901,541.3733649561221,544.36865234375,44430700
2024-08-19 00:00:00-04:00,544.7811849166917,549.5736694335938,543.9267927123752,549.5736694335938,39121800
2024-08-20 00:00:00-04:00,549.1218730431605,550.7815659083177,547.3345068852593,548.679931640625,33732300
2024-08-21 00:00:00-04:00,549.7308200651719,552.0288197515467,544.7811716197107,550.5655517578125,41514600
2024-08-22 00:00:00-04:00,552.4707057383962,553.0795814875313,545.0266332673548,546.244384765625,56121500
2024-08-23 00:00:00-04:00,549.4951156938582,552.9912663344013,547.2952387130678,552.0484619140625,50639400
2024-08-26 00:00:00-04:00,553.0795725146759,553.7964610598141,549.0236377073744,550.732421875,35788600
2024-08-27 00:00:00-04:00,549.4557648759409,551.9796801643517,548.3067651332959,551.4886474609375,32693900
2024-08-28 00:00:00-04:00,551.1448919469273,551.5770030791783,545.0855058518715,548.2870483398438,41066000
2024-08-29 00:00:00-04:00,550.2611126158587,553.570668523791,547.1872428351764,548.3362426757812,38715200
2024-08-30 00:00:00-04:00,550.7129551747227,554.0814330478552,547.1480521901027,553.5707397460938,62700100
2024-09-03 00:00:00-04:00,550.4181945160806,550.7521231432277,539.6547955357257,542.1787109375,60600100
2024-09-04 00:00:00-04:00,540.3324206417021,544.486538299349,539.6057018017893,541.0689697265625,47224900
2024-09-05 00:00:00-04:00,541.0100633006934,543.8678474559043,537.2879967926923,539.7529907226562,44264300
2024-09-06 00:00:00-04:00,540.0771504034739,541.7073529013186,529.765461757328,530.6689453125,68493800
2024-09-09 00:00:00-04:00,534.8819058967794,537.8870234085998,532.947206027845,536.6102905273438,40445800
2024-09-10 00:00:00-04:00,538.5254119078065,539.3012819984793,533.6347450012723,538.9476928710938,36394600
2024-09-11 00:00:00-04:00,538.8592992301786,545.3998284478084,530.2760571886295,544.4766845703125,75248600
2024-09-12 00:00:00-04:00,545.0560839490253,549.3673650982907,542.826776487141,549.0629272460938,51819600
2024-09-13 00:00:00-04:00,549.6718037364791,552.9322678030146,549.4164571619145,551.9305419921875,39310500
2024-09-16 00:00:00-04:00,551.6654805282824,553.010905507425,549.8585135220794,552.7457885742188,36656100
2024-09-17 00:00:00-04:00,554.9651804135709,556.4186780878246,550.73248057987,552.9716186523438,49321000
2024-09-18 00:00:00-04:00,553.6295424523687,558.4907782007374,550.771758494403,551.33154296875,59044900
2024-09-19 00:00:00-04:00,560.769175792154,562.6056333019461,557.8917313519955,560.7396850585938,75315500
2024-09-20 00:00:00-04:00,559.3665303523799,560.8145656669737,556.7363296850394,559.7703857421875,77503100
2024-09-23 00:00:00-04:00,560.844157105768,561.8193743965802,559.6226102686882,561.169189453125,44116900
2024-09-24 00:00:00-04:00,561.9670704323123,562.8339435617671,559.1300420312542,562.7748413085938,46805700
2024-09-25 00:00:00-04:00,562.6171906854096,563.3559988273566,560.420426925455,561.5335693359375,38428600
2024-09-26 00:00:00-04:00,565.8089271560161,566.1340196278296,561.3957983542562,563.7599487304688,48336000
2024-09-27 00:00:00-04:00,564.8337142422162,565.651285439919,561.908002221962,562.9423217773438,42100900
2024-09-30 00:00:00-04:00,561.9079345557661,565.8088634048895,559.6028866955652,565.1981201171875,63557400
2024-10-01 00:00:00-04:00,564.8435265029814,565.4936512718724,557.5539281278881,560.1348266601562,72668800
2024-10-02 00:00:00-04:00,559.2385345053339,561.3958572731079,556.8349422897517,560.371337890625,38097800
2024-10-03 00:00:00-04:00,558.8937053770586,561.297297524576,557.0516147695683,559.3468627929688,40846500
2024-10-04 00:00:00-04:00,563.8092058002762,564.804143911743,559.6226255139783,564.4298095703125,42939100
2024-10-07 00:00:00-04:00,562.7749206488743,563.4251056498125,558.1746242759516,559.3271484375,49964700
2024-10-08 00:00:00-04:00,561.9080405471897,565.2179475242848,561.0313670329389,564.6170043945312,37398700
2024-10-09 00:00:00-04:00,564.6071207773316,569.0892725126486,564.0062377966648,568.5277709960938,37912200
2024-10-10 00:00:00-04:00,567.1782843584319,568.9612728349974,565.9173558697948,567.5328979492188,44138100
2024-10-11 00:00:00-04:00,567.4539823983677,571.6701437051296,567.3160570940822,570.9313354492188,42268000
2024-10-14 00:00:00-04:00,572.5468698259319,576.5364828744649,572.0641913408873,575.6006469726562,36217200
2024-10-15 00:00:00-04:00,575.8665780927906,576.1719497636773,569.9068101256781,571.1283569335938,54203600
2024-10-16 00:00:00-04:00,571.1283629185417,574.1328378005626,570.3205920106161,573.6107177734375,30725400
2024-10-17 00:00:00-04:00,577.1668473429936,577.3737353042621,573.4728059770134,573.6599731445312,34393700
2024-10-18 00:00:00-04:00,575.3543175241635,576.6546272535265,573.8865614270069,575.8665771484375,37416800
2024-10-21 00:00:00-04:00,575.1375866701346,576.1226643625554,571.936084169767,574.9208984375,36439000
2024-10-22 00:00:00-04:00,572.3794546970378,575.7779851974158,571.7194693931431,574.6156005859375,34183800
2024-10-23 00:00:00-04:00,572.5862745943635,573.0295715850681,565.8483166590198,569.3650512695312,49314600
2024-10-24 00:00:00-04:00,571.3253834738008,571.4042065299044,567.966294746531,570.596435546875,34979900
2024-10-25 00:00:00-04:00,572.8325874351422,575.7385789007061,569.4537778766561,570.3994140625,47268200
2024-10-28 00:00:00-04:00,573.8866057690544,574.0146706850179,571.8573480325817,572.1627197265625,30174700
2024-10-29 00:00:00-04:00,571.1972307374274,574.2115658329249,569.7984373596124,573.088623046875,42899700
2024-10-30 00:00:00-04:00,572.615787609554,574.6155241758808,570.645632233565,571.3549194335938,41435800
2024-10-31 00:00:00-04:00,566.9713229521994,567.0402856066526,559.957574484397,560.1546020507812,60182500
2024-11-01 00:00:00-04:00,562.7945884035815,566.9614477579651,562.1050220014198,562.5187377929688,45667500
2024-11-04 00:00:00-05:00,562.6566193804057,563.9569290343258,559.4157357037399,561.3070678710938,38217000
2024-11-05 00:00:00-05:00,562.2232752144567,568.1337418174742,562.0065869653796,568.0943603515625,39478300
2024-11-06 00:00:00-05:00,580.4077666623799,583.0970094221752,576.6546231997903,582.2202758789062,68182000
2024-11-07 00:00:00-05:00,584.2298916492671,587.7466262080364,584.1510685994552,586.7221069335938,47233200
2024-11-08 00:00:00-05:00,587.2737347167168,590.6919854789882,587.2737347167168,589.2636108398438,46444900
2024-11-11 00:00:00-05:00,590.8593926970449,591.2140062031049,588.0913270467408,589.8250732421875,37586800
2024-11-12 00:00:00-05:00,589.7462657959629,590.3471487178498,585.5005836337616,587.9928588867188,43006100
2024-11-13 00:00:00-05:00,588.4558712273305,590.2881013518266,586.0818603831444,588.278564453125,47388600
2024-11-14 00:00:00-05:00,588.406700922837,588.8893794431573,583.8064042580049,584.4959106445312,38904100
2024-11-15 00:00:00-05:00,580.9200070517927,581.3928852443048,575.1474660138925,577.00927734375,75988800
2024-11-18 00:00:00-05:00,577.4722820828334,580.6935057455166,576.6054689287176,579.37353515625,37001700
2024-11-19 00:00:00-05:00,575.9848429931217,582.2203419709091,575.3149973262474,581.4913940429688,49412000
2024-11-20 00:00:00-05:00,581.5702110064499,581.9740664321081,575.9060139035164,581.6884155273438,50032600
2024-11-21 00:00:00-05:00,584.5451050737219,586.2394097822103,578.6838809961135,584.81103515625,46750300
2024-11-22 00:00:00-05:00,584.8011664791351,587.2540603121174,584.2988273861976,586.6235961914062,38226400
2024-11-25 00:00:00-05:00,590.5738204551704,591.8937909448966,586.3182774428572,588.613525390625,42441400
2024-11-26 00:00:00-05:00,589.8645816922582,592.3568574158614,589.1454941294314,591.68701171875,45621300
2024-11-27 00:00:00-05:00,591.4997242855515,591.883858859544,588.3671846956962,589.89404296875,34000200
2024-11-29 00:00:00-05:00,590.7117045866185,594.3466439350991,590.4359140778026,593.55859375,30177400
2024-12-02 00:00:00-05:00,593.9722515940274,595.3021425181648,593.4797127608734,594.6224365234375,31746000
2024-12-03 00:00:00-05:00,594.3860548690404,595.1445238224464,593.3517352966707,594.8982543945312,26906600
2024-12-04 00:00:00-05:00,596.5926087018526,598.8385545797807,595.9227630847732,598.59228515625,42787600
2024-12-05 00:00:00-05:00,598.5923165152608,599.4000874816838,597.2526252109184,597.6072387695312,28762200
2024-12-06 00:00:00-05:00,598.3756383425828,599.9813199050982,597.9619225172376,598.7401123046875,31241500
2024-12-09 00:00:00-05:00,598.6218315882949,598.7892779517493,595.0657157488416,595.65673828125,34742700
2024-12-10 00:00:00-05:00,596.3364664061719,596.7600425908593,593.1448243638806,593.8048095703125,37234500
2024-12-11 00:00:00-05:00,596.740462242854,599.3508823544095,596.464611597443,598.3953857421875,28677700
2024-12-12 00:00:00-05:00,597.5283752383234,598.0996769451116,595.3119506835938,595.3119506835938,31543800
2024-12-13 00:00:00-05:00,597.3511703289549,598.0702578450652,593.8147147595496,595.19384765625,35904700
2024-12-16 00:00:00-05:00,596.9571007701239,598.7105679786196,596.1789110129041,597.7352905273438,43695200
2024-12-17 00:00:00-05:00,595.1740382622843,596.1393950716445,593.8934494056226,595.2725219726562,55773500
2024-12-18 00:00:00-05:00,594.9671989364094,597.3609304879477,577.1471773446116,577.5313720703125,108248700
2024-12-19 00:00:00-05:00,582.5355221203287,584.1510639445604,577.1077344863745,577.35400390625,85919500
2024-12-20 00:00:00-05:00,575.0175026728227,588.8352196171104,574.1674387147792,584.2886352539062,125716700
2024-12-23 00:00:00-05:00,584.0316546408188,588.3904419763173,580.8391036798633,587.7875366210938,57635800
2024-12-24 00:00:00-05:00,589.1416302251183,594.3603751171399,588.5584517113257,594.32080078125,33160100
2024-12-26 00:00:00-05:00,592.5417425072483,595.4871350336715,591.138241009476,594.3604125976562,41219100
2024-12-27 00:00:00-05:00,590.6044241129971,590.8416891446476,583.9031498920888,588.1038208007812,64969300
2024-12-30 00:00:00-05:00,581.0665128281782,584.8718026484725,577.6268633515982,581.3926391601562,56578800
2024-12-31 00:00:00-05:00,583.0629066605094,583.7844745956663,577.6366385699235,579.2774047851562,57052700
2025-01-02 00:00:00-05:00,582.5490544849214,584.268848917565,573.7622248829753,577.8541870117188,50204000
2025-01-03 00:00:00-05:00,580.7106648081768,585.7217650639146,579.6233961313516,585.079345703125,37888500
2025-01-06 00:00:00-05:00,589.3491785436146,592.7393596690575,586.7101255067332,588.44970703125,47679400
2025-01-07 00:00:00-05:00,590.485743490446,590.8119300798394,579.9692875636829,581.7977905273438,60393100
2025-01-08 00:00:00-05:00,581.867018332763,583.7252021495292,578.4076425523384,582.6478271484375,47304700
2025-01-10 00:00:00-05:00,579.0797727939155,579.148967552338,571.8348342474784,573.7523193359375,73105000
2025-01-13 00:00:00-05:00,569.0871420731995,574.9977137931114,568.6719735158341,574.6419067382812,47910100
2025-01-14 00:00:00-05:00,577.5774134567713,578.2099995586356,571.6371609030458,575.4326171875,48420600
2025-01-15 00:00:00-05:00,583.4781439602939,587.0462287462195,582.3612548768964,585.8997192382812,56900200
2025-01-16 00:00:00-05:00,587.2734912712623,587.4513947839769,584.0711073889483,584.7728881835938,43319700
2025-01-17 00:00:00-05:00,590.0311830207747,592.4032903303786,588.6968161028142,590.6439819335938,58070600
2025-01-21 00:00:00-05:00,593.6980955549004,596.0603696579795,591.7213092581105,596.0504760742188,42532900
2025-01-22 00:00:00-05:00,598.8872003053638,600.7651715456991,598.3337025176967,599.4011840820312,48196000
2025-01-23 00:00:00-05:00,598.7686250834264,602.6727905273438,598.4919063404184,602.6727905273438,41152100
2025-01-24 00:00:00-05:00,602.7319999441287,603.6907726306447,599.7569270310084,600.913330078125,34604700
2025-01-27 00:00:00-05:00,587.9060770060557,592.7294399928927,587.738067076367,592.4131469726562,70361100
2025-01-28 00:00:00-05:00,593.6487213775014,598.3435890966371,590.3178411060637,597.5034790039062,44433300
2025-01-29 00:00:00-05:00,596.7126945442042,597.1179695261326,592.2649252873389,594.8248901367188,37177400
2025-01-30 00:00:00-05:00,596.9499128814751,599.5592247930683,593.747468592595,598.017333984375,39281300
2025-01-31 00:00:00-05:00,600.4488437325783,602.880312619884,594.0736957955036,594.8347778320312,66566900
2025-02-03 00:00:00-05:00,585.7909458950113,593.3224968021361,583.6362560871698,590.831787109375,65857200
2025-02-04 00:00:00-05:00,590.8911228856247,595.3092115270962,590.3475186916722,594.7952880859375,33457800
2025-02-05 00:00:00-05:00,593.668444292325,597.35513123978,591.6323569254649,597.2068481445312,30653100
2025-02-06 00:00:00-05:00,598.9564061147885,599.4110887199739,595.6354193275449,599.2825927734375,35771500
2025-02-07 00:00:00-05:00,599.8458969203407,601.0714946997704,593.0852616403969,593.7969360351562,50788500
2025-02-10 00:00:00-05:00,597.0191605249602,598.4720695404235,595.7440947156747,597.82958984375,26048700
2025-02-11 00:00:00-05:00,595.5562660424524,598.8278448766438,595.4376636934635,598.2842407226562,30056700
2025-02-12 00:00:00-05:00,592.2451836255683,597.5330628123784,591.5631899435128,596.3568725585938,45076100
2025-02-13 00:00:00-05:00,597.4639504182094,602.8605994430849,596.1988383900767,602.6530151367188,40921300
2025-02-14 00:00:00-05:00,602.8604957096632,603.8982964094444,602.0005985304107,602.623291015625,26910400
2025-02-18 00:00:00-05:00,603.7895507730377,604.3924560546875,601.3185681498265,604.3924560546875,26749000
2025-02-19 00:00:00-05:00,602.9989603508419,606.1123628380831,602.4849765652367,605.8158569335938,31011100
2025-02-20 00:00:00-05:00,604.4419808070575,604.5803703391965,599.974484380483,603.2954711914062,36554000
2025-02-21 00:00:00-05:00,603.0779110877393,603.216300601011,592.5119863702242,592.9765625,76519800
2025-02-24 00:00:00-05:00,595.0324891561768,596.0307759330515,589.5666458438759,590.2783203125,50737200
2025-02-25 00:00:00-05:00,590.2190314712642,590.9504327968516,582.7171004383193,587.3427734375,58266500
2025-02-26 00:00:00-05:00,589.0131632782663,592.620822655363,584.9903956410146,587.6392822265625,43321600
2025-02-27 00:00:00-05:00,589.9224264999975,591.0788899188873,577.8640783507352,578.2593994140625,74196700
2025-02-28 00:00:00-05:00,578.7635029554216,587.8171578604871,575.6797210871997,587.283447265625,88744100
2025-03-03 00:00:00-05:00,589.2601945949107,590.4067643806418,573.1691862018861,576.9942626953125,74249200
2025-03-04 00:00:00-05:00,572.9813852396189,578.5954508037184,565.6079510021611,570.1644287109375,109648200
2025-03-05 00:00:00-05:00,569.9964212260836,578.0913631561872,566.4283366011412,576.29248046875,71230500
2025-03-06 00:00:00-05:00,568.800429877349,573.4359958315716,563.5026574515875,566.0626220703125,80094900
2025-03-07 00:00:00-05:00,564.2736590980126,570.6883208259039,559.0648080255879,569.2353515625,81158800
2025-03-10 00:00:00-04:00,561.0021324297065,562.9294509409499,549.1414138289008,554.073486328125,99326600
2025-03-11 00:00:00-04:00,552.907117228081,557.473488465779,545.612771416854,549.4674682617188,88102100
2025-03-12 00:00:00-04:00,555.6449248680879,556.574016783005,547.2633707942651,552.3832397460938,69588200
2025-03-13 00:00:00-04:00,552.00772273254,552.6205217060727,543.2999808309211,545.019775390625,74079400
2025-03-14 00:00:00-04:00,549.6553412256178,557.2857682834866,545.0889693576626,556.277587890625,62660300
2025-03-17 00:00:00-04:00,556.2576991545186,563.0974224498057,555.8228038023716,560.567138671875,49008700
2025-03-18 00:00:00-04:00,558.244456671408,558.4619345411708,552.571089463648,554.5083618164062,66041400
2025-03-19 00:00:00-04:00,556.2972851708735,564.3230320254004,555.1112014285828,560.54736328125,66556000
2025-03-20 00:00:00-04:00,556.7915499004863,563.9475069089323,556.0699818531248,558.9264526367188,62958200
2025-03-21 00:00:00-04:00,554.4514658625183,560.0130172119408,553.2122577806573,559.11083984375,83763000
2025-03-24 00:00:00-04:00,565.8719462913679,570.1844265679264,565.2771506364932,569.1236572265625,58766800
2025-03-25 00:00:00-04:00,570.3331077369899,571.4335099767462,568.7370222712309,570.4917602539062,38355700
2025-03-26 00:00:00-04:00,570.2240241043976,571.3541962868256,562.2930931538029,563.6810302734375,51848300
2025-03-27 00:00:00-04:00,562.2831944691987,565.971108987233,560.062543386952,562.18408203125,42164200
2025-03-28 00:00:00-04:00,560.6475137101825,561.3811152230641,550.2777985606353,550.8626708984375,71662700
2025-03-31 00:00:00-04:00,545.0830251203251,555.869096797962,542.1485586831927,554.5604858398438,95328200
2025-04-01 00:00:00-04:00,552.6372015020189,558.0797932554686,548.8997308809147,556.1267700195312,54609600
2025-04-02 00:00:00-04:00,550.2579079318416,562.5211054527999,550.019989677278,559.6461791992188,76014500
2025-04-03 00:00:00-04:00,540.4037717910755,543.2390654249921,532.06640625,532.06640625,125986000
2025-04-04 00:00:00-04:00,519.1488461365848,521.3298644038904,500.69953122991006,500.9176330566406,217965100
2025-04-07 00:00:00-04:00,484.9665325599909,518.653143533525,477.6403203280687,500.025390625,256611400
2025-04-08 00:00:00-04:00,517.3544895320528,520.4475480659574,484.93682423959376,492.1936340332031,165816600
2025-04-09 00:00:00-04:00,489.17988772825765,543.8834838867188,488.7932402716448,543.8834838867188,241867300
2025-04-10 00:00:00-04:00,527.5755247234605,528.8940591891369,504.9228230551959,520.0510864257812,162331200
2025-04-11 00:00:00-04:00,518.4945722506925,531.7986929533369,515.5799524923516,529.3302001953125,97866300
2025-04-14 00:00:00-04:00,539.3528832417228,539.580938661594,529.2508571038156,534.4654541015625,68034000
2025-04-15 00:00:00-04:00,535.0106570692674,538.5399188279399,532.175363851926,532.9684448242188,56892900
2025-04-16 00:00:00-04:00,527.0897499812648,533.2461579222,515.7980706703437,521.1217041015625,83484800
2025-04-17 00:00:00-04:00,523.0845951885916,526.5840872057769,519.3867572764926,521.8651733398438,79868100
2025-04-21 00:00:00-04:00,516.6604751455176,517.1958517151049,504.0701402922449,509.443359375,69368100
2025-04-22 00:00:00-04:00,515.6493966065633,524.7302873126982,514.7075863102422,522.697998046875,75948100
2025-04-23 00:00:00-04:00,535.7641184612734,540.7209502963145,529.2706808590098,530.79736328125,90590700
2025-04-24 00:00:00-04:00,532.086198348384,542.7037553366079,530.8272040401201,541.9701538085938,64150400
2025-04-25 00:00:00-04:00,541.9304442378503,546.2924199116221,538.9959780328687,545.885986328125,61119600
2025-04-28 00:00:00-04:00,546.6295538469604,548.770878725811,540.3145544882295,546.0941772460938,47613800
2025-04-29 00:00:00-04:00,544.1708540710082,550.6544284573699,543.8139767217216,549.5341796875,47775100
2025-04-30 00:00:00-04:00,542.8425846178815,551.7153272696712,536.8448291409326,549.7523803710938,93101500
2025-05-01 00:00:00-04:00,555.5319968692943,559.2000647311057,553.0436574695955,553.6483764648438,63186100
2025-05-02 00:00:00-04:00,559.8543184862792,563.4728299899488,557.52463168794,561.8668212890625,60717300
2025-05-05 00:00:00-04:00,557.7130106117388,561.7578025218996,556.850526672483,558.6448974609375,38659200
2025-05-06 00:00:00-04:00,553.1130409863903,558.486229861133,552.151444635027,553.9755249023438,48264700
2025-05-07 00:00:00-04:00,555.3139314189718,558.9522292842823,551.239369394788,556.3052978515625,55588000
2025-05-08 00:00:00-04:00,560.3599572530266,565.3861923682981,556.850541835946,560.1815185546875,65130800
2025-05-09 00:00:00-04:00,561.5892516710271,562.6004648206437,557.9013974918248,559.4677734375,37603400
2025-05-12 00:00:00-04:00,576.4498296839446,577.9666494201874,572.0580835025086,577.9567260742188,78993600
2025-05-13 00:00:00-04:00,578.3730584556538,583.9941496422729,577.8080328415324,581.7734985351562,67947200
2025-05-14 00:00:00-04:00,582.7351003798474,583.8949821637985,580.4846792150129,582.5170288085938,66283500
2025-05-15 00:00:00-04:00,580.5045239452851,585.8677897044162,580.0484736048338,585.3622436523438,71268100
2025-05-16 00:00:00-04:00,586.1454032115668,589.3673441171694,584.1924403834937,589.0699462890625,76052100
2025-05-19 00:00:00-04:00,583.0225710566098,590.3983396880136,583.0225710566098,589.7142944335938,68168500
2025-05-20 00:00:00-04:00,587.9695461543464,588.9212192076606,584.5096264657933,587.7315673828125,60614500
2025-05-21 00:00:00-04:00,583.3597230362551,587.4639949903343,576.7968814516564,577.827880859375,95197700
2025-05-22 00:00:00-04:00,577.629506378804,581.5553390131786,576.3902984080268,578.0558471679688,70860400
2025-05-23 00:00:00-04:00,571.0072475595028,576.7869310981343,570.6305234552773,574.1102294921875,76029000
2025-05-27 00:00:00-04:00,581.0101669642168,586.2049176986301,573.4361124467979,586.0463256835938,72588500
2025-05-28 00:00:00-04:00,586.452712017421,587.6522871583933,581.9221602554891,582.65576171875,68445500
2025-05-29 00:00:00-04:00,587.9397721452495,588.0785779673218,581.0101304856973,584.9557495117188,69973300
2025-05-30 00:00:00-04:00,583.8454023131852,586.026420478472,578.2045251191539,584.3014526367188,90601200
2025-06-02 00:00:00-04:00,582.6855584091887,587.6721002233023,580.008856873824,587.5928344726562,61630500
2025-06-03 00:00:00-04:00,587.226040295674,591.9251076728165,586.7402198994458,590.9436645507812,63606200
2025-06-04 00:00:00-04:00,591.8061095833268,592.7875526407612,590.3487695069823,590.7849731445312,57314200
2025-06-05 00:00:00-04:00,592.4702844558809,593.8284515327539,585.9470768439928,587.9298095703125,92278700
2025-06-06 00:00:00-04:00,593.4913881340742,595.6426968087642,591.7069406984755,593.96728515625,66588700
2025-06-09 00:00:00-04:00,594.5422573867003,596.0590770966814,593.322896017802,594.5026245117188,53016400
2025-06-10 00:00:00-04:00,595.0379370041686,598.2598779419187,593.9177485918233,597.873291015625,66247000
2025-06-11 00:00:00-04:00,598.9737360301211,599.8362200559476,594.0962297274801,596.1681518554688,73658200
2025-06-12 00:00:00-04:00,594.8297748594797,598.5374755859375,594.3440149953893,598.5374755859375,64129000
2025-06-13 00:00:00-04:00,593.3328138188501,596.6538671866508,590.338867810054,591.8457641601562,89506000
2025-06-16 00:00:00-04:00,595.2164006808653,599.2314224312138,595.0379014846701,597.4766845703125,79984100
2025-06-17 00:00:00-04:00,595.0280093001275,596.5546916720157,591.6077833451126,592.3711547851562,82209400
2025-06-18 00:00:00-04:00,593.2733488854554,596.0293161899417,591.3203254879343,592.281982421875,76605000
2025-06-20 00:00:00-04:00,594.9675241520906,596.041382049652,589.4789845501997,590.8909301757812,94051400
2025-06-23 00:00:00-04:00,591.6465733053511,597.1152078061239,588.5145735944315,596.7274780273438,87426000
2025-06-24 00:00:00-04:00,600.8836010096178,604.3834856367664,599.9688039561656,603.3196411132812,67735300
2025-06-25 00:00:00-04:00,604.4431877891288,605.1392079707367,602.086708265907,603.65771484375,62114800
2025-06-26 00:00:00-04:00,605.517034479532,608.8181084243395,604.9005750782753,608.380615234375,78548400
2025-06-27 00:00:00-04:00,609.3848675360332,612.8748603878714,607.3465704310272,611.4032592773438,86258400
2025-06-30 00:00:00-04:00,613.8592475033348,615.6887204777686,611.5325652115941,614.3265380859375,92502500
2025-07-01 00:00:00-04:00,612.8450033281383,615.3009489521946,612.0098276707645,614.127685546875,70030100
2025-07-02 00:00:00-04:00,613.7199664131181,616.9514321677677,613.0935543503272,616.9116821289062,66510400
2025-07-03 00:00:00-04:00,618.9002703953504,622.7084454552534,618.880365032573,621.7738037109375,51065800
2025-07-07 00:00:00-04:00,619.8050900817584,620.471312902668,614.3464081455963,617.140380859375,74814500
2025-07-08 00:00:00-04:00,617.8065573856337,618.5622329876766,615.9870371559156,616.8023681640625,59024600
2025-07-09 00:00:00-04:00,619.2184771119485,621.1573080723725,617.3690382262929,620.5010986328125,66113300
2025-07-10 00:00:00-04:00,620.6403419781,623.2950985850023,619.4571258490619,622.2510986328125,57529000
2025-07-11 00:00:00-04:00,619.1886122649546,621.2965174183169,617.9855515244625,620.0635986328125,63670200
2025-07-14 00:00:00-04:00,619.6061506560952,621.5947448449341,618.2539211725837,621.2467651367188,51898500
2025-07-15 00:00:00-04:00,623.9413645164026,624.2793915612978,618.5124802515571,618.592041015625,74317300
2025-07-16 00:00:00-04:00,620.1829130237127,621.1672575214722,614.5253596449445,620.66015625,88987500
2025-07-17 00:00:00-04:00,620.8391784397268,624.8163671275224,620.6204015046147,624.4583740234375,68885700
2025-07-18 00:00:00-04:00,625.7111996075373,625.8802131347736,622.8874296174818,624.0010375976562,65621600
2025-07-21 00:00:00-04:00,625.1842651367188,627.9384270926762,624.7567246264017,625.1842651367188,63375000
2025-07-22 00:00:00-04:00,625.5123643014988,626.1387764125508,622.6189860590433,625.2737426757812,60046300
2025-07-23 00:00:00-04:00,627.9483971288857,630.59326171875,626.1387689061065,630.59326171875,70511000
2025-07-24 00:00:00-04:00,630.9809681636451,632.5221773472229,630.3744614468128,630.802001953125,71307100
2025-07-25 00:00:00-04:00,631.4682494008442,633.9440397736063,631.2196750953526,633.4667358398438,56865400
2025-07-28 00:00:00-04:00,633.8445768779104,634.4013808975731,631.9156378299562,633.3076782226562,54917100
2025-07-29 00:00:00-04:00,634.7095511904303,635.0277335557481,630.7224706603868,631.63720703125,60556300
2025-07-30 00:00:00-04:00,632.2934318863223,634.0434045947875,627.9384054781906,630.841796875,80418900
2025-07-31 00:00:00-04:00,635.8133211591798,636.2010509521909,627.1728759033415,628.4754028320312,103385200
2025-08-01 00:00:00-04:00,622.7282752516747,622.7680859762785,615.7582427178595,618.1743774414062,140103600
2025-08-04 00:00:00-04:00,622.1018614509808,627.6201983240026,622.0124086950358,627.5704956054688,73218000
2025-08-05 00:00:00-04:00,628.1869551885334,629.0022861088522,623.4640438716077,624.3887329101562,68051400
2025-08-06 00:00:00-04:00,625.462617040701,629.8275961427472,624.5478806448895,629.17138671875,64357500
2025-08-07 00:00:00-04:00,632.6115839056886,633.347354057562,625.5222406525087,628.6443481445312,74205800
2025-08-08 00:00:00-04:00,630.4440623273716,634.0136158764692,630.125879949944,633.5462646484375,64051600
2025-08-11 00:00:00-04:00,633.824713555593,635.3062066703783,631.0406328520911,632.29345703125,58742300
2025-08-12 00:00:00-04:00,634.6499701667667,639.1839632015094,633.1585242910344,639.02490234375,64730800
2025-08-13 00:00:00-04:00,641.2321859855442,642.5049155421342,639.0149226306152,641.2123413085938,60092800
2025-08-14 00:00:00-04:00,639.1242567818475,641.9381347685223,638.6768716045066,641.27197265625,59327500
2025-08-15 00:00:00-04:00,642.3060757523746,642.4055418903916,638.8558933981693,639.7706298828125,68592500
2025-08-18 00:00:00-04:00,639.1938544805789,640.327367802147,638.5177396976476,639.63134765625,43804900
2025-08-19 00:00:00-04:00,639.4523760102862,640.4367204754008,634.8388226855677,636.1612548828125,69750700
2025-08-20 00:00:00-04:00,635.7536294439067,636.0120957287904,629.3404006137462,634.470947265625,88890300
2025-08-21 00:00:00-04:00,632.6514152909955,634.3317192031022,630.1954697904521,631.925537109375,54805800
2025-08-22 00:00:00-04:00,634.1230118894028,642.8131599802851,633.6159105915494,641.6299438476562,84083200
2025-08-25 00:00:00-04:00,640.3670840067143,641.6099553847616,638.6867194761113,638.8060302734375,51274300
2025-08-26 00:00:00-04:00,638.5376929659955,641.8288143683822,637.9112808564007,641.4807739257812,51581600
2025-08-27 00:00:00-04:00,640.8941330732226,643.6781530071313,640.7449642231398,642.9423828125,48341100
2025-08-28 00:00:00-04:00,643.548887361664,645.7761033013204,641.6597591604225,645.2192993164062,61519500
2025-08-29 00:00:00-04:00,643.777581165663,644.1455269630451,639.472317969575,641.3713989257812,74522200
2025-09-02 00:00:00-04:00,633.8644298326893,636.8373685858147,631.2991262066306,636.61865234375,81983500
2025-09-03 00:00:00-04:00,639.0049424066366,640.5361988813526,636.8075845104526,640.06884765625,70820900
2025-09-04 00:00:00-04:00,640.7449431803722,645.4480098993379,639.8401594892221,645.4181518554688,65219200
2025-09-05 00:00:00-04:00,647.7646994415851,648.4905776412766,639.6612139364762,643.5488891601562,85178900
2025-09-08 00:00:00-04:00,644.9209975333657,646.1340715853498,643.5389099622073,645.1298217773438,63133100
2025-09-09 00:00:00-04:00,645.2689866211995,647.148222783044,643.5289666240282,646.6212768554688,66133900
2025-09-10 00:00:00-04:00,649.8925329397852,650.8172220560821,646.9195940128865,648.4906005859375,78034500
2025-09-11 00:00:00-04:00,650.4493620868353,654.5757199134183,649.8627606991871,653.8796997070312,69934400
2025-09-12 00:00:00-04:00,653.8498075653706,655.3512060315065,653.1538480823614,653.660888671875,72780100
2025-09-15 00:00:00-04:00,655.8782140097094,657.2701936656516,655.5799369896564,657.1409301757812,63772400
2025-09-16 00:00:00-04:00,657.6977327581834,658.0060231465056,655.450672087237,656.2361450195312,61169000
2025-09-17 00:00:00-04:00,656.2461210913638,657.9463305061431,650.5686620900484,655.4208374023438,101952200
2025-09-18 00:00:00-04:00,658.1153912564865,661.0982828700095,656.5046346401509,658.4832763671875,90459200
2025-09-19 00:00:00-04:00,660.3786700487054,662.5921003065068,658.4244226642126,661.74462890625,97945600
2025-09-22 00:00:00-04:00,660.2490220888672,665.3239917254978,660.2190812650523,664.8753662109375,69452200
2025-09-23 00:00:00-04:00,664.7557113987294,665.3739407705357,660.0296859026699,661.256103515625,81708900
2025-09-24 00:00:00-04:00,662.5522091075384,662.6518901422049,657.7264420940938,659.1522216796875,68082200
2025-09-25 00:00:00-04:00,656.0016057727498,657.4672457066506,652.4819765077987,656.1112670898438,89622100
2025-09-26 00:00:00-04:00,657.5669862915963,660.4185456623683,655.9417836675868,659.8701782226562,69179200
2025-09-29 00:00:00-04:00,662.4026597035332,663.3199930316334,659.9100251593522,661.7246704101562,73499000
2025-09-30 00:00:00-04:00,660.976860345401,664.6859320813617,659.6607420426623,664.21728515625,86288000
2025-10-01 00:00:00-04:00,661.2161783670498,667.3979243492374,661.1065170498754,666.4806518554688,72545400
2025-10-02 00:00:00-04:00,668.4747085274895,668.5943501107935,664.8155382515555,667.248291015625,56896000
2025-10-03 00:00:00-04:00,668.0160736487628,670.6981508367895,666.1914481336265,667.2384033203125,70494400
2025-10-06 00:00:00-04:00,669.6412668959266,670.5286593813627,667.4876574687494,669.6312866210938,54623300
2025-10-07 00:00:00-04:00,670.5585274945992,671.0072138668005,665.7028804529681,667.1486206054688,72020100
2025-10-08 00:00:00-04:00,668.2753327277967,671.2266339865188,667.4477610054765,671.1268920898438,60702200
2025-10-09 00:00:00-04:00,671.5456907353398,671.9544560264949,667.2384109165724,669.1826171875,66501900
2025-10-10 00:00:00-04:00,670.1497521868876,671.9643973425017,650.9166069608107,651.0960693359375,159422600
2025-10-13 00:00:00-04:00,658.7036354539871,663.170417127303,657.8262232173948,661.0865478515625,79560500
2025-10-14 00:00:00-04:00,655.2338407773344,663.8683609233883,651.2456255038628,660.2789306640625,88779600
2025-10-15 00:00:00-04:00,664.855429242796,668.2553559603689,656.988660072404,663.2102661132812,81702600
2025-10-16 00:00:00-04:00,664.8554499895176,666.7398963555108,655.1740352792065,658.6936645507812,110563300
2025-10-17 00:00:00-04:00,657.5570092911896,663.7985760836355,656.2010306703355,662.4326171875,96500900
2025-10-20 00:00:00-04:00,665.3539499346838,670.2295576279439,665.3041094156895,669.3222045898438,60493400
2025-10-21 00:00:00-04:00,669.4617772299453,671.0071983826805,668.0060568363804,669.3121948242188,56249000
2025-10-22 00:00:00-04:00,670.0201576878661,670.0201576878661,661.3457774038759,665.83251953125,80564000
2025-10-23 00:00:00-04:00,666.1515932793667,670.7280970890292,665.8325287543602,669.7808837890625,65604500
2025-10-24 00:00:00-04:00,674.4670490970213,676.4710761570719,673.6594379369009,675.2546997070312,74356500
2025-10-27 00:00:00-04:00,680.7185156175003,683.5202343374859,680.1103274099472,683.2211303710938,63339800
2025-10-28 00:00:00-04:00,685.0257863269245,686.8802917495992,682.8123561492805,685.0357666015625,61738100
2025-10-29 00:00:00-04:00,686.6908448301914,687.6679989086465,680.8581046045199,685.3648071289062,85657100
2025-10-30 00:00:00-04:00,681.8851035842282,683.919071384824,677.8270874023438,677.8270874023438,76335800
2025-10-31 00:00:00-04:00,683.0217380676526,683.0616591685175,677.2388379885472,680.050537109375,87164100
2025-11-03 00:00:00-05:00,683.6498738048132,683.7794956694769,677.9367749059246,681.3267822265625,57315000
2025-11-04 00:00:00-05:00,674.1180423048241,677.9567360174515,672.5925816080086,673.2506103515625,78427000
2025-11-05 00:00:00-05:00,672.9913638051393,678.8540450990596,672.1837526501265,675.583740234375,74402400
2025-11-06 00:00:00-05:00,674.4769688014325,675.384321857154,666.7498016918889,668.3351440429688,85035300
2025-11-07 00:00:00-05:00,665.9421818455136,669.1028862313885,659.2619700189845,668.9931640625,100592400
2025-11-10 00:00:00-05:00,675.2447347362015,680.1701831536659,673.0412846911101,679.432373046875,75842900
2025-11-11 00:00:00-05:00,677.9467300747958,681.5560598909952,676.7302928180768,680.9877319335938,58953400
2025-11-12 00:00:00-05:00,682.7724572806613,682.9420002443612,678.9438047256676,681.3666381835938,62312500
2025-11-13 00:00:00-05:00,678.4950944095032,678.8540191634994,668.5445172010542,670.0599975585938,103457800
2025-11-14 00:00:00-05:00,663.4196879466924,673.669369761962,661.3159189526839,669.9503784179688,96846700
2025-11-17 00:00:00-05:00,667.7269573864955,671.7251529532939,660.2191128892804,663.7088012695312,90456100
2025-11-18 00:00:00-05:00,660.1493223141129,663.1604443809363,653.9277160969795,658.1353149414062,114467500
2025-11-19 00:00:00-05:00,658.8332701356088,665.3739409367662,656.8092216159307,660.6777954101562,94703000
2025-11-20 00:00:00-05:00,670.9274443593279,673.5696612658603,649.969414909385,650.6075439453125,165293500
2025-11-21 00:00:00-05:00,653.1200634979649,662.5920743656175,648.9324254696204,657.08837890625,123956200
2025-11-24 00:00:00-05:00,660.7375826041805,668.0858642133718,659.6408477705503,666.759765625,80437900
2025-11-25 00:00:00-05:00,666.6600618545837,674.2177464111714,662.5222643995295,673.03125,81077100
2025-11-26 00:00:00-05:00,675.6336030547216,679.6916195137131,674.7262499751725,677.6775512695312,71879600
2025-11-28 00:00:00-05:00,678.8540116786253,681.6557303234264,678.4950869285864,681.3765869140625,49212000
2025-12-01 00:00:00-05:00,676.8100876493213,680.9777652313311,676.7402865806703,678.2658081054688,61201200
2025-12-02 00:00:00-05:00,679.91089945233,681.8053259843603,677.3285642303521,679.5220947265625,62953800
2025-12-03 00:00:00-05:00,678.5648962284573,682.8920755410956,677.6874840363832,681.8751220703125,57238500
2025-12-04 00:00:00-05:00,683.2809493981625,683.3507504660292,679.3326553413237,682.3736572265625,61970300
2025-12-05 00:00:00-05:00,683.4504163312143,686.3618571461667,682.5630847287977,683.6697998046875,79241000
2025-12-08 00:00:00-05:00,684.5672069678625,684.6170474876437,679.5619773329797,681.6159057617188,55231500
2025-12-09 00:00:00-05:00,681.1373100558188,683.3707007727439,680.5789623765876,681.027587890625,58310100
2025-12-10 00:00:00-05:00,680.5490620813229,686.9401503769751,679.3027447895911,685.5443115234375,85671300
2025-12-11 00:00:00-05:00,683.1214313379483,687.2193077079016,680.1601500103427,687.1395263671875,86173700
2025-12-12 00:00:00-05:00,686.1424918468441,686.8504219479569,677.1690077077839,679.7514038085938,113160300
2025-12-15 00:00:00-05:00,683.7196756361553,683.7396361862291,677.2488060921288,678.7244262695312,90811000
2025-12-16 00:00:00-05:00,677.2288588584025,679.0734449717613,672.9913800472318,676.8699340820312,122030600
2025-12-17 00:00:00-05:00,677.8869129385677,678.4352803496147,669.2225131069573,669.4219360351562,110625200
2025-12-18 00:00:00-05:00,675.603604329658,678.7343677454887,672.9116078583543,674.4769287109375,108650100
2025-12-19 00:00:00-05:00,676.5900268554688,681.0900268554688,676.469970703125,680.5900268554688,103599500
2025-12-22 00:00:00-05:00,683.9400024414062,685.3599853515625,680.5900268554688,684.8300170898438,69556700
2025-12-23 00:00:00-05:00,683.9199829101562,688.2000122070312,683.8699951171875,687.9600219726562,64840000
2025-12-24 00:00:00-05:00,687.9500122070312,690.8300170898438,687.7999877929688,690.3800048828125,39445600
2025-12-26 00:00:00-05:00,690.6400146484375,691.6599731445312,689.27001953125,690.3099975585938,41613300
2025-12-29 00:00:00-05:00,687.5399780273438,689.2000122070312,686.0700073242188,687.8499755859375,62559500
2025-12-30 00:00:00-05:00,687.4500122070312,688.5599975585938,686.5800170898438,687.010009765625,47160700
2025-12-31 00:00:00-05:00,687.1400146484375,687.3599853515625,681.7100219726562,681.9199829101562,74144800
2026-01-02 00:00:00-05:00,685.7100219726562,686.8699951171875,679.8200073242188,683.1699829101562,89377200
2026-01-05 00:00:00-05:00,686.5399780273438,689.4299926757812,686.3800048828125,687.719970703125,71927200
2026-01-06 00:00:00-05:00,687.9299926757812,692.3200073242188,687.780029296875,691.8099975585938,69273800
2026-01-07 00:00:00-05:00,692.1900024414062,693.9600219726562,689.3200073242188,689.5800170898438,75588300
2026-01-08 00:00:00-05:00,688.8200073242188,690.6199951171875,687.489990234375,689.510009765625,64019200
2026-01-09 00:00:00-05:00,690.6300048828125,695.3099975585938,689.1799926757812,694.0700073242188,80049600
